     0                                   ;;; %define __?FILE?__ 
     0                                   ;;; %define __?LINE?__ 
     0                                   ;;; %define __?BITS?__ 
     0                                   ;;; %define __?PTR?__ 
     0                                   ;;; %define __?PASS?__ 2
     0                              <1> %define __?SECT?__
     0                              <1>  ;;; %define __?SECT?__ 
     0                              <1> %defalias __SECT__ __?SECT?__
     0                              <1>  ;;; %defalias __SECT__ __?SECT?__
     0                              <1> %imacro section 1+.nolist
     0                              <1> %define __?SECT?__ [section %1]
     0                              <1> __?SECT?__
     0                              <1> %endmacro 
     0                              <1> %imacro segment 1+.nolist
     0                              <1> %define __?SECT?__ [segment %1]
     0                              <1> __?SECT?__
     0                              <1> %endmacro 
     0                              <1> %define __?SECTALIGN_ALIGN_UPDATES_SECTION?__ 1
     0                              <1>  ;;; %define __?SECTALIGN_ALIGN_UPDATES_SECTION?__ 1
     0                              <1> %imacro sectalign 1+.nolist
     0                              <1> %ifidni %1,off
     0                              <1> %define __?SECTALIGN_ALIGN_UPDATES_SECTION?__ 0
     0                              <1> %elifidni %1,on
     0                              <1> %define __?SECTALIGN_ALIGN_UPDATES_SECTION?__ 1
     0                              <1> %else 
     0                              <1> [sectalign %1]
     0                              <1> %endif 
     0                              <1> %endmacro 
     0                              <1> %defalias __SECTALIGN_ALIGN_UPDATES_SECTION__ __?SECTALIGN_ALIGN_UPDATES_SECTION?__
     0                              <1>  ;;; %defalias __SECTALIGN_ALIGN_UPDATES_SECTION__ __?SECTALIGN_ALIGN_UPDATES_SECTION?__
     0                              <1> %imacro absolute 1+.nolist
     0                              <1> %define __?SECT?__ [absolute %1]
     0                              <1> __?SECT?__
     0                              <1> %endmacro 
     0                              <1> %imacro struc 1-2.nolist 0
     0                              <1> %push 
     0                              <1> %define %$strucname %1
     0                              <1> [absolute %2]
     0                              <1> %$strucname:
     0                              <1> %endmacro 
     0                              <1> %imacro endstruc 0.nolist
     0                              <1> %{$strucname}_size equ ($-%$strucname)
     0                              <1> %pop 
     0                              <1> __?SECT?__
     0                              <1> %endmacro 
     0                              <1> %imacro istruc 1.nolist
     0                              <1> %push 
     0                              <1> %define %$strucname %1
     0                              <1> %$strucstart:
     0                              <1> %endmacro 
     0                              <1> %imacro at 1-2+.nolist
     0                              <1> times (%1-%$strucname)-($-%$strucstart) db 0
     0                              <1> %2
     0                              <1> %endmacro 
     0                              <1> %imacro iend 0.nolist
     0                              <1> times %{$strucname}_size-($-%$strucstart) db 0
     0                              <1> %pop 
     0                              <1> %endmacro 
     0                              <1> %imacro align 1-2+.nolist nop
     0                              <1> %if __?SECTALIGN_ALIGN_UPDATES_SECTION?__
     0                              <1> sectalign %1
     0                              <1> %endif 
     0                              <1> times (((%1) - (($-$$) % (%1))) % (%1)) %2
     0                              <1> %endmacro 
     0                              <1> %imacro alignb 1-2+.nolist
     0                              <1> %if __?SECTALIGN_ALIGN_UPDATES_SECTION?__
     0                              <1> sectalign %1
     0                              <1> %endif 
     0                              <1> %ifempty %2
     0                              <1> [warning push]
     0                              <1> [warning -zeroing]
     0                              <1> resb (((%1) - (($-$$) % (%1))) % (%1))
     0                              <1> [warning pop]
     0                              <1> %else 
     0                              <1> times (((%1) - (($-$$) % (%1))) % (%1)) %2
     0                              <1> %endif 
     0                              <1> %endmacro 
     0                              <1> %imacro bits 1+.nolist
     0                              <1> [bits %1]
     0                              <1> %endmacro 
     0                              <1> %imacro use16 0.nolist
     0                              <1> [bits 16]
     0                              <1> %endmacro 
     0                              <1> %imacro use32 0.nolist
     0                              <1> [bits 32]
     0                              <1> %endmacro 
     0                              <1> %imacro use64 0.nolist
     0                              <1> [bits 64]
     0                              <1> %endmacro 
     0                              <1> %imacro extern 1-*.nolist
     0                              <1> %rep %0
     0                              <1> [extern %1]
     0                              <1> %rotate 1
     0                              <1> %endrep 
     0                              <1> %endmacro 
     0                              <1> %imacro static 1-*.nolist
     0                              <1> %rep %0
     0                              <1> [static %1]
     0                              <1> %rotate 1
     0                              <1> %endrep 
     0                              <1> %endmacro 
     0                              <1> %imacro global 1-*.nolist
     0                              <1> %rep %0
     0                              <1> [global %1]
     0                              <1> %rotate 1
     0                              <1> %endrep 
     0                              <1> %endmacro 
     0                              <1> %imacro required 1-*.nolist
     0                              <1> %rep %0
     0                              <1> [required %1]
     0                              <1> %rotate 1
     0                              <1> %endrep 
     0                              <1> %endmacro 
     0                              <1> %imacro common 1-*.nolist
     0                              <1> %rep %0
     0                              <1> [common %1]
     0                              <1> %rotate 1
     0                              <1> %endrep 
     0                              <1> %endmacro 
     0                              <1> %imacro cpu 1+.nolist
     0                              <1> [cpu %1]
     0                              <1> %endmacro 
     0                              <1> %define __?FLOAT_DAZ?__ nodaz
     0                              <1>  ;;; %define __?FLOAT_DAZ?__ nodaz
     0                              <1> %define __?FLOAT_ROUND?__ near
     0                              <1>  ;;; %define __?FLOAT_ROUND?__ near
     0                              <1> %define __?FLOAT?__ __?FLOAT_DAZ?__,__?FLOAT_ROUND?__
     0                              <1>  ;;; %define __?FLOAT?__ __?FLOAT_DAZ?__,__?FLOAT_ROUND?__
     0                              <1> %defalias __FLOAT_DAZ__ __?FLOAT_DAZ?__
     0                              <1>  ;;; %defalias __FLOAT_DAZ__ __?FLOAT_DAZ?__
     0                              <1> %defalias __FLOAT_ROUND__ __?FLOAT_ROUND?__
     0                              <1>  ;;; %defalias __FLOAT_ROUND__ __?FLOAT_ROUND?__
     0                              <1> %defalias __FLOAT__ __?FLOAT?__
     0                              <1>  ;;; %defalias __FLOAT__ __?FLOAT?__
     0                              <1> %imacro float 1-*.nolist
     0                              <1> %rep %0
     0                              <1> [float %1]
     0                              <1> %ifidni %1,daz
     0                              <1> %define __?FLOAT_DAZ?__ daz
     0                              <1> %elifidni %1,nodaz
     0                              <1> %define __?FLOAT_DAZ?__ nodaz
     0                              <1> %elifidni %1,near
     0                              <1> %define __?FLOAT_ROUND?__ near
     0                              <1> %elifidni %1,up
     0                              <1> %define __?FLOAT_ROUND?__ up
     0                              <1> %elifidni %1,down
     0                              <1> %define __?FLOAT_ROUND?__ down
     0                              <1> %elifidni %1,zero
     0                              <1> %define __?FLOAT_ROUND?__ zero
     0                              <1> %elifidni %1,default
     0                              <1> %define __?FLOAT_DAZ?__ nodaz
     0                              <1> %define __?FLOAT_ROUND?__ near
     0                              <1> %endif 
     0                              <1> %rotate 1
     0                              <1> %endrep 
     0                              <1> %endmacro 
     0                              <1> %imacro default 1+.nolist
     0                              <1> [default %1]
     0                              <1> %endmacro 
     0                              <1> %imacro userel 0.nolist
     0                              <1> [default rel]
     0                              <1> %endmacro 
     0                              <1> %imacro useabs 0.nolist
     0                              <1> [default abs]
     0                              <1> %endmacro 
     0                              <1> %imacro usebnd 0.nolist
     0                              <1> [default bnd]
     0                              <1> %endmacro 
     0                              <1> %imacro usenobnd 0.nolist
     0                              <1> [default nobnd]
     0                              <1> %endmacro 
     0                              <1> %imacro incbin 1-2+.nolist 0
     0                              <1> %push 
     0                              <1> %pathsearch %$dep %1
     0                              <1> %depend %$dep
     0                              <1> %? %$dep,%2
     0                              <1> %pop 
     0                              <1> %endmacro 
     0                              <1> %defalias __NASM_MAJOR__ __?NASM_MAJOR?__
     0                              <1>  ;;; %defalias __NASM_MAJOR__ __?NASM_MAJOR?__
     0                              <1> %defalias __NASM_MINOR__ __?NASM_MINOR?__
     0                              <1>  ;;; %defalias __NASM_MINOR__ __?NASM_MINOR?__
     0                              <1> %defalias __NASM_SUBMINOR__ __?NASM_SUBMINOR?__
     0                              <1>  ;;; %defalias __NASM_SUBMINOR__ __?NASM_SUBMINOR?__
     0                              <1> %defalias __NASM_PATCHLEVEL__ __?NASM_PATCHLEVEL?__
     0                              <1>  ;;; %defalias __NASM_PATCHLEVEL__ __?NASM_PATCHLEVEL?__
     0                              <1> %defalias __NASM_SNAPSHOT__ __?NASM_SNAPSHOT?__
     0                              <1>  ;;; %defalias __NASM_SNAPSHOT__ __?NASM_SNAPSHOT?__
     0                              <1> %defalias __NASM_VERSION_ID__ __?NASM_VERSION_ID?__
     0                              <1>  ;;; %defalias __NASM_VERSION_ID__ __?NASM_VERSION_ID?__
     0                              <1> %defalias __NASM_VER__ __?NASM_VER?__
     0                              <1>  ;;; %defalias __NASM_VER__ __?NASM_VER?__
     0                              <1> %defalias __OUTPUT_FORMAT__ __?OUTPUT_FORMAT?__
     0                              <1>  ;;; %defalias __OUTPUT_FORMAT__ __?OUTPUT_FORMAT?__
     0                              <1> %defalias __DEBUG_FORMAT__ __?DEBUG_FORMAT?__
     0                              <1>  ;;; %defalias __DEBUG_FORMAT__ __?DEBUG_FORMAT?__
     0                              <1> %defalias __DATE__ __?DATE?__
     0                              <1>  ;;; %defalias __DATE__ __?DATE?__
     0                              <1> %defalias __DATE_NUM__ __?DATE_NUM?__
     0                              <1>  ;;; %defalias __DATE_NUM__ __?DATE_NUM?__
     0                              <1> %defalias __TIME__ __?TIME?__
     0                              <1>  ;;; %defalias __TIME__ __?TIME?__
     0                              <1> %defalias __TIME_NUM__ __?TIME_NUM?__
     0                              <1>  ;;; %defalias __TIME_NUM__ __?TIME_NUM?__
     0                              <1> %defalias __UTC_DATE__ __?UTC_DATE?__
     0                              <1>  ;;; %defalias __UTC_DATE__ __?UTC_DATE?__
     0                              <1> %defalias __UTC_DATE_NUM__ __?UTC_DATE_NUM?__
     0                              <1>  ;;; %defalias __UTC_DATE_NUM__ __?UTC_DATE_NUM?__
     0                              <1> %defalias __UTC_TIME__ __?UTC_TIME?__
     0                              <1>  ;;; %defalias __UTC_TIME__ __?UTC_TIME?__
     0                              <1> %defalias __UTC_TIME_NUM__ __?UTC_TIME_NUM?__
     0                              <1>  ;;; %defalias __UTC_TIME_NUM__ __?UTC_TIME_NUM?__
     0                              <1> %defalias __POSIX_TIME__ __?POSIX_TIME?__
     0                              <1>  ;;; %defalias __POSIX_TIME__ __?POSIX_TIME?__
     0                              <1> %defalias __FILE__ __?FILE?__
     0                              <1>  ;;; %defalias __FILE__ __?FILE?__
     0                              <1> %defalias __LINE__ __?LINE?__
     0                              <1>  ;;; %defalias __LINE__ __?LINE?__
     0                              <1> %defalias __BITS__ __?BITS?__
     0                              <1>  ;;; %defalias __BITS__ __?BITS?__
     0                              <1> %defalias __PTR__ __?PTR?__
     0                              <1>  ;;; %defalias __PTR__ __?PTR?__
     0                              <1> %defalias __PASS__ __?PASS?__
     0                              <1>  ;;; %defalias __PASS__ __?PASS?__
     0                              <1> %idefine __?infinity?__ %?
     0                              <1>  ;;; %idefine __?infinity?__ %?
     0                              <1> %idefine __?nan?__ %?
     0                              <1>  ;;; %idefine __?nan?__ %?
     0                              <1> %idefine __?qnan?__ %?
     0                              <1>  ;;; %idefine __?qnan?__ %?
     0                              <1> %idefine __?snan?__ %?
     0                              <1>  ;;; %idefine __?snan?__ %?
     0                              <1> %idefine __?float8?__ %?
     0                              <1>  ;;; %idefine __?float8?__ %?
     0                              <1> %idefine __?float16?__ %?
     0                              <1>  ;;; %idefine __?float16?__ %?
     0                              <1> %idefine __?float32?__ %?
     0                              <1>  ;;; %idefine __?float32?__ %?
     0                              <1> %idefine __?float64?__ %?
     0                              <1>  ;;; %idefine __?float64?__ %?
     0                              <1> %idefine __?float80m?__ %?
     0                              <1>  ;;; %idefine __?float80m?__ %?
     0                              <1> %idefine __?float80e?__ %?
     0                              <1>  ;;; %idefine __?float80e?__ %?
     0                              <1> %idefine __?float128l?__ %?
     0                              <1>  ;;; %idefine __?float128l?__ %?
     0                              <1> %idefine __?float128h?__ %?
     0                              <1>  ;;; %idefine __?float128h?__ %?
     0                              <1> %idefine __?utf16?__ %?
     0                              <1>  ;;; %idefine __?utf16?__ %?
     0                              <1> %idefine __?utf16le?__ %?
     0                              <1>  ;;; %idefine __?utf16le?__ %?
     0                              <1> %idefine __?utf16be?__ %?
     0                              <1>  ;;; %idefine __?utf16be?__ %?
     0                              <1> %idefine __?utf32?__ %?
     0                              <1>  ;;; %idefine __?utf32?__ %?
     0                              <1> %idefine __?utf32le?__ %?
     0                              <1>  ;;; %idefine __?utf32le?__ %?
     0                              <1> %idefine __?utf32be?__ %?
     0                              <1>  ;;; %idefine __?utf32be?__ %?
     0                              <1> %idefine __?ilog2e?__ %?
     0                              <1>  ;;; %idefine __?ilog2e?__ %?
     0                              <1> %idefine __?ilog2w?__ %?
     0                              <1>  ;;; %idefine __?ilog2w?__ %?
     0                              <1> %idefine __?ilog2f?__ %?
     0                              <1>  ;;; %idefine __?ilog2f?__ %?
     0                              <1> %idefine __?ilog2c?__ %?
     0                              <1>  ;;; %idefine __?ilog2c?__ %?
     0                              <1> %idefalias __infinity__ __?infinity?__
     0                              <1>  ;;; %idefalias __infinity__ __?infinity?__
     0                              <1> %idefalias __nan__ __?nan?__
     0                              <1>  ;;; %idefalias __nan__ __?nan?__
     0                              <1> %idefalias __qnan__ __?qnan?__
     0                              <1>  ;;; %idefalias __qnan__ __?qnan?__
     0                              <1> %idefalias __snan__ __?snan?__
     0                              <1>  ;;; %idefalias __snan__ __?snan?__
     0                              <1> %idefalias __float8__ __?float8?__
     0                              <1>  ;;; %idefalias __float8__ __?float8?__
     0                              <1> %idefalias __float16__ __?float16?__
     0                              <1>  ;;; %idefalias __float16__ __?float16?__
     0                              <1> %idefalias __float32__ __?float32?__
     0                              <1>  ;;; %idefalias __float32__ __?float32?__
     0                              <1> %idefalias __float64__ __?float64?__
     0                              <1>  ;;; %idefalias __float64__ __?float64?__
     0                              <1> %idefalias __float80m__ __?float80m?__
     0                              <1>  ;;; %idefalias __float80m__ __?float80m?__
     0                              <1> %idefalias __float80e__ __?float80e?__
     0                              <1>  ;;; %idefalias __float80e__ __?float80e?__
     0                              <1> %idefalias __float128l__ __?float128l?__
     0                              <1>  ;;; %idefalias __float128l__ __?float128l?__
     0                              <1> %idefalias __float128h__ __?float128h?__
     0                              <1>  ;;; %idefalias __float128h__ __?float128h?__
     0                              <1> %idefalias __utf16__ __?utf16?__
     0                              <1>  ;;; %idefalias __utf16__ __?utf16?__
     0                              <1> %idefalias __utf16le__ __?utf16le?__
     0                              <1>  ;;; %idefalias __utf16le__ __?utf16le?__
     0                              <1> %idefalias __utf16be__ __?utf16be?__
     0                              <1>  ;;; %idefalias __utf16be__ __?utf16be?__
     0                              <1> %idefalias __utf32__ __?utf32?__
     0                              <1>  ;;; %idefalias __utf32__ __?utf32?__
     0                              <1> %idefalias __utf32le__ __?utf32le?__
     0                              <1>  ;;; %idefalias __utf32le__ __?utf32le?__
     0                              <1> %idefalias __utf32be__ __?utf32be?__
     0                              <1>  ;;; %idefalias __utf32be__ __?utf32be?__
     0                              <1> %idefalias __ilog2e__ __?ilog2e?__
     0                              <1>  ;;; %idefalias __ilog2e__ __?ilog2e?__
     0                              <1> %idefalias __ilog2w__ __?ilog2w?__
     0                              <1>  ;;; %idefalias __ilog2w__ __?ilog2w?__
     0                              <1> %idefalias __ilog2f__ __?ilog2f?__
     0                              <1>  ;;; %idefalias __ilog2f__ __?ilog2f?__
     0                              <1> %idefalias __ilog2c__ __?ilog2c?__
     0                              <1>  ;;; %idefalias __ilog2c__ __?ilog2c?__
     0                              <1> %define __?NASM_MAJOR?__ 2
     0                              <1>  ;;; %define __?NASM_MAJOR?__ 2
     0                              <1> %define __?NASM_MINOR?__ 15
     0                              <1>  ;;; %define __?NASM_MINOR?__ 15
     0                              <1> %define __?NASM_SUBMINOR?__ 3
     0                              <1>  ;;; %define __?NASM_SUBMINOR?__ 3
     0                              <1> %define __?NASM_PATCHLEVEL?__ 0
     0                              <1>  ;;; %define __?NASM_PATCHLEVEL?__ 0
     0                              <1> %define __?NASM_VERSION_ID?__ 0020F0300h
     0                              <1>  ;;; %define __?NASM_VERSION_ID?__ 0020F0300h
     0                              <1> %define __?NASM_VER?__ "2.15.03"
     0                              <1>  ;;; %define __?NASM_VER?__ "2.15.03"
     0                              <1> %define __?SECT?__ [section .text]
     0                              <1>  ;;; %define __?SECT?__ [section .text]
     0                              <1> %macro __?NASM_CDecl?__ 1
     0                              <1> %endmacro 
     0                              <1> %imacro export 1+.nolist
     0                              <1> [export %1]
     0                              <1> %endmacro 
     0                              <1> %imacro safeseh 1.nolist
     0                              <1> [safeseh %1]
     0                              <1> %endmacro 
     0                              <1> %define __?DATE?__ "2025-10-20"
     0                              <1>  ;;; %define __?DATE?__ "2025-10-20"
     0                              <1> %define __?DATE_NUM?__ 20251020
     0                              <1>  ;;; %define __?DATE_NUM?__ 20251020
     0                              <1> %define __?TIME?__ "11:05:43"
     0                              <1>  ;;; %define __?TIME?__ "11:05:43"
     0                              <1> %define __?TIME_NUM?__ 110543
     0                              <1>  ;;; %define __?TIME_NUM?__ 110543
     0                              <1> %define __?UTC_DATE?__ "2025-10-20"
     0                              <1>  ;;; %define __?UTC_DATE?__ "2025-10-20"
     0                              <1> %define __?UTC_DATE_NUM?__ 20251020
     0                              <1>  ;;; %define __?UTC_DATE_NUM?__ 20251020
     0                              <1> %define __?UTC_TIME?__ "18:05:43"
     0                              <1>  ;;; %define __?UTC_TIME?__ "18:05:43"
     0                              <1> %define __?UTC_TIME_NUM?__ 180543
     0                              <1>  ;;; %define __?UTC_TIME_NUM?__ 180543
     0                              <1> %define __?POSIX_TIME?__ 1760983543
     0                              <1>  ;;; %define __?POSIX_TIME?__ 1760983543
     0                              <1> %define __?OUTPUT_FORMAT?__ win64
     0                              <1>  ;;; %define __?OUTPUT_FORMAT?__ win64
     0                              <1> %define __ASM__ 1
     0                              <1>  ;;; %define __ASM__ 1
     0                              <1> %define MKF_ENGINEERING 1
     0                              <1>  ;;; %define MKF_ENGINEERING 1
     0                              <1> %define ACM_TYPE AC_BIOSAC
     0                              <1>  ;;; %define ACM_TYPE AC_BIOSAC
     0                              <1> %define MCP_SHADOW_STACK_GAP 0
     0                              <1>  ;;; %define MCP_SHADOW_STACK_GAP 0
     0                              <1> %define MCP_STACK_GAP (16 + 0)
     0                              <1>  ;;; %define MCP_STACK_GAP (16 + 0)
     1                                  ; Copyright (C) 2023 Intel Corporation                                          
     2                                  ;                                                                               
     3                                  ; Permission is hereby granted, free of charge, to any person obtaining a copy  
     4                                  ; of this software and associated documentation files (the "Software"),         
     5                                  ; to deal in the Software without restriction, including without limitation     
     6                                  ; the rights to use, copy, modify, merge, publish, distribute, sublicense,      
     7                                  ; and/or sell copies of the Software, and to permit persons to whom             
     8                                  ; the Software is furnished to do so, subject to the following conditions:      
     9                                  ;                                                                               
    10                                  ; The above copyright notice and this permission notice shall be included       
    11                                  ; in all copies or substantial portions of the Software.                        
    12                                  ;                                                                               
    13                                  ; THE SOFTWARE IS PROVIDED "AS IS", WITHOUT WARRANTY OF ANY KIND, EXPRESS       
    14                                  ; OR IMPLIED, INCLUDING BUT NOT LIMITED TO THE WARRANTIES OF MERCHANTABILITY,   
    15                                  ; FITNESS FOR A PARTICULAR PURPOSE AND NONINFRINGEMENT.  IN NO EVENT SHALL      
    16                                  ; THE AUTHORS OR COPYRIGHT HOLDERS BE LIABLE FOR ANY CLAIM, DAMAGES             
    17                                  ; OR OTHER LIABILITY, WHETHER IN AN ACTION OF CONTRACT, TORT OR OTHERWISE,      
    18                                  ; ARISING FROM, OUT OF OR IN CONNECTION WITH THE SOFTWARE OR THE USE            
    19                                  ; OR OTHER DEALINGS IN THE SOFTWARE.                                            
    20                                  ;                                                                               
    21                                  ; SPDX-License-Identifier: MIT
    22                                  
    23                                  ;---------------------------------------------------------------------------
    24                                  
    25                                  %include "AcmCom_NASM.inc"
    26                              <1> ;**********************************************************************;
    27                              <1> ;*                                                                    *;
    28                              <1> ;* Intel Proprietary                                                  *;
    29                              <1> ;*                                                                    *;
    30                              <1> ;* Copyright 2021 Intel Corporation All Rights Reserved.              *;
    31                              <1> ;*                                                                    *;
    32                              <1> ;* Your use of this software is governed by the TDX Source Code       *;
    33                              <1> ;* LIMITED USE LICENSE.                                               *;
    34                              <1> ;*                                                                    *;
    35                              <1> ;* The Materials are provided "as is," without any express or         *;
    36                              <1> ;* implied warranty of any kind including warranties of               *;
    37                              <1> ;* merchantability, non-infringement, title, or fitness for a         *;
    38                              <1> ;* particular purpose.                                                *;
    39                              <1> ;*                                                                    *;
    40                              <1> ;**********************************************************************;
    41                              <1> 
    42                              <1> %ifndef ACMCOM_EQU
    43                              <1> %define ACMCOM_EQU 0
    43                              <1>  ;;; %define ACMCOM_EQU 0
    44                              <1> 
    45                              <1> 
    46                              <1> ;;;;;;;;;;;;;;;;;;;;;;;;;;;;;;;;;;;;;;;;;;;;;;;;;;;;;;;;;;;;;;;;
    47                              <1> ;                       MACROS
    48                              <1> ;;;;;;;;;;;;;;;;;;;;;;;;;;;;;;;;;;;;;;;;;;;;;;;;;;;;;;;;;;;;;;;;
    49                              <1> 
    50                              <1> %define CR0_PG                             0x80000000
    50                              <1>  ;;; %define CR0_PG 0x80000000
    51                              <1> %define CR4_PAE                            0x20
    51                              <1>  ;;; %define CR4_PAE 0x20
    52                              <1> %define CR4_PSE                            0x10
    52                              <1>  ;;; %define CR4_PSE 0x10
    53                              <1> %define PAGE4K                             0x1000
    53                              <1>  ;;; %define PAGE4K 0x1000
    54                              <1> %define _1KB                               0x400
    54                              <1>  ;;; %define _1KB 0x400
    55                              <1> %define _2KB                               0x800
    55                              <1>  ;;; %define _2KB 0x800
    56                              <1> %define _4KB                               0x1000
    56                              <1>  ;;; %define _4KB 0x1000
    57                              <1> %define _4KB_MASK                          (  ~  ( _4KB - 1 ) )
    57                              <1>  ;;; %define _4KB_MASK ( ~ ( _4KB - 1 ) )
    58                              <1> %define IA32_EFER_MSR                      0xC0000080
    58                              <1>  ;;; %define IA32_EFER_MSR 0xC0000080
    59                              <1> %define LME                                0x100
    59                              <1>  ;;; %define LME 0x100
    60                              <1> %define YMM_REG_QWORDS                     4
    60                              <1>  ;;; %define YMM_REG_QWORDS 4
    61                              <1> %define LT_PUB_BASE                        0xFED30000
    61                              <1>  ;;; %define LT_PUB_BASE 0xFED30000
    62                              <1> %define _64KB                              0x10000
    62                              <1>  ;;; %define _64KB 0x10000
    63                              <1> %define LT_PRV_BASE                        0xFED20000
    63                              <1>  ;;; %define LT_PRV_BASE 0xFED20000
    64                              <1> %define BIT0                               0x1
    64                              <1>  ;;; %define BIT0 0x1
    65                              <1> %define BIT8                               0x100
    65                              <1>  ;;; %define BIT8 0x100
    66                              <1> %define BIT11                              0x800
    66                              <1>  ;;; %define BIT11 0x800
    67                              <1> %define CRASH_CODE_VALID                   0x80000000
    67                              <1>  ;;; %define CRASH_CODE_VALID 0x80000000
    68                              <1> %define MSR_CORE_THREAD_COUNT              0x35          ;Can be removed
    68                              <1>  ;;; %define MSR_CORE_THREAD_COUNT 0x35
    69                              <1> %define MSR_SMRR_PHYMASK                   0x1F3          ;Can be removed
    69                              <1>  ;;; %define MSR_SMRR_PHYMASK 0x1F3
    70                              <1> %define ACM_CODE64_SELECTOR                24
    70                              <1>  ;;; %define ACM_CODE64_SELECTOR 24
    71                              <1> %define CRASH_CODE_SW_GENERATED            0x40000000
    71                              <1>  ;;; %define CRASH_CODE_SW_GENERATED 0x40000000
    72                              <1> %define AC_BIOSAC                          0
    72                              <1>  ;;; %define AC_BIOSAC 0
    73                              <1> %define AC_SINIT                           1
    73                              <1>  ;;; %define AC_SINIT 1
    74                              <1> %define ERR_RLP_TIMEOUT                    1
    74                              <1>  ;;; %define ERR_RLP_TIMEOUT 1
    75                              <1> %define ERR_RLP_SMRR_CONFIG                3
    75                              <1>  ;;; %define ERR_RLP_SMRR_CONFIG 3
    76                              <1> %define ERR_RLP_SMRR2_CONFIG               4
    76                              <1>  ;;; %define ERR_RLP_SMRR2_CONFIG 4
    77                              <1> %define CLASS_ACM_EXIT                     7
    77                              <1>  ;;; %define CLASS_ACM_EXIT 7
    78                              <1> %define CLASS_INTERNAL_ERRORS              0x20
    78                              <1>  ;;; %define CLASS_INTERNAL_ERRORS 0x20
    79                              <1> %define ERR_SHADOW_STACK                   1
    79                              <1>  ;;; %define ERR_SHADOW_STACK 1
    80                              <1> %define MSR_IA32_BIOS_SIGN_ID              0x8B
    80                              <1>  ;;; %define MSR_IA32_BIOS_SIGN_ID 0x8B
    81                              <1> %define ERR_NO_RLP_UCODE_UPDATE            2
    81                              <1>  ;;; %define ERR_NO_RLP_UCODE_UPDATE 2
    82                              <1> %define MSR_SMRR_PHYMASK                   0x1F3
    82                              <1>  ;;; %define MSR_SMRR_PHYMASK 0x1F3
    83                              <1> %define MSR_SMRR2_PHYMASK                  0x1F7
    83                              <1>  ;;; %define MSR_SMRR2_PHYMASK 0x1F7
    84                              <1> %define MSR_SMRR2_PHYBASE                  0x1F6
    84                              <1>  ;;; %define MSR_SMRR2_PHYBASE 0x1F6
    85                              <1> %define MSR_IA32_MISC_ENABLES              0x1A0
    85                              <1>  ;;; %define MSR_IA32_MISC_ENABLES 0x1A0
    86                              <1> %define BIT18                              0x40000
    86                              <1>  ;;; %define BIT18 0x40000
    87                              <1> %define GDT_SIZE                           32
    87                              <1>  ;;; %define GDT_SIZE 32
    88                              <1> %define ACM_CODE_SELECTOR                  8
    88                              <1>  ;;; %define ACM_CODE_SELECTOR 8
    89                              <1> %define EXITAC                             3
    89                              <1>  ;;; %define EXITAC 3
    90                              <1> %define SENTER                             4
    90                              <1>  ;;; %define SENTER 4
    91                              <1> %define SEXIT                              5
    91                              <1>  ;;; %define SEXIT 5
    92                              <1> %define WAKEUP                             8
    92                              <1>  ;;; %define WAKEUP 8
    93                              <1> %define _8KB                               0x2000
    93                              <1>  ;;; %define _8KB 0x2000
    94                              <1> %define MSR_SMRR_PHYBASE                   0x1F2
    94                              <1>  ;;; %define MSR_SMRR_PHYBASE 0x1F2
    95                              <1> %define ACM_DATA_SELECTOR                  16
    95                              <1>  ;;; %define ACM_DATA_SELECTOR 16
    96                              <1> %define PORT80                             0x80
    96                              <1>  ;;; %define PORT80 0x80
    97                              <1> %define LBL_ACM                            0x1
    97                              <1>  ;;; %define LBL_ACM 0x1
    98                              <1> %define RFA_VALID                          0x8000
    98                              <1>  ;;; %define RFA_VALID 0x8000
    99                              <1> %define IDT32GATE_INIT_1                   0x8E00
    99                              <1>  ;;; %define IDT32GATE_INIT_1 0x8E00
   100                              <1> %define VACANT                             0x00
   100                              <1>  ;;; %define VACANT 0x00
   101                              <1> %define NOT_VACANT                         0x0ff
   101                              <1>  ;;; %define NOT_VACANT 0x0ff
   102                              <1> %define CR4_PGE                            (1 << 7)
   102                              <1>  ;;; %define CR4_PGE (1 << 7)
   103                              <1> %define ENTERACCS				           2
   103                              <1>  ;;; %define ENTERACCS 2
   104                              <1> %define MSR_BIOS_SE_SVN                    0x302
   104                              <1>  ;;; %define MSR_BIOS_SE_SVN 0x302
   105                              <1> %define MSR_BIOS_DONE    			       0x151
   105                              <1>  ;;; %define MSR_BIOS_DONE 0x151
   106                              <1> %define MSR_PLATFORM_INFO    			   0xCE
   106                              <1>  ;;; %define MSR_PLATFORM_INFO 0xCE
   107                              <1> %define MSR_PLATFORM_INFO_SAMPLE_PART	   (1 << 27)
   107                              <1>  ;;; %define MSR_PLATFORM_INFO_SAMPLE_PART (1 << 27)
   108                              <1> %define CR0_WP                             (1 << 16)
   108                              <1>  ;;; %define CR0_WP (1 << 16)
   109                              <1> %define CR4_PAE        					   (1 << 5)
   109                              <1>  ;;; %define CR4_PAE (1 << 5)
   110                              <1> %define CR4_PGE 					       (1 << 7)
   110                              <1>  ;;; %define CR4_PGE (1 << 7)
   111                              <1> %define CR4_LA57					       (1 << 12)
   111                              <1>  ;;; %define CR4_LA57 (1 << 12)
   112                              <1> %define CR4_SMXE                           (1 << 14)
   112                              <1>  ;;; %define CR4_SMXE (1 << 14)
   113                              <1> 
   114                              <1> %define MF_PRODUCTION      0
   114                              <1>  ;;; %define MF_PRODUCTION 0
   115                              <1> %define MF_DEBUG           (1 << 15)
   115                              <1>  ;;; %define MF_DEBUG (1 << 15)
   116                              <1> %define MF_PROD_WORTHY     0
   116                              <1>  ;;; %define MF_PROD_WORTHY 0
   117                              <1> %define MF_NOT_PROD_WORTHY (1 << 14)
   117                              <1>  ;;; %define MF_NOT_PROD_WORTHY (1 << 14)
   118                              <1> 
   119                              <1> 
   120                              <1> ; T_DATA no longer used after code changes
   121                              <1> 
   122                              <1> %define _GETSEC         db      0x0F, 0x37
   122                              <1>  ;;; %define _GETSEC db 0x0F, 0x37
   123                              <1> %define _MONITOR        db      0x0F, 0x01, 0x0C8
   123                              <1>  ;;; %define _MONITOR db 0x0F, 0x01, 0x0C8
   124                              <1> %define _MWAIT          db      0x0F, 0x01, 0x0C9
   124                              <1>  ;;; %define _MWAIT db 0x0F, 0x01, 0x0C9
   125                              <1> 
   126                              <1> ; append underscore to globals
   127                              <1> %pragma win32 gprefix _
   127                              <1>  ;;; [pragma win32 gprefix _]
   128                              <1> 
   129                              <1> %ifidn __OUTPUT_FORMAT__, win64
   130                              <1> DEFAULT REL      ; needed to instruct NASM to emit RIP-relative code
   130                              <2>  ;;; [macro] DEFAULT {REL}
     0                              <2> [default %1]
     0                              <2>  ;;; [default REL]
   131                              <1> %endif
   132                              <1> 
   133                              <1> %macro GETSEC_EXITAC 0
   134                              <1>         mov     eax, EXITAC                  ; GETSEC (EAX=3) for ExitAC
   135                              <1>         mov     ebx, %%RETURN_ADDRESS
   136                              <1>         xor     ecx, ecx
   137                              <1>         xor     edx, edx
   138                              <1>         _GETSEC
   139                              <1> %%RETURN_ADDRESS:
   140                              <1> %endmacro
   141                              <1> 
   142                              <1> %macro GETSEC_WAKEUP 0
   143                              <1>         mov     eax, WAKEUP                  ; GETSEC (EAX=8) for WAKEUP
   144                              <1>         xor     ebx, ebx
   145                              <1>         xor     ecx, ecx
   146                              <1>         xor     edx, edx
   147                              <1>         _GETSEC
   148                              <1> %endmacro
   149                              <1> 
   150                              <1> %macro GETSEC_SEXIT 0
   151                              <1>         mov     eax, SEXIT                  ; GETSEC (EAX=5) for SEXIT
   152                              <1>         xor     ebx, ebx
   153                              <1>         xor     ecx, ecx
   154                              <1>         xor     edx, edx
   155                              <1>         _GETSEC
   156                              <1> %endmacro
   157                              <1> 
   158                              <1> %macro TDATA_VAR  0
   159                              <1>         ;
   160                              <1>         ; Changing hardcoded T_DATA onto one retrieved from SINIT size
   161                              <1>         ;
   162                              <1>         mov     edi, LT_PUB_BASE + TXT.LT_SINIT_SIZE
   163                              <1>         mov     edi, DWORD [edi]    ; Get SINIT region size
   164                              <1>         add     edi, ebp
   165                              <1>         sub     edi, _64KB
   166                              <1> %endmacro
   167                              <1> %define TDATA_VAR_RET_VAL(x)  [edi + x] ; Sighting #3865476  End
   167                              <1>  ;;; %define TDATA_VAR_RET_VAL(x) [edi + x]
   168                              <1> 
   169                              <1> %macro TDATA_VAR_OFFSET_IN_EAX        1
   170                              <1>         ;
   171                              <1>         ; ebp keeps address of SINIT module in memory
   172                              <1>         ;
   173                              <1>         ; Changing hardcoded T_DATA onto one retrieved from SINIT size
   174                              <1>         ;
   175                              <1>         mov     edi, LT_PUB_BASE + TXT.LT_SINIT_SIZE
   176                              <1>         mov     eax, DWORD [edi]    ; Get SINIT region size
   177                              <1>         sub     eax, _64KB
   178                              <1>         add     eax, ebp
   179                              <1>         add     eax, %1
   180                              <1> 
   181                              <1> %endmacro
   182                              <1> 
   183                              <1> %define EDATA_VAR(x)    [ebp +  x]
   183                              <1>  ;;; %define EDATA_VAR(x) [ebp + x]
   184                              <1> 
   185                              <1> 
   186                              <1> %macro EDATA_VAR_OFFSET_IN_EAX        1
   187                              <1>         ;;
   188                              <1>         ;; ebp keeps address of SINIT module in memory
   189                              <1>         ;;
   190                              <1>         mov     eax, ebp
   191                              <1>         add     eax, %1
   192                              <1> %endmacro
   193                              <1> 
   194                              <1> %macro PROGRESS_MARK    1
   195                              <1>         push BYTE %1
   196                              <1>         call  ProgressMark
   197                              <1>         %if MKF_ENGINEERING eq 1
   198                              <1>                 %if MKF_TRACE EQ 1
   199                              <1>                         extern TraceProgress
   200                              <1>                         push DWORD %1
   201                              <1>                         call  TraceProgress
   202                              <1> 
   203                              <1>                 %endif
   204                              <1>         %endif
   205                              <1> %endmacro
   206                              <1> 
   207                              <1> %macro TRAMPOLINE_ERROR    1
   208                              <1>         %if MKF_ENGINEERING eq 1
   209                              <1>                 %if MKF_TRACE EQ 1
   210                              <1>                         extern TraceTrampolineCodeError
   211                              <1>                         push DWORD %1
   212                              <1>                         call TraceTrampolineCodeError
   213                              <1> 
   214                              <1>                 %endif
   215                              <1>         %endif
   216                              <1> %endmacro
   217                              <1> 
   218                              <1> %macro STACK_TEST_FILL_IN       0
   219                              <1> %if (MKF_ENGINEERING == 1)
   220                              <1>         mov     edi, stackStart
   221                              <1>         mov     ecx, esp
   222                              <1>         sub     ecx, stackStart
   223                              <1>         shr     ecx, 2
   224                              <1>         mov     eax, 0CCCCCCCCh
   225                              <1>         rep     stosd
   226                              <1> %endif
   227                              <1> %endmacro
   228                              <1> 
   229                              <1> 
   230                              <1> %define FILL64(H,L)     ( ( ( ( H ) - ( L ) ) / 8 ) - 1 )
   230                              <1>  ;;; %define FILL64(H,L) ( ( ( ( H ) - ( L ) ) / 8 ) - 1 )
   231                              <1> %define FILL8(H,L)      ( ( ( H ) - ( L ) ) - 1 )
   231                              <1>  ;;; %define FILL8(H,L) ( ( ( H ) - ( L ) ) - 1 )
   232                              <1> 
   233                              <1> ;%macro FILL64    2
   234                              <1> ;        exitm <( ( ( ( %1 ) - ( %2 ) ) / 8 ) - 1 ) >
   235                              <1> ;%endmacro
   236                              <1> ;
   237                              <1> ;%macro FILL8    2
   238                              <1> ;        exitm <( ( ( %1 ) - ( %2 ) ) - 1 ) >
   239                              <1> ;%endmacro
   240                              <1> 
   241                              <1> %define CR_Valid_cr                     1
   241                              <1>  ;;; %define CR_Valid_cr 1
   242                              <1> %define CR_SwGenerated_cr               1
   242                              <1>  ;;; %define CR_SwGenerated_cr 1
   243                              <1> %define CR_Res_cr                       5
   243                              <1>  ;;; %define CR_Res_cr 5
   244                              <1> %define CR_Minor_cr                     9
   244                              <1>  ;;; %define CR_Minor_cr 9
   245                              <1> %define CR_Source_cr                    1
   245                              <1>  ;;; %define CR_Source_cr 1
   246                              <1> %define CR_Major_cr                     5
   246                              <1>  ;;; %define CR_Major_cr 5
   247                              <1> %define CR_Class_cr                     6
   247                              <1>  ;;; %define CR_Class_cr 6
   248                              <1> %define CR_AcmType_cr                   4
   248                              <1>  ;;; %define CR_AcmType_cr 4
   249                              <1> 
   250                              <1> %define CR_Valid_cr_position                     31
   250                              <1>  ;;; %define CR_Valid_cr_position 31
   251                              <1> %define CR_SwGenerated_cr_position               30
   251                              <1>  ;;; %define CR_SwGenerated_cr_position 30
   252                              <1> %define CR_Res_cr_position                       25
   252                              <1>  ;;; %define CR_Res_cr_position 25
   253                              <1> %define CR_Minor_cr_position                     16
   253                              <1>  ;;; %define CR_Minor_cr_position 16
   254                              <1> %define CR_Source_cr_position                    15
   254                              <1>  ;;; %define CR_Source_cr_position 15
   255                              <1> %define CR_Major_cr_position                     10
   255                              <1>  ;;; %define CR_Major_cr_position 10
   256                              <1> %define CR_Class_cr_position                     4
   256                              <1>  ;;; %define CR_Class_cr_position 4
   257                              <1> %define CR_AcmType_cr_position                   0
   257                              <1>  ;;; %define CR_AcmType_cr_position 0
   258                              <1> 
   259                              <1> ;
   260                              <1> ; Crash register record
   261                              <1> ;
   262                              <1> ;CR      RECORD  Valid_cr:1,SwGenerated_cr:1,Res_cr:5,Minor_cr:9,Source_cr:1,Major_cr:5,Class_cr:6,AcmType_cr:4
   263                              <1> ;
   264                              <1> ; Policy control record
   265                              <1> ;
   266                              <1> ;PC      RECORD  Res2_pc:28,OWN_REQ_pc:1,CAP_EXT_pc:1,NPW_OK_pc:1,RES_pc:1
   267                              <1> 
   268                              <1> 
   269                              <1> ;;;;;;;;;;;;;;;;;;;;;;;;;;;;;;;;;;;;;;;;;;;;;;;;;;;;;;;;;;;;;;;;
   270                              <1> ;                STRUCTURE DEFINITIONS
   271                              <1> ;;;;;;;;;;;;;;;;;;;;;;;;;;;;;;;;;;;;;;;;;;;;;;;;;;;;;;;;;;;;;;;;
   272                              <1> 
   273                              <1> ;TXT STRUCTURE
   274                              <1> 
   275                              <1> struc TXT
   275                              <2>  ;;; [macro] struc {TXT},{0}
     0                              <2> %push
     0                              <2> %define %$strucname %1
     0                              <2>  ;;; %define [::2] %$strucname TXT
     0                              <2> [absolute %2]
     0                              <2>  ;;; [absolute 0]
     0                              <2> %$strucname:
     0                              <2>  ;;; TXT:
   276                              <1> .LT_STS:                          resq   1
   276 00000000 ????????????????    <1>  ;;; .LT_STS: resq 1
   277                              <1> ;// 0000h
   278                              <1> .LT_ESTS:                         resq   1
   278 00000008 ????????????????    <1>  ;;; .LT_ESTS: resq 1
   279                              <1> ;// 0008h
   280                              <1> .LT_THREADS_EXISTS:               resq   1
   280 00000010 ????????????????    <1>  ;;; .LT_THREADS_EXISTS: resq 1
   281                              <1> ;// 0010h
   282                              <1> .R1_0:                            resq   1
   282 00000018 ????????????????    <1>  ;;; .R1_0: resq 1
   283                              <1> ;// 0018h
   284                              <1> .LT_THREADS_JOIN:                 resq   1
   284 00000020 ????????????????    <1>  ;;; .LT_THREADS_JOIN: resq 1
   285                              <1> ;// 0020h
   286                              <1> .R1_1:                            resq   1
   286 00000028 ????????????????    <1>  ;;; .R1_1: resq 1
   287                              <1> ;// 0028h
   288                              <1> .LT_CRASH:                        resq   1
   288 00000030 ????????????????    <1>  ;;; .LT_CRASH: resq 1
   289                              <1> ;// 0030h
   290                              <1> .LT_CMD_SYS_RESET:                resq   1
   290 00000038 ????????????????    <1>  ;;; .LT_CMD_SYS_RESET: resq 1
   291                              <1> ;// 0038h
   292                              <1> .LT_CMD_OPEN_PRIVATE:             resq   1
   292 00000040 ????????????????    <1>  ;;; .LT_CMD_OPEN_PRIVATE: resq 1
   293                              <1> ;// 0040h
   294                              <1> .LT_CMD_CLOSE_PRIVATE:            resq   1
   294 00000048 ????????????????    <1>  ;;; .LT_CMD_CLOSE_PRIVATE: resq 1
   295                              <1> ;// 0048h
   296                              <1> .LT_CRASH2:                       resq   1
   296 00000050 ????????????????    <1>  ;;; .LT_CRASH2: resq 1
   297                              <1> ;// 0050h
   298                              <1> .R2_0:                            resq FILL64(0x0A0,0x50)
   298 00000058 <res 72>            <1>  ;;; .R2_0: resq ( ( ( ( 0x0A0 ) - ( 0x50 ) ) / 8 ) - 1 )
   299                              <1> .LT_SPAD:                         resq   1
   299 000000A0 ????????????????    <1>  ;;; .LT_SPAD: resq 1
   300                              <1> ;// 00A0h
   301                              <1> .R3_0:                            resq FILL64(0x100,0x0A0)
   301 000000A8 <res 88>            <1>  ;;; .R3_0: resq ( ( ( ( 0x100 ) - ( 0x0A0 ) ) / 8 ) - 1 )
   302                              <1> .LT_VER_FSBIF:                    resq   1
   302 00000100 ????????????????    <1>  ;;; .LT_VER_FSBIF: resq 1
   303                              <1> ;// 0100h
   304                              <1> .R3_1:                            resq   1
   304 00000108 ????????????????    <1>  ;;; .R3_1: resq 1
   305                              <1> ;// 0108h
   306                              <1> .LT_DIDVID:                       resq   1
   306 00000110 ????????????????    <1>  ;;; .LT_DIDVID: resq 1
   307                              <1> ;// 0110h
   308                              <1> .LT_EID:                          resq   1
   308 00000118 ????????????????    <1>  ;;; .LT_EID: resq 1
   309                              <1> ;// 0118h
   310                              <1> .R4_0:                            resq FILL64(0x200,0x118)
   310 00000120 <res 224>           <1>  ;;; .R4_0: resq ( ( ( ( 0x200 ) - ( 0x118 ) ) / 8 ) - 1 )
   311                              <1> .LT_VER_EMIF:                     resq   1
   311 00000200 ????????????????    <1>  ;;; .LT_VER_EMIF: resq 1
   312                              <1> ;// 0200h
   313                              <1> .R4_1:                            resq   1
   313 00000208 ????????????????    <1>  ;;; .R4_1: resq 1
   314                              <1> ;// 0208h
   315                              <1> .LT_CMD_LOCKMEM_CONFIG:           resq   1
   315 00000210 ????????????????    <1>  ;;; .LT_CMD_LOCKMEM_CONFIG: resq 1
   316                              <1> ;// 0210h
   317                              <1> .LT_CMD_UNLOCK_MEM_CONFIG:        resq   1
   317 00000218 ????????????????    <1>  ;;; .LT_CMD_UNLOCK_MEM_CONFIG: resq 1
   318                              <1> ;// 0218h
   319                              <1> .LT_CMD_UNLOCK_MEMORY:            resq   1
   319 00000220 ????????????????    <1>  ;;; .LT_CMD_UNLOCK_MEMORY: resq 1
   320                              <1> ;// 0220h
   321                              <1> .R4_2:                            resq   1
   321 00000228 ????????????????    <1>  ;;; .R4_2: resq 1
   322                              <1> ;// 0228h
   323                              <1> .LT_LOCK_BASE:                    resq   1
   323 00000230 ????????????????    <1>  ;;; .LT_LOCK_BASE: resq 1
   324                              <1> ;// 0230h
   325                              <1> .LT_UNLOCK_BASE:                  resq   1
   325 00000238 ????????????????    <1>  ;;; .LT_UNLOCK_BASE: resq 1
   326                              <1> ;// 0238h
   327                              <1> .R4_3:                            resq   1
   327 00000240 ????????????????    <1>  ;;; .R4_3: resq 1
   328                              <1> ;// 0240h
   329                              <1> .R4_4:                            resq   1
   329 00000248 ????????????????    <1>  ;;; .R4_4: resq 1
   330                              <1> ;// 0248h
   331                              <1> .LT_CMD_CACHE_INVALIDATE:         resq   1
   331 00000250 ????????????????    <1>  ;;; .LT_CMD_CACHE_INVALIDATE: resq 1
   332                              <1> ;// 0250h
   333                              <1> .LT_CMD_FLUSH_WB:                 resq   1
   333 00000258 ????????????????    <1>  ;;; .LT_CMD_FLUSH_WB: resq 1
   334                              <1> ;// 0258h
   335                              <1> .LT_NODMA_BASE:                   resq   1
   335 00000260 ????????????????    <1>  ;;; .LT_NODMA_BASE: resq 1
   336                              <1> ;// 0260h
   337                              <1> .LT_NODMA_SIZE:                   resq   1
   337 00000268 ????????????????    <1>  ;;; .LT_NODMA_SIZE: resq 1
   338                              <1> ;// 0268h
   339                              <1> .LT_SINIT_BASE:                   resq   1
   339 00000270 ????????????????    <1>  ;;; .LT_SINIT_BASE: resq 1
   340                              <1> ;// 0270h
   341                              <1> .LT_SINIT_SIZE:                   resq   1
   341 00000278 ????????????????    <1>  ;;; .LT_SINIT_SIZE: resq 1
   342                              <1> ;// 0278h
   343                              <1> .LT_CMD_LOCK_PMRC:                resq   1
   343 00000280 ????????????????    <1>  ;;; .LT_CMD_LOCK_PMRC: resq 1
   344                              <1> ;// 0280h
   345                              <1> .LT_CMD_UNLOCK_PMRC:              resq   1
   345 00000288 ????????????????    <1>  ;;; .LT_CMD_UNLOCK_PMRC: resq 1
   346                              <1> ;// 0288h
   347                              <1> .LT_MLE_JOIN:                     resq   1
   347 00000290 ????????????????    <1>  ;;; .LT_MLE_JOIN: resq 1
   348                              <1> ;// 0290h
   349                              <1> .R4_5:                            resq   1
   349 00000298 ????????????????    <1>  ;;; .R4_5: resq 1
   350                              <1> ;// 0298h
   351                              <1> .LT_BLOCKMAP_CAP:                 resq   1
   351 000002A0 ????????????????    <1>  ;;; .LT_BLOCKMAP_CAP: resq 1
   352                              <1> ;// 02A0h
   353                              <1> .LT_BLOCKMAP_CNF:                 resq   1
   353 000002A8 ????????????????    <1>  ;;; .LT_BLOCKMAP_CNF: resq 1
   354                              <1> ;// 02A8h
   355                              <1> .LT_BLOCKMAP_POINTER:             resq   1
   355 000002B0 ????????????????    <1>  ;;; .LT_BLOCKMAP_POINTER: resq 1
   356                              <1> ;// 02B0h
   357                              <1> .R4_6:                            resq   1
   357 000002B8 ????????????????    <1>  ;;; .R4_6: resq 1
   358                              <1> ;// 02B8h
   359                              <1> .LT_CMD_BLOCKMAP_EN:              resq   1
   359 000002C0 ????????????????    <1>  ;;; .LT_CMD_BLOCKMAP_EN: resq 1
   360                              <1> ;// 02C0h
   361                              <1> .LT_CMD_BLOCKMAP_DIS:             resq   1
   361 000002C8 ????????????????    <1>  ;;; .LT_CMD_BLOCKMAP_DIS: resq 1
   362                              <1> ;// 02C8h
   363                              <1> .LT_CMD_NODMA_CACHE_EN:           resq   1
   363 000002D0 ????????????????    <1>  ;;; .LT_CMD_NODMA_CACHE_EN: resq 1
   364                              <1> ;// 02D0h
   365                              <1> .LT_CMD_NODMA_CACHE_DIS:          resq   1
   365 000002D8 ????????????????    <1>  ;;; .LT_CMD_NODMA_CACHE_DIS: resq 1
   366                              <1> ;// 02D8h
   367                              <1> .LT_CMD_NODMA_TABLE_PROTECT_EN:   resq   1
   367 000002E0 ????????????????    <1>  ;;; .LT_CMD_NODMA_TABLE_PROTECT_EN: resq 1
   368                              <1> ;// 02E0h
   369                              <1> .LT_CMD_NODMA_TABLE_PROTECT_DIS:  resq   1
   369 000002E8 ????????????????    <1>  ;;; .LT_CMD_NODMA_TABLE_PROTECT_DIS: resq 1
   370                              <1> ;// 02E8h
   371                              <1> .LT_CMD_MEM_CONFIG_CHECKED:       resq   1
   371 000002F0 ????????????????    <1>  ;;; .LT_CMD_MEM_CONFIG_CHECKED: resq 1
   372                              <1> ;// 02F0h
   373                              <1> .R4_7:                            resq   1
   373 000002F8 ????????????????    <1>  ;;; .R4_7: resq 1
   374                              <1> ;// 02F8h
   375                              <1> .LT_HEAP_BASE:                    resq   1
   375 00000300 ????????????????    <1>  ;;; .LT_HEAP_BASE: resq 1
   376                              <1> ;// 0300h
   377                              <1> .LT_HEAP_SIZE:                    resq   1
   377 00000308 ????????????????    <1>  ;;; .LT_HEAP_SIZE: resq 1
   378                              <1> ;// 0308h
   379                              <1> .LT_MSEG_BASE:                    resq   1
   379 00000310 ????????????????    <1>  ;;; .LT_MSEG_BASE: resq 1
   380                              <1> ;// 0310h
   381                              <1> .LT_MSEG_SIZE:                    resq   1
   381 00000318 ????????????????    <1>  ;;; .LT_MSEG_SIZE: resq 1
   382                              <1> ;// 0318h
   383                              <1> .LT_SCRATCHPAD_0:                 resq   1
   383 00000320 ????????????????    <1>  ;;; .LT_SCRATCHPAD_0: resq 1
   384                              <1> ;// 0320h
   385                              <1> .LT_BIOSACMCode:                  resd   1
   385 00000328 ????????            <1>  ;;; .LT_BIOSACMCode: resd 1
   386                              <1> ;// 0328h
   387                              <1> .LT_ACM_BIOS_POLICY:              resd   1
   387 0000032C ????????            <1>  ;;; .LT_ACM_BIOS_POLICY: resd 1
   388                              <1> ;// 032ch
   389                              <1> .LT_DPR:                          resq   1
   389 00000330 ????????????????    <1>  ;;; .LT_DPR: resq 1
   390                              <1> ;// 0330h
   391                              <1> .R4_8:                            resq   1
   391 00000338 ????????????????    <1>  ;;; .R4_8: resq 1
   392                              <1> ;// 0338h
   393                              <1> .LT_FIT_STATUS:                   resq   1
   393 00000340 ????????????????    <1>  ;;; .LT_FIT_STATUS: resq 1
   394                              <1> ;// 0340h
   395                              <1> .R4_9:                            resq   1
   395 00000348 ????????????????    <1>  ;;; .R4_9: resq 1
   396                              <1> ;// 0348h
   397                              <1> .LT_INCREMENT:                    resq   1
   397 00000350 ????????????????    <1>  ;;; .LT_INCREMENT: resq 1
   398                              <1> ;// 0350h
   399                              <1> .LT_SPAD_3:                       resq   1
   399 00000358 ????????????????    <1>  ;;; .LT_SPAD_3: resq 1
   400                              <1> ;// 0358h
   401                              <1> .LT_SCRATCHPAD_4:                 resq   1
   401 00000360 ????????????????    <1>  ;;; .LT_SCRATCHPAD_4: resq 1
   402                              <1> ;// 0360h
   403                              <1> .LT_SCRATCHPAD_5:                 resq   1
   403 00000368 ????????????????    <1>  ;;; .LT_SCRATCHPAD_5: resq 1
   404                              <1> ;// 0368h
   405                              <1> .LT_INCREMENT_2:                  resq   1
   405 00000370 ????????????????    <1>  ;;; .LT_INCREMENT_2: resq 1
   406                              <1> ;// 0370h
   407                              <1> .LT_SCRATCHPAD_6:                 resq   1
   407 00000378 ????????????????    <1>  ;;; .LT_SCRATCHPAD_6: resq 1
   408                              <1> ;// 0378h
   409                              <1> .LT_CMD_OPEN_LOCALITY1:           resq   1
   409 00000380 ????????????????    <1>  ;;; .LT_CMD_OPEN_LOCALITY1: resq 1
   410                              <1> ;// 0380h
   411                              <1> .LT_CMD_CLOSE_LOCALITY1:          resq   1
   411 00000388 ????????????????    <1>  ;;; .LT_CMD_CLOSE_LOCALITY1: resq 1
   412                              <1> ;// 0388h
   413                              <1> .LT_CMD_OPEN_LOCALITY2:           resq   1
   413 00000390 ????????????????    <1>  ;;; .LT_CMD_OPEN_LOCALITY2: resq 1
   414                              <1> ;// 0390h
   415                              <1> .LT_CMD_CLOSE_LOCALITY2:          resq   1
   415 00000398 ????????????????    <1>  ;;; .LT_CMD_CLOSE_LOCALITY2: resq 1
   416                              <1> ;// 0398h
   417                              <1> .LT_CMD_OPEN_LOCALITY3:           resq   1
   417 000003A0 ????????????????    <1>  ;;; .LT_CMD_OPEN_LOCALITY3: resq 1
   418                              <1> ;// 03A0h
   419                              <1> .LT_CMD_CLOSE_LOCALITY3:          resq   1
   419 000003A8 ????????????????    <1>  ;;; .LT_CMD_CLOSE_LOCALITY3: resq 1
   420                              <1> ;// 03A8h
   421                              <1> .R5_0:                            resq FILL64(0x400,0x3A8)
   421 000003B0 <res 80>            <1>  ;;; .R5_0: resq ( ( ( ( 0x400 ) - ( 0x3A8 ) ) / 8 ) - 1 )
   422                              <1> .LT_PUBLIC_KEY:                   resq   1
   422 00000400 ????????????????    <1>  ;;; .LT_PUBLIC_KEY: resq 1
   423                              <1> ;// 0400h
   424                              <1> .R5_1:                            resq FILL64(0x608,0x400)
   424 00000408 <res 512>           <1>  ;;; .R5_1: resq ( ( ( ( 0x608 ) - ( 0x400 ) ) / 8 ) - 1 )
   425                              <1> .LT_ESTS_SET:                     resq   1
   425 00000608 ????????????????    <1>  ;;; .LT_ESTS_SET: resq 1
   426                              <1> ;// 0608h
   427                              <1> .LT_EXISTS_SET:                   resq   1
   427 00000610 ????????????????    <1>  ;;; .LT_EXISTS_SET: resq 1
   428                              <1> ;// 0610h
   429                              <1> .R5_2:                            resq   1
   429 00000618 ????????????????    <1>  ;;; .R5_2: resq 1
   430                              <1> ;// 0618h
   431                              <1> .LT_JOINS_SET:                    resq   1
   431 00000620 ????????????????    <1>  ;;; .LT_JOINS_SET: resq 1
   432                              <1> ;// 0620h
   433                              <1> .R6_0:                            resq FILL64(0x670,0x620)
   433 00000628 <res 72>            <1>  ;;; .R6_0: resq ( ( ( ( 0x670 ) - ( 0x620 ) ) / 8 ) - 1 )
   434                              <1> .LT_SCLEAN_SET:                   resq   1
   434 00000670 ????????????????    <1>  ;;; .LT_SCLEAN_SET: resq 1
   435                              <1> ;// 0670h
   436                              <1> .R7_0:                            resq FILL64(0x6A0,0x670)
   436 00000678 <res 40>            <1>  ;;; .R7_0: resq ( ( ( ( 0x6A0 ) - ( 0x670 ) ) / 8 ) - 1 )
   437                              <1> .LT_SPAD_SET:                     resq   1
   437 000006A0 ????????????????    <1>  ;;; .LT_SPAD_SET: resq 1
   438                              <1> ;// 06A0h
   439                              <1> .R8_0:                            resq FILL64(0x710,0x6A0)
   439 000006A8 <res 104>           <1>  ;;; .R8_0: resq ( ( ( ( 0x710 ) - ( 0x6A0 ) ) / 8 ) - 1 )
   440                              <1> .LT_EXISTS_CLEAR:                 resq   1
   440 00000710 ????????????????    <1>  ;;; .LT_EXISTS_CLEAR: resq 1
   441                              <1> ;// 0710h
   442                              <1> .R8_1:                            resq   1
   442 00000718 ????????????????    <1>  ;;; .R8_1: resq 1
   443                              <1> ;// 0718h
   444                              <1> .LT_JOINS_CLEAR:                  resq   1
   444 00000720 ????????????????    <1>  ;;; .LT_JOINS_CLEAR: resq 1
   445                              <1> ;// 0720h
   446                              <1> .R9_0:                            resq FILL64(0x770,0x720)
   446 00000728 <res 72>            <1>  ;;; .R9_0: resq ( ( ( ( 0x770 ) - ( 0x720 ) ) / 8 ) - 1 )
   447                              <1> .LT_SCLEAN_CLEAR:                 resq   1
   447 00000770 ????????????????    <1>  ;;; .LT_SCLEAN_CLEAR: resq 1
   448                              <1> ;// 0770h
   449                              <1> .R10_0:                           resq FILL64(0x7A0,0x770)
   449 00000778 <res 40>            <1>  ;;; .R10_0: resq ( ( ( ( 0x7A0 ) - ( 0x770 ) ) / 8 ) - 1 )
   450                              <1> .LT_SPAD_CLEAR:                   resq   1
   450 000007A0 ????????????????    <1>  ;;; .LT_SPAD_CLEAR: resq 1
   451                              <1> ;// 07A0h
   452                              <1> .R11_0:                           resq FILL64(0x800,0x7A0)
   452 000007A8 <res 88>            <1>  ;;; .R11_0: resq ( ( ( ( 0x800 ) - ( 0x7A0 ) ) / 8 ) - 1 )
   453                              <1> .LT_VER_FTIF:                     resq   1
   453 00000800 ????????????????    <1>  ;;; .LT_VER_FTIF: resq 1
   454                              <1> ;// 0800h
   455                              <1> .R11_1:                           resq   1
   455 00000808 ????????????????    <1>  ;;; .R11_1: resq 1
   456                              <1> ;// 0808h
   457                              <1> .LT_PCH_DIDVID:                   resq   1
   457 00000810 ????????????????    <1>  ;;; .LT_PCH_DIDVID: resq 1
   458                              <1> ;// 0810h
   459                              <1> .R12_0:                           resq FILL64(0x880,0x810)
   459 00000818 <res 104>           <1>  ;;; .R12_0: resq ( ( ( ( 0x880 ) - ( 0x810 ) ) / 8 ) - 1 )
   460                              <1> .LT_UCS:                          resq   1
   460 00000880 ????????????????    <1>  ;;; .LT_UCS: resq 1
   461                              <1> ;// 880h
   462                              <1> .R13_0:                           resq FILL64(0x8E0,0x880)
   462 00000888 <res 88>            <1>  ;;; .R13_0: resq ( ( ( ( 0x8E0 ) - ( 0x880 ) ) / 8 ) - 1 )
   463                              <1> .LT_CMD_SECRETS:                  resq   1
   463 000008E0 ????????????????    <1>  ;;; .LT_CMD_SECRETS: resq 1
   464                              <1> ;// 08E0h
   465                              <1> .LT_CMD_NO_SECRETS:               resq   1
   465 000008E8 ????????????????    <1>  ;;; .LT_CMD_NO_SECRETS: resq 1
   466                              <1> ;// 08E8h
   467                              <1> .LT_E2STS:                        resq   1
   467 000008F0 ????????????????    <1>  ;;; .LT_E2STS: resq 1
   468                              <1> ;// 08F0h
   469                              <1> .R13_1:                           resq   1
   469 000008F8 ????????????????    <1>  ;;; .R13_1: resq 1
   470                              <1> ;// 08F8h
   471                              <1> .LT_FT_REGS1:                     resd   1
   471 00000900 ????????            <1>  ;;; .LT_FT_REGS1: resd 1
   472                              <1> ;// 0900h
   473                              <1> .LT_FT_REGS2:                     resd   1
   473 00000904 ????????            <1>  ;;; .LT_FT_REGS2: resd 1
   474                              <1> ;// 0904h
   475                              <1> .R14_0:                           resq FILL64(0x0D80,0x900)
   475 00000908 <res 1144>          <1>  ;;; .R14_0: resq ( ( ( ( 0x0D80 ) - ( 0x900 ) ) / 8 ) - 1 )
   476                              <1> .LT_SEQ_START:                    resq   1
   476 00000D80 ????????????????    <1>  ;;; .LT_SEQ_START: resq 1
   477                              <1> ;// 0D80h
   478                              <1> .R14_2:                           resq   1
   478 00000D88 ????????????????    <1>  ;;; .R14_2: resq 1
   479                              <1> ;// 0D88h
   480                              <1> .LT_SEQ_DONE:                     resq   1
   480 00000D90 ????????????????    <1>  ;;; .LT_SEQ_DONE: resq 1
   481                              <1> ;// 0D90h
   482                              <1> .LT_INCREMENT_3:                  resq   1
   482 00000D98 ????????????????    <1>  ;;; .LT_INCREMENT_3: resq 1
   483                              <1> ;// 0D98h
   484                              <1> .LT_SCRATCHPAD_7:                 resq   1
   484 00000DA0 ????????????????    <1>  ;;; .LT_SCRATCHPAD_7: resq 1
   485                              <1> ;// 0DA0h
   486                              <1> .LT_INCREMENT_4:                  resq   1
   486 00000DA8 ????????????????    <1>  ;;; .LT_INCREMENT_4: resq 1
   487                              <1> ;// 0DA8h
   488                              <1> .LT_SCRATCHPAD_8:                 resq   1
   488 00000DB0 ????????????????    <1>  ;;; .LT_SCRATCHPAD_8: resq 1
   489                              <1> ;// 0DB0h
   490                              <1> .LT_INCREMENT_5:                  resq   1
   490 00000DB8 ????????????????    <1>  ;;; .LT_INCREMENT_5: resq 1
   491                              <1> ;// 0DB8h
   492                              <1> .LT_SCRATCHPAD_9:                 resq   1
   492 00000DC0 ????????????????    <1>  ;;; .LT_SCRATCHPAD_9: resq 1
   493                              <1> ;// 0DC0h
   494                              <1> .LT_INCREMENT_6:                  resq   1
   494 00000DC8 ????????????????    <1>  ;;; .LT_INCREMENT_6: resq 1
   495                              <1> ;// 0DC8h
   496                              <1> .LT_SCRATCHPAD_10:                resq   1
   496 00000DD0 ????????????????    <1>  ;;; .LT_SCRATCHPAD_10: resq 1
   497                              <1> ;// 0DD0h
   498                              <1> .LT_INCREMENT_7:                  resq   1
   498 00000DD8 ????????????????    <1>  ;;; .LT_INCREMENT_7: resq 1
   499                              <1> ;// 0DD8h
   500                              <1> .LT_SCRATCHPAD_11:                resq   1
   500 00000DE0 ????????????????    <1>  ;;; .LT_SCRATCHPAD_11: resq 1
   501                              <1> ;// 0DE0h
   502                              <1> .LT_INCREMENT_8:                  resq   1
   502 00000DE8 ????????????????    <1>  ;;; .LT_INCREMENT_8: resq 1
   503                              <1> ;// 0DE8h
   504                              <1> .LT_SCRATCHPAD_12:                resq   1
   504 00000DF0 ????????????????    <1>  ;;; .LT_SCRATCHPAD_12: resq 1
   505                              <1> ;// 0DF0h
   506                              <1> endstruc
   506                              <2>  ;;; [macro] endstruc
     0                              <2> %$strucname_size equ ($-%$strucname)
     0                              <2>  ;;; TXT_size equ ($-TXT)
     0                              <2> %pop
     0                              <2> __?SECT?__
     0                              <2>  ;;; [section .text]
   507                              <1> 
   508                              <1> ;MLE_JOIN STRUCTURE
   509                              <1> 
   510                              <1> struc MLE_JOIN
   510                              <2>  ;;; [macro] struc {MLE_JOIN},{0}
     0                              <2> %push
     0                              <2> %define %$strucname %1
     0                              <2>  ;;; %define [::5] %$strucname MLE_JOIN
     0                              <2> [absolute %2]
     0                              <2>  ;;; [absolute 0]
     0                              <2> %$strucname:
     0                              <2>  ;;; MLE_JOIN:
   511                              <1> .GdtLimit:                        resd 1
   511 00000000 ????????            <1>  ;;; .GdtLimit: resd 1
   512                              <1> .GdtBase:                         resd 1
   512 00000004 ????????            <1>  ;;; .GdtBase: resd 1
   513                              <1> .SegSel:                          resd 1
   513 00000008 ????????            <1>  ;;; .SegSel: resd 1
   514                              <1> .EntryPoint:                      resd 1
   514 0000000C ????????            <1>  ;;; .EntryPoint: resd 1
   515                              <1> endstruc
   515                              <2>  ;;; [macro] endstruc
     0                              <2> %$strucname_size equ ($-%$strucname)
     0                              <2>  ;;; MLE_JOIN_size equ ($-MLE_JOIN)
     0                              <2> %pop
     0                              <2> __?SECT?__
     0                              <2>  ;;; [section .text]
   516                              <1> 
   517                              <1> ;IDT64GATE STRUCTURE
   518                              <1> 
   519                              <1> struc IDT64GATE
   519                              <2>  ;;; [macro] struc {IDT64GATE},{0}
     0                              <2> %push
     0                              <2> %define %$strucname %1
     0                              <2>  ;;; %define [::8] %$strucname IDT64GATE
     0                              <2> [absolute %2]
     0                              <2>  ;;; [absolute 0]
     0                              <2> %$strucname:
     0                              <2>  ;;; IDT64GATE:
   520                              <1> .Off31_16_Attr_Sel_Off15_0:       resq   1
   520 00000000 ????????????????    <1>  ;;; .Off31_16_Attr_Sel_Off15_0: resq 1
   521                              <1> .Res_Off63_32:                    resq   1
   521 00000008 ????????????????    <1>  ;;; .Res_Off63_32: resq 1
   522                              <1> endstruc
   522                              <2>  ;;; [macro] endstruc
     0                              <2> %$strucname_size equ ($-%$strucname)
     0                              <2>  ;;; IDT64GATE_size equ ($-IDT64GATE)
     0                              <2> %pop
     0                              <2> __?SECT?__
     0                              <2>  ;;; [section .text]
   523                              <1> 
   524                              <1> ;COM_DATA STRUCTURE
   525                              <1> 
   526                              <1> struc COM_DATA
   526                              <2>  ;;; [macro] struc {COM_DATA},{0}
     0                              <2> %push
     0                              <2> %define %$strucname %1
     0                              <2>  ;;; %define [::11] %$strucname COM_DATA
     0                              <2> [absolute %2]
     0                              <2>  ;;; [absolute 0]
     0                              <2> %$strucname:
     0                              <2>  ;;; COM_DATA:
   527                              <1> .Data64Start:             resd 1 ;		      // Offset of 64-bit data start (and Code32End)
   527 00000000 ????????            <1>  ;;; .Data64Start: resd 1
   528                              <1> .Code64Start:             resd 1 ;            // Offset of 64-bit code start
   528 00000004 ????????            <1>  ;;; .Code64Start: resd 1
   529                              <1> .Code64End:               resd 1 ;            // Offset of 64-bit code end
   529 00000008 ????????            <1>  ;;; .Code64End: resd 1
   530                              <1> .Code64Entry:             resd 1 ;            // Offset of 64-bit code entry point
   530 0000000C ????????            <1>  ;;; .Code64Entry: resd 1
   531                              <1> .StkStart:                resd 1 ;            // Offset of stack start
   531 00000010 ????????            <1>  ;;; .StkStart: resd 1
   532                              <1> .Code32Start:             resd 1 ;            // Offset of code segment start.
   532 00000014 ????????            <1>  ;;; .Code32Start: resd 1
   533                              <1> endstruc
   533                              <2>  ;;; [macro] endstruc
     0                              <2> %$strucname_size equ ($-%$strucname)
     0                              <2>  ;;; COM_DATA_size equ ($-COM_DATA)
     0                              <2> %pop
     0                              <2> __?SECT?__
     0                              <2>  ;;; [section .text]
   534                              <1> 
   535                              <1> ;BIOSAC_COM64_DATA STRUCTURE
   536                              <1> 
   537                              <1> struc BIOSAC_COM64_DATA
   537                              <2>  ;;; [macro] struc {BIOSAC_COM64_DATA},{0}
     0                              <2> %push
     0                              <2> %define %$strucname %1
     0                              <2>  ;;; %define [::14] %$strucname BIOSAC_COM64_DATA
     0                              <2> [absolute %2]
     0                              <2>  ;;; [absolute 0]
     0                              <2> %$strucname:
     0                              <2>  ;;; BIOSAC_COM64_DATA:
   538                              <1> .Tolud:                   resq   1
   538 00000000 ????????????????    <1>  ;;; .Tolud: resq 1
   539                              <1> .Touud:                   resq   1
   539 00000008 ????????????????    <1>  ;;; .Touud: resq 1
   540                              <1> .AcmBase:                 resd   1
   540 00000010 ????????            <1>  ;;; .AcmBase: resd 1
   541                              <1> .AcmSize:                 resd   1
   541 00000014 ????????            <1>  ;;; .AcmSize: resd 1
   542                              <1> .PdptBase:                resd   1
   542 00000018 ????????            <1>  ;;; .PdptBase: resd 1
   543                              <1> .error64:                 resd   1
   543 0000001C ????????            <1>  ;;; .error64: resd 1
   544                              <1> .Pattern:                 resq YMM_REG_QWORDS
   544 00000020 <res 32>            <1>  ;;; .Pattern: resq 4
   545                              <1> .StrideSize               resd   1
   545 00000040 ????????            <1>  ;;; .StrideSize resd 1
   546                              <1> .Reserved                 resd   1
   546 00000044 ????????            <1>  ;;; .Reserved resd 1
   547                              <1> .shadow_stack_vesp:       resq   1
   547 00000048 ????????????????    <1>  ;;; .shadow_stack_vesp: resq 1
   548                              <1> endstruc
   548                              <2>  ;;; [macro] endstruc
     0                              <2> %$strucname_size equ ($-%$strucname)
     0                              <2>  ;;; BIOSAC_COM64_DATA_size equ ($-BIOSAC_COM64_DATA)
     0                              <2> %pop
     0                              <2> __?SECT?__
     0                              <2>  ;;; [section .text]
   549                              <1> 
   550                              <1> ;When updating below structure, make sure to update COM64_DATA structure in 
   551                              <1> ;common64.h. If they are not in sync, random sinit failures may be 
   552                              <1> ;seen during resume flows
   553                              <1> 
   554                              <1> ;COM64_DATA STRUCTURE
   555                              <1> 
   556                              <1> struc COM64_DATA
   556                              <2>  ;;; [macro] struc {COM64_DATA},{0}
     0                              <2> %push
     0                              <2> %define %$strucname %1
     0                              <2>  ;;; %define [::17] %$strucname COM64_DATA
     0                              <2> [absolute %2]
     0                              <2>  ;;; [absolute 0]
     0                              <2> %$strucname:
     0                              <2>  ;;; COM64_DATA:
   557                              <1> 
   558                              <1> .Rc6Mem:                  resq   1
   558 00000000 ????????????????    <1>  ;;; .Rc6Mem: resq 1
   559                              <1> .MediaRc6Mem              resq   1
   559 00000008 ????????????????    <1>  ;;; .MediaRc6Mem resq 1
   560                              <1> .Mdrb:                    resq   1
   560 00000010 ????????????????    <1>  ;;; .Mdrb: resq 1
   561                              <1> .Touud:                   resq   1
   561 00000018 ????????????????    <1>  ;;; .Touud: resq 1
   562                              <1> .Tolud:                   resq   1
   562 00000020 ????????????????    <1>  ;;; .Tolud: resq 1
   563                              <1> .Bgsm:                    resq   1
   563 00000028 ????????????????    <1>  ;;; .Bgsm: resq 1
   564                              <1> .Bdsm:                    resq   1
   564 00000030 ????????????????    <1>  ;;; .Bdsm: resq 1
   565                              <1> .Ggc:                     resq   1
   565 00000038 ????????????????    <1>  ;;; .Ggc: resq 1
   566                              <1> .TsegMb:                  resq   1
   566 00000040 ????????????????    <1>  ;;; .TsegMb: resq 1
   567                              <1> .Dpr:                     resq   1
   567 00000048 ????????????????    <1>  ;;; .Dpr: resq 1
   568                              <1> .Pavpc:                   resq   1
   568 00000050 ????????????????    <1>  ;;; .Pavpc: resq 1
   569                              <1> .PavpcDE                  resq   1
   569 00000058 ????????????????    <1>  ;;; .PavpcDE resq 1
   570                              <1> .PrmrrBase:               resq   1
   570 00000060 ????????????????    <1>  ;;; .PrmrrBase: resq 1
   571                              <1> .PrmrrMask:               resq   1
   571 00000068 ????????????????    <1>  ;;; .PrmrrMask: resq 1
   572                              <1> .Mpmen:                   resd   1
   572 00000070 ????????            <1>  ;;; .Mpmen: resd 1
   573                              <1> .PmrLoBase:               resd   1
   573 00000074 ????????            <1>  ;;; .PmrLoBase: resd 1
   574                              <1> .PmrLoLimit:              resd   1
   574 00000078 ????????            <1>  ;;; .PmrLoLimit: resd 1
   575                              <1> .PmrHiBase:               resd   1
   575 0000007C ????????            <1>  ;;; .PmrHiBase: resd 1
   576                              <1> .PmrHiLimit:              resd   1
   576 00000080 ????????            <1>  ;;; .PmrHiLimit: resd 1
   577                              <1> .GunitCtrl:               resd   1
   577 00000084 ????????            <1>  ;;; .GunitCtrl: resd 1
   578                              <1> .GucWopcmOffset:          resd   1
   578 00000088 ????????            <1>  ;;; .GucWopcmOffset: resd 1
   579                              <1> .GucWopcmSize:            resd   1
   579 0000008C ????????            <1>  ;;; .GucWopcmSize: resd 1
   580                              <1> .GucMediaWopcmOffset:     resd   1
   580 00000090 ????????            <1>  ;;; .GucMediaWopcmOffset: resd 1
   581                              <1> .GucMediaWopcmSize:       resd   1
   581 00000094 ????????            <1>  ;;; .GucMediaWopcmSize: resd 1
   582                              <1> .BtPol:                   resq   1
   582 00000098 ????????????????    <1>  ;;; .BtPol: resq 1
   583                              <1> .BpKey0:                  resq   1
   583 000000A0 ????????????????    <1>  ;;; .BpKey0: resq 1
   584                              <1> .BpKey1:                  resq   1
   584 000000A8 ????????????????    <1>  ;;; .BpKey1: resq 1
   585                              <1> .BpKey2:                  resq   1
   585 000000B0 ????????????????    <1>  ;;; .BpKey2: resq 1
   586                              <1> .BpKey3:                  resq   1
   586 000000B8 ????????????????    <1>  ;;; .BpKey3: resq 1
   587                              <1> .BpKey4:                  resq   1
   587 000000C0 ????????????????    <1>  ;;; .BpKey4: resq 1
   588                              <1> .BpKey5:                  resq   1
   588 000000C8 ????????????????    <1>  ;;; .BpKey5: resq 1
   589                              <1> .Pml4PageDirectoryBase:   resd   1
   589 000000D0 ????????            <1>  ;;; .Pml4PageDirectoryBase: resd 1
   590                              <1> .error64:                 resd   1
   590 000000D4 ????????            <1>  ;;; .error64: resd 1
   591                              <1> .ReqType:                 resb   1
   591 000000D8 ??                  <1>  ;;; .ReqType: resb 1
   592                              <1> .shadow_stack_vesp:       resq   1
   592 000000D9 ????????????????    <1>  ;;; .shadow_stack_vesp: resq 1
   593                              <1> endstruc
   593                              <2>  ;;; [macro] endstruc
     0                              <2> %$strucname_size equ ($-%$strucname)
     0                              <2>  ;;; COM64_DATA_size equ ($-COM64_DATA)
     0                              <2> %pop
     0                              <2> __?SECT?__
     0                              <2>  ;;; [section .text]
   594                              <1> 
   595                              <1> %if 0
   596                              <1> ;COM64_DATA STRUCTURE
   597                              <1> struc SEAMLDR_COM64_DATA
   598                              <1> 
   599                              <1> .OriginalR8:                  resq   1
   600                              <1> .OriginalR9:	              resq   1
   601                              <1> .OriginalR10:                 resq   1
   602                              <1> .OriginalR11:                 resq   1
   603                              <1> .OriginalR12:                 resq   1
   604                              <1> .OriginalCR3:                 resq   1
   605                              <1> .OriginalCR4:                 resd   1
   606                              <1> .OriginalES:                  resw   1
   607                              <1> .OriginalFS:                  resw   1
   608                              <1> .OriginalGS:                  resw   1
   609                              <1> .OriginalSS:                  resw   1
   610                              <1> .OriginalECX                  resd   1
   611                              <1> .OriginalIDTRLimit:           resw   1
   612                              <1> .NewIDTR:               	  resb   10
   613                              <1> .OriginalGdtr:                resb   10
   614                              <1> .ResumeRip:               	  resq   1
   615                              <1> .PtCtxPtr:                    resq   1
   616                              <1> .RetVal:                      resq   1
   617                              <1> .HeaderStart:                 resq   1
   618                              <1> .PseamldrSize:                resd   1
   619                              <1> .PseamldrOffset:              resq   1
   620                              <1> .PseamldrConstsOffset:     	  resq   1
   621                              <1> .NewGdtr:     				  resb   10
   622                              <1> endstruc
   623                              <1> %endif
   624                              <1> 
   625                              <1> 
   626                              <1> ;GDT32DESCRIPTOR STRUCTURE
   627                              <1> 
   628                              <1> struc GDT32DESCRIPTOR
   628                              <2>  ;;; [macro] struc {GDT32DESCRIPTOR},{0}
     0                              <2> %push
     0                              <2> %define %$strucname %1
     0                              <2>  ;;; %define [::20] %$strucname GDT32DESCRIPTOR
     0                              <2> [absolute %2]
     0                              <2>  ;;; [absolute 0]
     0                              <2> %$strucname:
     0                              <2>  ;;; GDT32DESCRIPTOR:
   629                              <1> 
   630                              <1> .Limit15_0:               resw    1
   630 00000000 ????                <1>  ;;; .Limit15_0: resw 1
   631                              <1> .Base23_0:                resb    3
   631 00000002 ??????              <1>  ;;; .Base23_0: resb 3
   632                              <1> .Attr:                    resb    1
   632 00000005 ??                  <1>  ;;; .Attr: resb 1
   633                              <1> .Attr_Limit19_16:         resb    1
   633 00000006 ??                  <1>  ;;; .Attr_Limit19_16: resb 1
   634                              <1> .Base31_24:               resb    1
   634 00000007 ??                  <1>  ;;; .Base31_24: resb 1
   635                              <1> 
   636                              <1> endstruc
   636                              <2>  ;;; [macro] endstruc
     0                              <2> %$strucname_size equ ($-%$strucname)
     0                              <2>  ;;; GDT32DESCRIPTOR_size equ ($-GDT32DESCRIPTOR)
     0                              <2> %pop
     0                              <2> __?SECT?__
     0                              <2>  ;;; [section .text]
   637                              <1> 
   638                              <1> 
   639                              <1> ;GDT STRUCTURE
   640                              <1> 
   641                              <1> struc GDT
   641                              <2>  ;;; [macro] struc {GDT},{0}
     0                              <2> %push
     0                              <2> %define %$strucname %1
     0                              <2>  ;;; %define [::23] %$strucname GDT
     0                              <2> [absolute %2]
     0                              <2>  ;;; [absolute 0]
     0                              <2> %$strucname:
     0                              <2>  ;;; GDT:
   642                              <1> 
   643                              <1> .NullDescriptor: resb GDT32DESCRIPTOR_size
   643 00000000 ????????????????    <1>  ;;; .NullDescriptor: resb GDT32DESCRIPTOR_size
   644                              <1> .AcmCodeDescriptor: resb GDT32DESCRIPTOR_size
   644 00000008 ????????????????    <1>  ;;; .AcmCodeDescriptor: resb GDT32DESCRIPTOR_size
   645                              <1> .AcmDataDescriptor: resb GDT32DESCRIPTOR_size
   645 00000010 ????????????????    <1>  ;;; .AcmDataDescriptor: resb GDT32DESCRIPTOR_size
   646                              <1> .AcmCode64Descriptor:  resb GDT32DESCRIPTOR_size
   646 00000018 ????????????????    <1>  ;;; .AcmCode64Descriptor: resb GDT32DESCRIPTOR_size
   647                              <1> 
   648                              <1> endstruc
   648                              <2>  ;;; [macro] endstruc
     0                              <2> %$strucname_size equ ($-%$strucname)
     0                              <2>  ;;; GDT_size equ ($-GDT)
     0                              <2> %pop
     0                              <2> __?SECT?__
     0                              <2>  ;;; [section .text]
   649                              <1> 
   650                              <1> ;RANGE STRUCTURE
   651                              <1> 
   652                              <1> struc RANGE
   652                              <2>  ;;; [macro] struc {RANGE},{0}
     0                              <2> %push
     0                              <2> %define %$strucname %1
     0                              <2>  ;;; %define [::26] %$strucname RANGE
     0                              <2> [absolute %2]
     0                              <2>  ;;; [absolute 0]
     0                              <2> %$strucname:
     0                              <2>  ;;; RANGE:
   653                              <1> 
   654                              <1> .labl:                    resq   1
   654 00000000 ????????????????    <1>  ;;; .labl: resq 1
   655                              <1> .attr:                    resw   1
   655 00000008 ????                <1>  ;;; .attr: resw 1
   656                              <1> .flags:                   resw   1
   656 0000000A ????                <1>  ;;; .flags: resw 1
   657                              <1> .len:                     resq   1
   657 0000000C ????????????????    <1>  ;;; .len: resq 1
   658                              <1> .base:                    resq   1
   658 00000014 ????????????????    <1>  ;;; .base: resq 1
   659                              <1> .top:                     resq   1
   659 0000001C ????????????????    <1>  ;;; .top: resq 1
   660                              <1> .almtMask:                resq   1
   660 00000024 ????????????????    <1>  ;;; .almtMask: resq 1
   661                              <1> 
   662                              <1> endstruc
   662                              <2>  ;;; [macro] endstruc
     0                              <2> %$strucname_size equ ($-%$strucname)
     0                              <2>  ;;; RANGE_size equ ($-RANGE)
     0                              <2> %pop
     0                              <2> __?SECT?__
     0                              <2>  ;;; [section .text]
   663                              <1> 
   664                              <1> ;;;;;;;;;;;;;;;;;;;;;;;;;;;;;;;;;;;;;;;;;;;;;;;;;;;;;;;;;;;;;;;;;;;;;;;;;;;;;;;;
   665                              <1> ;                       DUMMYS FOR ACM HEADER
   666                              <1> ;;;;;;;;;;;;;;;;;;;;;;;;;;;;;;;;;;;;;;;;;;;;;;;;;;;;;;;;;;;;;;;;;;;;;;;;;;;;;;;;
   667                              <1> 
   668                              <1> struc   Dummy_1
   668                              <2>  ;;; [macro] struc {Dummy_1},{0}
     0                              <2> %push
     0                              <2> %define %$strucname %1
     0                              <2>  ;;; %define [::29] %$strucname Dummy_1
     0                              <2> [absolute %2]
     0                              <2>  ;;; [absolute 0]
     0                              <2> %$strucname:
     0                              <2>  ;;; Dummy_1:
   669                              <1>         .HeaderLen               resd   1
   669 00000000 ????????            <1>  ;;;  .HeaderLen resd 1
   670                              <1>         .HeaderVersion           resd   1
   670 00000004 ????????            <1>  ;;;  .HeaderVersion resd 1
   671                              <1> endstruc
   671                              <2>  ;;; [macro] endstruc
     0                              <2> %$strucname_size equ ($-%$strucname)
     0                              <2>  ;;; Dummy_1_size equ ($-Dummy_1)
     0                              <2> %pop
     0                              <2> __?SECT?__
     0                              <2>  ;;; [section .text]
   672                              <1> 
   673                              <1> struc   Dummy_2
   673                              <2>  ;;; [macro] struc {Dummy_2},{0}
     0                              <2> %push
     0                              <2> %define %$strucname %1
     0                              <2>  ;;; %define [::32] %$strucname Dummy_2
     0                              <2> [absolute %2]
     0                              <2>  ;;; [absolute 0]
     0                              <2> %$strucname:
     0                              <2>  ;;; Dummy_2:
   674                              <1>         .ModuleVendor            resd   1
   674 00000000 ????????            <1>  ;;;  .ModuleVendor resd 1
   675                              <1>         .Revision                resd   1
   675 00000004 ????????            <1>  ;;;  .Revision resd 1
   676                              <1>         .Sizeb                   resd   1
   676 00000008 ????????            <1>  ;;;  .Sizeb resd 1
   677                              <1> endstruc
   677                              <2>  ;;; [macro] endstruc
     0                              <2> %$strucname_size equ ($-%$strucname)
     0                              <2>  ;;; Dummy_2_size equ ($-Dummy_2)
     0                              <2> %pop
     0                              <2> __?SECT?__
     0                              <2>  ;;; [section .text]
   678                              <1> 
   679                              <1> struc   Dummy_3
   679                              <2>  ;;; [macro] struc {Dummy_3},{0}
     0                              <2> %push
     0                              <2> %define %$strucname %1
     0                              <2>  ;;; %define [::35] %$strucname Dummy_3
     0                              <2> [absolute %2]
     0                              <2>  ;;; [absolute 0]
     0                              <2> %$strucname:
     0                              <2>  ;;; Dummy_3:
   680                              <1>         .CodeControl             resd   1
   680 00000000 ????????            <1>  ;;;  .CodeControl resd 1
   681                              <1>         .ErrorEntryPoint         resd   1
   681 00000004 ????????            <1>  ;;;  .ErrorEntryPoint resd 1
   682                              <1> endstruc
   682                              <2>  ;;; [macro] endstruc
     0                              <2> %$strucname_size equ ($-%$strucname)
     0                              <2>  ;;; Dummy_3_size equ ($-Dummy_3)
     0                              <2> %pop
     0                              <2> __?SECT?__
     0                              <2>  ;;; [section .text]
   683                              <1> 
   684                              <1> struc   Dummy_4
   684                              <2>  ;;; [macro] struc {Dummy_4},{0}
     0                              <2> %push
     0                              <2> %define %$strucname %1
     0                              <2>  ;;; %define [::38] %$strucname Dummy_4
     0                              <2> [absolute %2]
     0                              <2>  ;;; [absolute 0]
     0                              <2> %$strucname:
     0                              <2>  ;;; Dummy_4:
   685                              <1>         .Reserved2               resb   64
   685 00000000 <res 64>            <1>  ;;;  .Reserved2 resb 64
   686                              <1>         .KeySize                 resd   1
   686 00000040 ????????            <1>  ;;;  .KeySize resd 1
   687                              <1>         .ScratchSize             resd   1
   687 00000044 ????????            <1>  ;;;  .ScratchSize resd 1
   688                              <1>         .RSA2048PubKey           resb   256
   688 00000048 <res 256>           <1>  ;;;  .RSA2048PubKey resb 256
   689                              <1>         .PubExp                  resd   1
   689 00000148 ????????            <1>  ;;;  .PubExp resd 1
   690                              <1>         .RSA2048Sig              resb   256
   690 0000014C <res 256>           <1>  ;;;  .RSA2048Sig resb 256
   691                              <1>         .scratch                 resb   572
   691 0000024C <res 572>           <1>  ;;;  .scratch resb 572
   692                              <1> endstruc
   692                              <2>  ;;; [macro] endstruc
     0                              <2> %$strucname_size equ ($-%$strucname)
     0                              <2>  ;;; Dummy_4_size equ ($-Dummy_4)
     0                              <2> %pop
     0                              <2> __?SECT?__
     0                              <2>  ;;; [section .text]
   693                              <1> ;;;;;;;;;;;;;;;;;;;;;;;;;;;;;;;;;;;;;;;;;;;;;;;;;;;;;;;;;;;;;;;;;;;;;;;;;;;;;;;;
   694                              <1> 
   695                              <1> 
   696                              <1> 
   697                              <1> ;ACM_HEADER STRUCTURE
   698                              <1> struc ACM_HEADER_0
   698                              <2>  ;;; [macro] struc {ACM_HEADER_0},{0}
     0                              <2> %push
     0                              <2> %define %$strucname %1
     0                              <2>  ;;; %define [::41] %$strucname ACM_HEADER_0
     0                              <2> [absolute %2]
     0                              <2>  ;;; [absolute 0]
     0                              <2> %$strucname:
     0                              <2>  ;;; ACM_HEADER_0:
   699                              <1> 
   700                              <1> .ModuleType                             resw    1
   700 00000000 ????                <1>  ;;; .ModuleType resw 1
   701                              <1> .ModuleSubType                          resw    1
   701 00000002 ????                <1>  ;;; .ModuleSubType resw 1
   702                              <1> .Dummy_1_var                            resb    Dummy_1_size
   702 00000004 ????????????????    <1>  ;;; .Dummy_1_var resb Dummy_1_size
   703                              <1> .ModuleID                               resw    1
   703 0000000C ????                <1>  ;;; .ModuleID resw 1
   704                              <1> .ModuleFlags                            resw    1
   704 0000000E ????                <1>  ;;; .ModuleFlags resw 1
   705                              <1> .Dummy_2_var                            resb    Dummy_2_size
   705 00000010 <res 12>            <1>  ;;; .Dummy_2_var resb Dummy_2_size
   706                              <1> .AcmSvn                                 resw    1
   706 0000001C ????                <1>  ;;; .AcmSvn resw 1
   707                              <1> .SeSvn                                  resw    1
   707 0000001E ????                <1>  ;;; .SeSvn resw 1
   708                              <1> .Dummy_3_var                            resb    Dummy_3_size
   708 00000020 ????????????????    <1>  ;;; .Dummy_3_var resb Dummy_3_size
   709                              <1> .GDTSize                                resd    1
   709 00000028 ????????            <1>  ;;; .GDTSize resd 1
   710                              <1> .GDTBasePtr                             resd    1
   710 0000002C ????????            <1>  ;;; .GDTBasePtr resd 1
   711                              <1> .SegSel                                 resd    1
   711 00000030 ????????            <1>  ;;; .SegSel resd 1
   712                              <1> .EntryPoint                             resd    1
   712 00000034 ????????            <1>  ;;; .EntryPoint resd 1
   713                              <1> .Dummy_4_var                            resb    Dummy_4_size
   713 00000038 <res 1160>          <1>  ;;; .Dummy_4_var resb Dummy_4_size
   714                              <1> 
   715                              <1> endstruc
   715                              <2>  ;;; [macro] endstruc
     0                              <2> %$strucname_size equ ($-%$strucname)
     0                              <2>  ;;; ACM_HEADER_0_size equ ($-ACM_HEADER_0)
     0                              <2> %pop
     0                              <2> __?SECT?__
     0                              <2>  ;;; [section .text]
   716                              <1> ;IDT32GATE STRUCTURE
   717                              <1> 
   718                              <1> struc IDT32GATE
   718                              <2>  ;;; [macro] struc {IDT32GATE},{0}
     0                              <2> %push
     0                              <2> %define %$strucname %1
     0                              <2>  ;;; %define [::44] %$strucname IDT32GATE
     0                              <2> [absolute %2]
     0                              <2>  ;;; [absolute 0]
     0                              <2> %$strucname:
     0                              <2>  ;;; IDT32GATE:
   719                              <1> 
   720                              <1> .Off15_0:                 resw    1
   720 00000000 ????                <1>  ;;; .Off15_0: resw 1
   721                              <1> .Sel:                     resw    1
   721 00000002 ????                <1>  ;;; .Sel: resw 1
   722                              <1> .Attr:                    resw    1
   722 00000004 ????                <1>  ;;; .Attr: resw 1
   723                              <1> .Off31_16:                resw    1
   723 00000006 ????                <1>  ;;; .Off31_16: resw 1
   724                              <1> 
   725                              <1> endstruc
   725                              <2>  ;;; [macro] endstruc
     0                              <2> %$strucname_size equ ($-%$strucname)
     0                              <2>  ;;; IDT32GATE_size equ ($-IDT32GATE)
     0                              <2> %pop
     0                              <2> __?SECT?__
     0                              <2>  ;;; [section .text]
   726                              <1> 
   727                              <1> ;;;;;;;;;;;;;;;;;;;;;;;;;;;;;;;;;;;;;;;;;;;;;;;;;;;;;;;;;;;;;
   728                              <1> ;                       FUNCTION PROTOTYPES
   729                              <1> ;;;;;;;;;;;;;;;;;;;;;;;;;;;;;;;;;;;;;;;;;;;;;;;;;;;;;;;;;;;;;
   730                              <1> 
   731                              <1> extern fillMemory
   731                              <2>  ;;; [macro] extern {fillMemory}
     0                              <2> %rep %0
     0                              <2> [extern %1]
     0                              <2> %rotate 1
     0                              <2> %endrep
     0                              <3> [extern %1]
     0                              <3>  ;;; [extern fillMemory]
     0                              <3> %rotate 1
   732                              <1> extern CoreBuildPml4TablesShort
   732                              <2>  ;;; [macro] extern {CoreBuildPml4TablesShort}
     0                              <2> %rep %0
     0                              <2> [extern %1]
     0                              <2> %rotate 1
     0                              <2> %endrep
     0                              <3> [extern %1]
     0                              <3>  ;;; [extern CoreBuildPml4TablesShort]
     0                              <3> %rotate 1
   733                              <1> extern AcmEntryPoint
   733                              <2>  ;;; [macro] extern {AcmEntryPoint}
     0                              <2> %rep %0
     0                              <2> [extern %1]
     0                              <2> %rotate 1
     0                              <2> %endrep
     0                              <3> [extern %1]
     0                              <3>  ;;; [extern AcmEntryPoint]
     0                              <3> %rotate 1
   734                              <1> extern CoreBuildPml4Tables
   734                              <2>  ;;; [macro] extern {CoreBuildPml4Tables}
     0                              <2> %rep %0
     0                              <2> [extern %1]
     0                              <2> %rotate 1
     0                              <2> %endrep
     0                              <3> [extern %1]
     0                              <3>  ;;; [extern CoreBuildPml4Tables]
     0                              <3> %rotate 1
   735                              <1> extern copyMemory
   735                              <2>  ;;; [macro] extern {copyMemory}
     0                              <2> %rep %0
     0                              <2> [extern %1]
     0                              <2> %rotate 1
     0                              <2> %endrep
     0                              <3> [extern %1]
     0                              <3>  ;;; [extern copyMemory]
     0                              <3> %rotate 1
   736                              <1> extern __Wait1ms
   736                              <2>  ;;; [macro] extern {__Wait1ms}
     0                              <2> %rep %0
     0                              <2> [extern %1]
     0                              <2> %rotate 1
     0                              <2> %endrep
     0                              <3> [extern %1]
     0                              <3>  ;;; [extern __Wait1ms]
     0                              <3> %rotate 1
   737                              <1> extern INTErrorHandler
   737                              <2>  ;;; [macro] extern {INTErrorHandler}
     0                              <2> %rep %0
     0                              <2> [extern %1]
     0                              <2> %rotate 1
     0                              <2> %endrep
     0                              <3> [extern %1]
     0                              <3>  ;;; [extern INTErrorHandler]
     0                              <3> %rotate 1
   738                              <1> extern Update_CRx
   738                              <2>  ;;; [macro] extern {Update_CRx}
     0                              <2> %rep %0
     0                              <2> [extern %1]
     0                              <2> %rotate 1
     0                              <2> %endrep
     0                              <3> [extern %1]
     0                              <3>  ;;; [extern Update_CRx]
     0                              <3> %rotate 1
   739                              <1> extern SgxProtection
   739                              <2>  ;;; [macro] extern {SgxProtection}
     0                              <2> %rep %0
     0                              <2> [extern %1]
     0                              <2> %rotate 1
     0                              <2> %endrep
     0                              <3> [extern %1]
     0                              <3>  ;;; [extern SgxProtection]
     0                              <3> %rotate 1
   740                              <1> extern commonAcmEntryPoint
   740                              <2>  ;;; [macro] extern {commonAcmEntryPoint}
     0                              <2> %rep %0
     0                              <2> [extern %1]
     0                              <2> %rotate 1
     0                              <2> %endrep
     0                              <3> [extern %1]
     0                              <3>  ;;; [extern commonAcmEntryPoint]
     0                              <3> %rotate 1
   741                              <1> 
   742                              <1> ;;;;;;;;;;;;;;;;;;;;;;;;;;;;;;;;;;;;;;;;;;;;;;;;;;;;;;;;;;;;;;
   743                              <1> ;                       EXTERN VARIABLES
   744                              <1> ;;;;;;;;;;;;;;;;;;;;;;;;;;;;;;;;;;;;;;;;;;;;;;;;;;;;;;;;;;;;;;
   745                              <1> 
   746                              <1> extern BiosacCom64Data
   746                              <2>  ;;; [macro] extern {BiosacCom64Data}
     0                              <2> %rep %0
     0                              <2> [extern %1]
     0                              <2> %rotate 1
     0                              <2> %endrep
     0                              <3> [extern %1]
     0                              <3>  ;;; [extern BiosacCom64Data]
     0                              <3> %rotate 1
   747                              <1> extern Com64Data
   747                              <2>  ;;; [macro] extern {Com64Data}
     0                              <2> %rep %0
     0                              <2> [extern %1]
     0                              <2> %rotate 1
     0                              <2> %endrep
     0                              <3> [extern %1]
     0                              <3>  ;;; [extern Com64Data]
     0                              <3> %rotate 1
   748                              <1> extern AcmBase
   748                              <2>  ;;; [macro] extern {AcmBase}
     0                              <2> %rep %0
     0                              <2> [extern %1]
     0                              <2> %rotate 1
     0                              <2> %endrep
     0                              <3> [extern %1]
     0                              <3>  ;;; [extern AcmBase]
     0                              <3> %rotate 1
   749                              <1> extern stackStart
   749                              <2>  ;;; [macro] extern {stackStart}
     0                              <2> %rep %0
     0                              <2> [extern %1]
     0                              <2> %rotate 1
     0                              <2> %endrep
     0                              <3> [extern %1]
     0                              <3>  ;;; [extern stackStart]
     0                              <3> %rotate 1
   750                              <1> extern GdtBasePtr
   750                              <2>  ;;; [macro] extern {GdtBasePtr}
     0                              <2> %rep %0
     0                              <2> [extern %1]
     0                              <2> %rotate 1
     0                              <2> %endrep
     0                              <3> [extern %1]
     0                              <3>  ;;; [extern GdtBasePtr]
     0                              <3> %rotate 1
   751                              <1> extern monitorField
   751                              <2>  ;;; [macro] extern {monitorField}
     0                              <2> %rep %0
     0                              <2> [extern %1]
     0                              <2> %rotate 1
     0                              <2> %endrep
     0                              <3> [extern %1]
     0                              <3>  ;;; [extern monitorField]
     0                              <3> %rotate 1
   752                              <1> extern ilpSmrrBase
   752                              <2>  ;;; [macro] extern {ilpSmrrBase}
     0                              <2> %rep %0
     0                              <2> [extern %1]
     0                              <2> %rotate 1
     0                              <2> %endrep
     0                              <3> [extern %1]
     0                              <3>  ;;; [extern ilpSmrrBase]
     0                              <3> %rotate 1
   753                              <1> extern ilpSmrrMask
   753                              <2>  ;;; [macro] extern {ilpSmrrMask}
     0                              <2> %rep %0
     0                              <2> [extern %1]
     0                              <2> %rotate 1
     0                              <2> %endrep
     0                              <3> [extern %1]
     0                              <3>  ;;; [extern ilpSmrrMask]
     0                              <3> %rotate 1
   754                              <1> extern ilpSmrr2Base
   754                              <2>  ;;; [macro] extern {ilpSmrr2Base}
     0                              <2> %rep %0
     0                              <2> [extern %1]
     0                              <2> %rotate 1
     0                              <2> %endrep
     0                              <3> [extern %1]
     0                              <3>  ;;; [extern ilpSmrr2Base]
     0                              <3> %rotate 1
   755                              <1> extern ilpSmrr2Mask
   755                              <2>  ;;; [macro] extern {ilpSmrr2Mask}
     0                              <2> %rep %0
     0                              <2> [extern %1]
     0                              <2> %rotate 1
     0                              <2> %endrep
     0                              <3> [extern %1]
     0                              <3>  ;;; [extern ilpSmrr2Mask]
     0                              <3> %rotate 1
   756                              <1> extern ilpSmrr2Support
   756                              <2>  ;;; [macro] extern {ilpSmrr2Support}
     0                              <2> %rep %0
     0                              <2> [extern %1]
     0                              <2> %rotate 1
     0                              <2> %endrep
     0                              <3> [extern %1]
     0                              <3>  ;;; [extern ilpSmrr2Support]
     0                              <3> %rotate 1
   757                              <1> extern LocalitiesToCheck
   757                              <2>  ;;; [macro] extern {LocalitiesToCheck}
     0                              <2> %rep %0
     0                              <2> [extern %1]
     0                              <2> %rotate 1
     0                              <2> %endrep
     0                              <3> [extern %1]
     0                              <3>  ;;; [extern LocalitiesToCheck]
     0                              <3> %rotate 1
   758                              <1> extern BspMcuVer
   758                              <2>  ;;; [macro] extern {BspMcuVer}
     0                              <2> %rep %0
     0                              <2> [extern %1]
     0                              <2> %rotate 1
     0                              <2> %endrep
     0                              <3> [extern %1]
     0                              <3>  ;;; [extern BspMcuVer]
     0                              <3> %rotate 1
   759                              <1> extern MlePageTabPhy
   759                              <2>  ;;; [macro] extern {MlePageTabPhy}
     0                              <2> %rep %0
     0                              <2> [extern %1]
     0                              <2> %rotate 1
     0                              <2> %endrep
     0                              <3> [extern %1]
     0                              <3>  ;;; [extern MlePageTabPhy]
     0                              <3> %rotate 1
   760                              <1> extern MleEntryPointPhy
   760                              <2>  ;;; [macro] extern {MleEntryPointPhy}
     0                              <2> %rep %0
     0                              <2> [extern %1]
     0                              <2> %rotate 1
     0                              <2> %endrep
     0                              <3> [extern %1]
     0                              <3>  ;;; [extern MleEntryPointPhy]
     0                              <3> %rotate 1
   761                              <1> extern CodeSegmentStart
   761                              <2>  ;;; [macro] extern {CodeSegmentStart}
     0                              <2> %rep %0
     0                              <2> [extern %1]
     0                              <2> %rotate 1
     0                              <2> %endrep
     0                              <3> [extern %1]
     0                              <3>  ;;; [extern CodeSegmentStart]
     0                              <3> %rotate 1
   762                              <1> extern AcmSize
   762                              <2>  ;;; [macro] extern {AcmSize}
     0                              <2> %rep %0
     0                              <2> [extern %1]
     0                              <2> %rotate 1
     0                              <2> %endrep
     0                              <3> [extern %1]
     0                              <3>  ;;; [extern AcmSize]
     0                              <3> %rotate 1
   763                              <1> extern AcmTop
   763                              <2>  ;;; [macro] extern {AcmTop}
     0                              <2> %rep %0
     0                              <2> [extern %1]
     0                              <2> %rotate 1
     0                              <2> %endrep
     0                              <3> [extern %1]
     0                              <3>  ;;; [extern AcmTop]
     0                              <3> %rotate 1
   764                              <1> extern OriginalIDTR
   764                              <2>  ;;; [macro] extern {OriginalIDTR}
     0                              <2> %rep %0
     0                              <2> [extern %1]
     0                              <2> %rotate 1
     0                              <2> %endrep
     0                              <3> [extern %1]
     0                              <3>  ;;; [extern OriginalIDTR]
     0                              <3> %rotate 1
   765                              <1> extern OriginalEIP
   765                              <2>  ;;; [macro] extern {OriginalEIP}
     0                              <2> %rep %0
     0                              <2> [extern %1]
     0                              <2> %rotate 1
     0                              <2> %endrep
     0                              <3> [extern %1]
     0                              <3>  ;;; [extern OriginalEIP]
     0                              <3> %rotate 1
   766                              <1> extern OriginalEAX
   766                              <2>  ;;; [macro] extern {OriginalEAX}
     0                              <2> %rep %0
     0                              <2> [extern %1]
     0                              <2> %rotate 1
     0                              <2> %endrep
     0                              <3> [extern %1]
     0                              <3>  ;;; [extern OriginalEAX]
     0                              <3> %rotate 1
   767                              <1> extern OriginalESI
   767                              <2>  ;;; [macro] extern {OriginalESI}
     0                              <2> %rep %0
     0                              <2> [extern %1]
     0                              <2> %rotate 1
     0                              <2> %endrep
     0                              <3> [extern %1]
     0                              <3>  ;;; [extern OriginalESI]
     0                              <3> %rotate 1
   768                              <1> extern OriginalEDI
   768                              <2>  ;;; [macro] extern {OriginalEDI}
     0                              <2> %rep %0
     0                              <2> [extern %1]
     0                              <2> %rotate 1
     0                              <2> %endrep
     0                              <3> [extern %1]
     0                              <3>  ;;; [extern OriginalEDI]
     0                              <3> %rotate 1
   769                              <1> extern OriginalECX
   769                              <2>  ;;; [macro] extern {OriginalECX}
     0                              <2> %rep %0
     0                              <2> [extern %1]
     0                              <2> %rotate 1
     0                              <2> %endrep
     0                              <3> [extern %1]
     0                              <3>  ;;; [extern OriginalECX]
     0                              <3> %rotate 1
   770                              <1> extern OriginalEDX
   770                              <2>  ;;; [macro] extern {OriginalEDX}
     0                              <2> %rep %0
     0                              <2> [extern %1]
     0                              <2> %rotate 1
     0                              <2> %endrep
     0                              <3> [extern %1]
     0                              <3>  ;;; [extern OriginalEDX]
     0                              <3> %rotate 1
   771                              <1> extern OriginalCR4
   771                              <2>  ;;; [macro] extern {OriginalCR4}
     0                              <2> %rep %0
     0                              <2> [extern %1]
     0                              <2> %rotate 1
     0                              <2> %endrep
     0                              <3> [extern %1]
     0                              <3>  ;;; [extern OriginalCR4]
     0                              <3> %rotate 1
   772                              <1> extern OriginalES
   772                              <2>  ;;; [macro] extern {OriginalES}
     0                              <2> %rep %0
     0                              <2> [extern %1]
     0                              <2> %rotate 1
     0                              <2> %endrep
     0                              <3> [extern %1]
     0                              <3>  ;;; [extern OriginalES]
     0                              <3> %rotate 1
   773                              <1> extern OriginalFS
   773                              <2>  ;;; [macro] extern {OriginalFS}
     0                              <2> %rep %0
     0                              <2> [extern %1]
     0                              <2> %rotate 1
     0                              <2> %endrep
     0                              <3> [extern %1]
     0                              <3>  ;;; [extern OriginalFS]
     0                              <3> %rotate 1
   774                              <1> extern OriginalGS
   774                              <2>  ;;; [macro] extern {OriginalGS}
     0                              <2> %rep %0
     0                              <2> [extern %1]
     0                              <2> %rotate 1
     0                              <2> %endrep
     0                              <3> [extern %1]
     0                              <3>  ;;; [extern OriginalGS]
     0                              <3> %rotate 1
   775                              <1> extern OriginalSS
   775                              <2>  ;;; [macro] extern {OriginalSS}
     0                              <2> %rep %0
     0                              <2> [extern %1]
     0                              <2> %rotate 1
     0                              <2> %endrep
     0                              <3> [extern %1]
     0                              <3>  ;;; [extern OriginalSS]
     0                              <3> %rotate 1
   776                              <1> extern SeamldrCom64Data
   776                              <2>  ;;; [macro] extern {SeamldrCom64Data}
     0                              <2> %rep %0
     0                              <2> [extern %1]
     0                              <2> %rotate 1
     0                              <2> %endrep
     0                              <3> [extern %1]
     0                              <3>  ;;; [extern SeamldrCom64Data]
     0                              <3> %rotate 1
   777                              <1> extern OriginalIDTRLimit
   777                              <2>  ;;; [macro] extern {OriginalIDTRLimit}
     0                              <2> %rep %0
     0                              <2> [extern %1]
     0                              <2> %rotate 1
     0                              <2> %endrep
     0                              <3> [extern %1]
     0                              <3>  ;;; [extern OriginalIDTRLimit]
     0                              <3> %rotate 1
   778                              <1> extern HeaderStart
   778                              <2>  ;;; [macro] extern {HeaderStart}
     0                              <2> %rep %0
     0                              <2> [extern %1]
     0                              <2> %rotate 1
     0                              <2> %endrep
     0                              <3> [extern %1]
     0                              <3>  ;;; [extern HeaderStart]
     0                              <3> %rotate 1
   779                              <1> extern shadow_stack_vesp
   779                              <2>  ;;; [macro] extern {shadow_stack_vesp}
     0                              <2> %rep %0
     0                              <2> [extern %1]
     0                              <2> %rotate 1
     0                              <2> %endrep
     0                              <3> [extern %1]
     0                              <3>  ;;; [extern shadow_stack_vesp]
     0                              <3> %rotate 1
   780                              <1> extern shadow_stack_vesp64
   780                              <2>  ;;; [macro] extern {shadow_stack_vesp64}
     0                              <2> %rep %0
     0                              <2> [extern %1]
     0                              <2> %rotate 1
     0                              <2> %endrep
     0                              <3> [extern %1]
     0                              <3>  ;;; [extern shadow_stack_vesp64]
     0                              <3> %rotate 1
   781                              <1> extern shadow_stack_vesp64_bottom
   781                              <2>  ;;; [macro] extern {shadow_stack_vesp64_bottom}
     0                              <2> %rep %0
     0                              <2> [extern %1]
     0                              <2> %rotate 1
     0                              <2> %endrep
     0                              <3> [extern %1]
     0                              <3>  ;;; [extern shadow_stack_vesp64_bottom]
     0                              <3> %rotate 1
   782                              <1> 
   783                              <1> ;;;;;;;;;;;;;;;;;;;;;;;;;;;;;;;;;;;;;;;;;;;;;;;;;;;;;;;;;;;;;;
   784                              <1> ;                       Helper macros
   785                              <1> ;;;;;;;;;;;;;;;;;;;;;;;;;;;;;;;;;;;;;;;;;;;;;;;;;;;;;;;;;;;;;;
   786                              <1> 
   787                              <1> 
   788                              <1> ;;;;;;;;;;;;;;;;;;;;;;;;;;;;;;;;;;;;;;;;;;;;;;;;;;;;;;;;;;;;;;
   789                              <1> ;            Implementation of if and else Macros
   790                              <1> ;;;;;;;;;;;;;;;;;;;;;;;;;;;;;;;;;;;;;;;;;;;;;;;;;;;;;;;;;;;;;;
   791                              <1> 
   792                              <1> %macro IF 1
   793                              <1> 
   794                              <1>         %push IF
   795                              <1>         j%-1  %$ifnot
   796                              <1> 
   797                              <1> %endmacro
   798                              <1> 
   799                              <1> %macro ELSE 0
   800                              <1> 
   801                              <1>   %ifctx IF
   802                              <1>         %repl   else
   803                              <1>         jmp     %$ifend
   804                              <1>         %$ifnot:
   805                              <1>   %else
   806                              <1>         %error  "expected IF before ELSE"
   807                              <1>   %endif
   808                              <1> 
   809                              <1> %endmacro
   810                              <1> 
   811                              <1> %macro ENDIF 0
   812                              <1> 
   813                              <1>   %ifctx IF
   814                              <1>         %$ifnot:
   815                              <1>         %pop
   816                              <1>   %elifctx  else
   817                              <1>         %$ifend:
   818                              <1>         %pop
   819                              <1>   %else
   820                              <1>         %error  "expected IF or ELSE before ENDIF"
   821                              <1>   %endif
   822                              <1> 
   823                              <1> %endmacro
   824                              <1> 
   825                              <1> ;;;;;;;;;;;;;;;;;;;;;;;;;;;;;;;;;;;;;;;;;;;;;;;;;;;;;;;;;;;;;;
   826                              <1> ;  Implementation of Repeat Macro
   827                              <1> ;;;;;;;;;;;;;;;;;;;;;;;;;;;;;;;;;;;;;;;;;;;;;;;;;;;;;;;;;;;;;;
   828                              <1> 
   829                              <1> %macro REPEAT 0
   830                              <1> 
   831                              <1>     %push   REPEAT
   832                              <1>     %$begin:
   833                              <1> 
   834                              <1> %endmacro
   835                              <1> 
   836                              <1> %macro UNTIL_FOREVER 0
   837                              <1>         jmp    %$begin
   838                              <1> %$break:
   839                              <1>     %pop
   840                              <1> 
   841                              <1> %endmacro
   842                              <1> 
   843                              <1> %macro UNTIL 3
   844                              <1>         cmp %1,%3
   845                              <1>         j%-2    %$begin
   846                              <1> %$break:
   847                              <1>     %pop
   848                              <1> 
   849                              <1> %endmacro
   850                              <1> 
   851                              <1> %macro UNTILCXZ 0
   852                              <1> 
   853                              <1>         loop    %$begin
   854                              <1> %$break:
   855                              <1>     %pop
   856                              <1> 
   857                              <1> %endmacro
   858                              <1> 
   859                              <1> %macro UNTILCXNZ 0
   860                              <1> 
   861                              <1>         loop    %$begin
   862                              <1> %$break:
   863                              <1>     %pop
   864                              <1> 
   865                              <1> %endmacro
   866                              <1> 
   867                              <1> 
   868                              <1> %macro BREAK_IF_EQUAL 2
   869                              <1> 	%ifctx REPEAT
   870                              <1>                 cmp %1,%2
   871                              <1>                 je %$break
   872                              <1> 	%else
   873                              <1> 		%fatal "BREAK_IF must be inside REPEAT"
   874                              <1> 	%endif
   875                              <1> %endmacro
   876                              <1> 
   877                              <1> %macro BREAK_IF_NOTEQUAL 2
   878                              <1> 	%ifctx REPEAT
   879                              <1>                 cmp %1,%2
   880                              <1>                 jne %$break
   881                              <1> 	%else
   882                              <1> 		%fatal "BREAK_IF must be inside REPEAT"
   883                              <1> 	%endif
   884                              <1> %endmacro
   885                              <1> 
   886                              <1> %macro BREAK_IF_ZERO 0
   887                              <1> 	%ifctx REPEAT
   888                              <1>                 je %$break
   889                              <1> 	%else
   890                              <1> 		%fatal "BREAK_IF must be inside REPEAT"
   891                              <1> 	%endif
   892                              <1> %endmacro
   893                              <1> 
   894                              <1> %macro BREAK_IF_NOT_ZERO 0
   895                              <1> 	%ifctx REPEAT
   896                              <1>                 jne %$break
   897                              <1> 	%else
   898                              <1> 		%fatal "BREAK_IF must be inside REPEAT"
   899                              <1> 	%endif
   900                              <1> %endmacro
   901                              <1> ;;;;;;;;;;;;;;;;;;;;;;;;;;;;;;;;;;;;;;;;;;;;;;;;;;;;;;;;;;;;;;
   902                              <1> ;  Implementation of MULTIPUSH and MULTIPOP Macro
   903                              <1> ;;;;;;;;;;;;;;;;;;;;;;;;;;;;;;;;;;;;;;;;;;;;;;;;;;;;;;;;;;;;;;
   904                              <1> 
   905                              <1> 
   906                              <1> %macro  MULTIPUSH 1-*
   907                              <1> 
   908                              <1>   %rep  %0
   909                              <1>         push    %1
   910                              <1>   %rotate 1
   911                              <1>   %endrep
   912                              <1> 
   913                              <1> %endmacro
   914                              <1> 
   915                              <1> %macro  MULTIPOP 1-*
   916                              <1> 
   917                              <1>   %rep %0
   918                              <1>   %rotate -1
   919                              <1>         pop     %1
   920                              <1>   %endrep
   921                              <1> 
   922                              <1> %endmacro
   923                              <1> 
   924                              <1> ;;;;;;;;;;;;;;;;;;;;;;;;;;;;;;;;;;;;;;;;;;;;;;;;;;;;;;;;;;;;;;;;;;;;;;
   925                              <1> ;  Implementation of PROLOGUE and EPILOGUE  Macro
   926                              <1> ;;;;;;;;;;;;;;;;;;;;;;;;;;;;;;;;;;;;;;;;;;;;;;;;;;;;;;;;;;;;;;;;;;;;;;
   927                              <1> %macro  PROLOGUE 1
   928                              <1>         push    ebp
   929                              <1>         mov     ebp,esp
   930                              <1>         sub     esp,%1
   931                              <1> %endmacro
   932                              <1> 
   933                              <1> %macro  PROLOGUE 0
   934                              <1>         push    ebp
   935                              <1>         mov     ebp,esp
   936                              <1> %endmacro
   937                              <1> 
   938                              <1> %macro  EPILOGUE  0
   939                              <1>         leave
   940                              <1>         ret
   941                              <1> %endmacro
   942                              <1> ;;;;;;;;;;;;;;;;;;;;;;;;;;;;;;;;;;;;;;;;;;;;;;;;;;;;;;;;;;;;;;;;;;;;;;
   943                              <1> ;  Implementation of DEBUG_BREAK_POINT Macro define DEBUG before using
   944                              <1> ;;;;;;;;;;;;;;;;;;;;;;;;;;;;;;;;;;;;;;;;;;;;;;;;;;;;;;;;;;;;;;;;;;;;;;
   945                              <1> 
   946                              <1> %ifdef DEBUG
   947                              <1> 
   948                              <1> %macro DEBUG_BREAK_POINT 0
   949                              <1>         jmp     $
   950                              <1> %endmacro
   951                              <1> 
   952                              <1> %macro PRINT_TO_PORT 1
   953                              <1>         push ax
   954                              <1>         mov ax, %1
   955                              <1>         out PORT80, ax
   956                              <1>         pop ax
   957                              <1> %endmacro
   958                              <1> 
   959                              <1> %else
   960                              <1> %macro DEBUG_BREAK_POINT  0
   961                              <1> %endmacro
   962                              <1> 
   963                              <1> %macro PRINT_TO_PORT 1
   964                              <1> %endmacro
   965                              <1> 
   966                              <1> %endif
   967                              <1> 
   968                              <1> %endif
    26                                  
    27                                  
    28                                  segment .data  align=16
    28                              <1>  ;;; [macro] segment {.data align=16}
     0                              <1> %define __?SECT?__ [segment %1]
     0                              <1>  ;;; %define __?SECT?__ [segment .data align=16]
     0                              <1> __?SECT?__
     0                              <1>  ;;; [segment .data align=16]
    29                                      movdir64b_supported    db 0xff    ; 0xff = uninitialized, 0 = not supported, 1 = supported
    29 00000000 FF                       ;;;  movdir64b_supported db 0xff
    30                                  
    31                                  segment .text  align=16
    31                              <1>  ;;; [macro] segment {.text align=16}
     0                              <1> %define __?SECT?__ [segment %1]
     0                              <1>  ;;; %define __?SECT?__ [segment .text align=16]
     0                              <1> __?SECT?__
     0                              <1>  ;;; [segment .text align=16]
    32                                  
    33                                  ;-----------------------------------------------------------------------------
    34                                  ;-----------------------------------------------------------------------------
    35                                  ;  Procedure:	check_movdir64b_support
    36                                  ; 
    37                                  ;  Input:	None
    38                                  ; 
    39                                  ;  Output:	AL = 1 if MOVDIR64B is supported, 0 if not
    40                                  ; 
    41                                  ;  Description:  Check if MOVDIR64B instruction is supported using CPUID
    42                                  ;                MOVDIR64B is indicated by bit 28 in ECX when CPUID(EAX=7, ECX=0)
    43                                  ; 
    44                                  ;-----------------------------------------------------------------------------
    45                                  ;-----------------------------------------------------------------------------
    46                                  check_movdir64b_support:
    46                                   ;;; check_movdir64b_support:
    47                                      push       rbx
    47 00000000 53                       ;;;  push rbx
    48                                      push       rcx
    48 00000001 51                       ;;;  push rcx
    49                                      push       rdx
    49 00000002 52                       ;;;  push rdx
    50                                      
    51                                      ; Check if we already determined support
    52                                      mov        al, [movdir64b_supported]
    52 00000003 8A05(00000000)           ;;;  mov al, [movdir64b_supported]
    53                                      cmp        al, 0xff
    53 00000009 3CFF                     ;;;  cmp al, 0xff
    54                                      jne        .done
    54 0000000B 7534                     ;;;  jne .done
    55                                      
    56                                      ; First check if CPUID supports leaf 7
    57                                      mov        eax, 0
    57 0000000D B800000000               ;;;  mov eax, 0
    58                                      cpuid
    58 00000012 0FA2                     ;;;  cpuid
    59                                      cmp        eax, 7
    59 00000014 83F807                   ;;;  cmp eax, 7
    60                                      jl         .not_supported
    60 00000017 7C1F                     ;;;  jl .not_supported
    61                                      
    62                                      ; Check MOVDIR64B support (bit 28 in ECX from CPUID leaf 7, subleaf 0)
    63                                      mov        eax, 7
    63 00000019 B807000000               ;;;  mov eax, 7
    64                                      mov        ecx, 0
    64 0000001E B900000000               ;;;  mov ecx, 0
    65                                      cpuid
    65 00000023 0FA2                     ;;;  cpuid
    66                                      
    67                                      ; Test bit 28 in ECX
    68                                      test       ecx, (1 << 28)
    68 00000025 F7C100000010             ;;;  test ecx, (1 << 28)
    69                                      jz         .not_supported
    69 0000002B 740B                     ;;;  jz .not_supported
    70                                      
    71                                      ; MOVDIR64B is supported
    72                                      mov        byte [movdir64b_supported], 1
    72 0000002D C605(00000000)01         ;;;  mov byte [movdir64b_supported], 1
    73                                      mov        al, 1
    73 00000034 B001                     ;;;  mov al, 1
    74                                      jmp        .done
    74 00000036 EB09                     ;;;  jmp .done
    75                                      
    76                                  .not_supported:
    76                                   ;;; .not_supported:
    77                                      mov        byte [movdir64b_supported], 0
    77 00000038 C605(00000000)00         ;;;  mov byte [movdir64b_supported], 0
    78                                      mov        al, 0
    78 0000003F B000                     ;;;  mov al, 0
    79                                      
    80                                  .done:
    80                                   ;;; .done:
    81                                      pop        rdx
    81 00000041 5A                       ;;;  pop rdx
    82                                      pop        rcx
    82 00000042 59                       ;;;  pop rcx
    83                                      pop        rbx
    83 00000043 5B                       ;;;  pop rbx
    84                                      ret
    84 00000044 C3                       ;;;  ret
    85                                  
    86                                  ;-----------------------------------------------------------------------------
    87                                  ;-----------------------------------------------------------------------------
    88                                  ;  Procedure:	movdir64b_native
    89                                  ; 
    90                                  ;  Input:	Source (RSI)
    91                                  ;           Destination (RDI)
    92                                  ; 
    93                                  ;  Output:	None
    94                                  ; 
    95                                  ;  Description:  Native MOVDIR64B implementation
    96                                  ; 
    97                                  ;-----------------------------------------------------------------------------
    98                                  ;-----------------------------------------------------------------------------
    99                                  movdir64b_native:
    99                                   ;;; movdir64b_native:
   100                                      ; MOVDIR64B instruction using direct encoding
   101                                      DB 066h
   101 00000045 66                       ;;;  DB 066h
   102                                      DB 0Fh
   102 00000046 0F                       ;;;  DB 0Fh
   103                                      DB 038h
   103 00000047 38                       ;;;  DB 038h
   104                                      DB 0F8h
   104 00000048 F8                       ;;;  DB 0F8h
   105                                      DB 037h    ; ModRM = RDI->RSI
   105 00000049 37                       ;;;  DB 037h
   106                                      ret
   106 0000004A C3                       ;;;  ret
   107                                  
   108                                  ;-----------------------------------------------------------------------------
   109                                  ;-----------------------------------------------------------------------------
   110                                  ;  Procedure:	movdir64b_fallback
   111                                  ; 
   112                                  ;  Input:	Source (RSI)
   113                                  ;           Destination (RDI)
   114                                  ; 
   115                                  ;  Output:	None
   116                                  ; 
   117                                  ;  Description:  Fallback implementation using regular moves
   118                                  ; 
   119                                  ;-----------------------------------------------------------------------------
   120                                  ;-----------------------------------------------------------------------------
   121                                  movdir64b_fallback:
   121                                   ;;; movdir64b_fallback:
   122                                      push       rax
   122 0000004B 50                       ;;;  push rax
   123                                      
   124                                      ; Move 64 bytes using 8 x 8-byte moves
   125                                      mov        rax, [rsi]
   125 0000004C 488B06                   ;;;  mov rax, [rsi]
   126                                      mov        [rdi], rax
   126 0000004F 488907                   ;;;  mov [rdi], rax
   127                                      
   128                                      mov        rax, [rsi + 8]
   128 00000052 488B4608                 ;;;  mov rax, [rsi + 8]
   129                                      mov        [rdi + 8], rax
   129 00000056 48894708                 ;;;  mov [rdi + 8], rax
   130                                      
   131                                      mov        rax, [rsi + 16]
   131 0000005A 488B4610                 ;;;  mov rax, [rsi + 16]
   132                                      mov        [rdi + 16], rax
   132 0000005E 48894710                 ;;;  mov [rdi + 16], rax
   133                                      
   134                                      mov        rax, [rsi + 24]
   134 00000062 488B4618                 ;;;  mov rax, [rsi + 24]
   135                                      mov        [rdi + 24], rax
   135 00000066 48894718                 ;;;  mov [rdi + 24], rax
   136                                      
   137                                      mov        rax, [rsi + 32]
   137 0000006A 488B4620                 ;;;  mov rax, [rsi + 32]
   138                                      mov        [rdi + 32], rax
   138 0000006E 48894720                 ;;;  mov [rdi + 32], rax
   139                                      
   140                                      mov        rax, [rsi + 40]
   140 00000072 488B4628                 ;;;  mov rax, [rsi + 40]
   141                                      mov        [rdi + 40], rax
   141 00000076 48894728                 ;;;  mov [rdi + 40], rax
   142                                      
   143                                      mov        rax, [rsi + 48]
   143 0000007A 488B4630                 ;;;  mov rax, [rsi + 48]
   144                                      mov        [rdi + 48], rax
   144 0000007E 48894730                 ;;;  mov [rdi + 48], rax
   145                                      
   146                                      mov        rax, [rsi + 56]
   146 00000082 488B4638                 ;;;  mov rax, [rsi + 56]
   147                                      mov        [rdi + 56], rax
   147 00000086 48894738                 ;;;  mov [rdi + 56], rax
   148                                      
   149                                      pop        rax
   149 0000008A 58                       ;;;  pop rax
   150                                      ret
   150 0000008B C3                       ;;;  ret
   151                                  
   152                                  ;-----------------------------------------------------------------------------
   153                                  ;-----------------------------------------------------------------------------
   154                                  ;  Procedure:	Movdir64B
   155                                  ; 
   156                                  ;  Input:	Source (RCX)
   157                                  ;           Destination (RDX)
   158                                  ; 
   159                                  ;  Output:	None
   160                                  ; 
   161                                  ;  Description:  Wrapper that automatically chooses between native MOVDIR64B
   162                                  ;                and fallback implementation based on CPU support
   163                                  ; 
   164                                  ;-----------------------------------------------------------------------------
   165                                  ;-----------------------------------------------------------------------------
   166                                  global Movdir64B
   166                              <1>  ;;; [macro] global {Movdir64B}
     0                              <1> %rep %0
     0                              <1> [global %1]
     0                              <1> %rotate 1
     0                              <1> %endrep
     0                              <2> [global %1]
     0                              <2>  ;;; [global Movdir64B]
     0                              <2> %rotate 1
   167                                  Movdir64B :
   167                                   ;;; Movdir64B :
   168                                      push       rdi
   168 0000008C 57                       ;;;  push rdi
   169                                      push       rsi
   169 0000008D 56                       ;;;  push rsi
   170                                      
   171                                      mov        rsi, rcx    ; Source address
   171 0000008E 4889CE                   ;;;  mov rsi, rcx
   172                                      mov        rdi, rdx    ; Destination address
   172 00000091 4889D7                   ;;;  mov rdi, rdx
   173                                      
   174                                      ; Check if MOVDIR64B is supported
   175                                      call       check_movdir64b_support
   175 00000094 E867FFFFFF               ;;;  call check_movdir64b_support
   176                                      test       al, al
   176 00000099 84C0                     ;;;  test al, al
   177                                      jz         .use_fallback
   177 0000009B 7407                     ;;;  jz .use_fallback
   178                                      
   179                                      ; Use native MOVDIR64B
   180                                      call       movdir64b_native
   180 0000009D E8A3FFFFFF               ;;;  call movdir64b_native
   181                                      jmp        .done
   181 000000A2 EB05                     ;;;  jmp .done
   182                                      
   183                                  .use_fallback:
   183                                   ;;; .use_fallback:
   184                                      ; Use fallback implementation
   185                                      call       movdir64b_fallback
   185 000000A4 E8A2FFFFFF               ;;;  call movdir64b_fallback
   186                                      
   187                                  .done:
   187                                   ;;; .done:
   188                                      pop        rsi
   188 000000A9 5E                       ;;;  pop rsi
   189                                      pop        rdi
   189 000000AA 5F                       ;;;  pop rdi
   190                                      ret
   190 000000AB C3                       ;;;  ret
