
Dump of file C:/Users/jwhur/Downloads/seam-loader/seam-loader-main-1.5/np-seam-loader/seamldr_src/Projects/Server/Emr/Seamldr/..\/Seamldr/output/ENG_TR_O1/EMR_NP_SEAMLDR64_ENG_TR_O1.exe

PE signature found

File Type: EXECUTABLE IMAGE

FILE HEADER VALUES
            8664 machine (x64)
               6 number of sections
        68F679F9 time date stamp Mon Oct 20 11:05:45 2025
               0 file pointer to symbol table
               0 number of symbols
              F0 size of optional header
              22 characteristics
                   Executable
                   Application can handle large (>2GB) addresses

OPTIONAL HEADER VALUES
             20B magic # (PE32+)
           14.00 linker version
            2200 size of code
            3600 size of initialized data
               0 size of uninitialized data
            5000 entry point (0000000000005000) Entry64
            1000 base of code
               0 image base (0000000000000000 to 000000000000AFFF)
            1000 section alignment
             200 file alignment
            6.00 operating system version
            0.00 image version
            6.00 subsystem version
               0 Win32 version
            B000 size of image
             400 size of headers
            791C checksum
               1 subsystem (Native)
             160 DLL characteristics
                   High Entropy Virtual Addresses
                   Dynamic base
                   NX compatible
          100000 size of stack reserve
            1000 size of stack commit
          100000 size of heap reserve
            1000 size of heap commit
               0 loader flags
              10 number of directories
               0 [       0] RVA [size] of Export Directory
               0 [       0] RVA [size] of Import Directory
               0 [       0] RVA [size] of Resource Directory
            8000 [     150] RVA [size] of Exception Directory
               0 [       0] RVA [size] of Certificates Directory
            A000 [       C] RVA [size] of Base Relocation Directory
            9000 [      54] RVA [size] of Debug Directory
               0 [       0] RVA [size] of Architecture Directory
               0 [       0] RVA [size] of Global Pointer Directory
               0 [       0] RVA [size] of Thread Storage Directory
               0 [       0] RVA [size] of Load Configuration Directory
               0 [       0] RVA [size] of Bound Import Directory
               0 [       0] RVA [size] of Import Address Table Directory
               0 [       0] RVA [size] of Delay Import Directory
               0 [       0] RVA [size] of COM Descriptor Directory
               0 [       0] RVA [size] of Reserved Directory


SECTION HEADER #1
   .data name
       1 virtual size
    1000 virtual address (0000000000001000 to 0000000000001000)
     200 size of raw data
     400 file pointer to raw data (00000400 to 000005FF)
       0 file pointer to relocation table
       0 file pointer to line numbers
       0 number of relocations
       0 number of line numbers
C0000040 flags
         Initialized Data
         Read Write

RAW DATA #1
  0000000000001000: FF                                               ÿ

SECTION HEADER #2
 EDATA32 name
    2A22 virtual size
    2000 virtual address (0000000000002000 to 0000000000004A21)
    2C00 size of raw data
     600 file pointer to raw data (00000600 to 000031FF)
       0 file pointer to relocation table
       0 file pointer to line numbers
       0 number of relocations
       0 number of line numbers
C0000040 flags
         Initialized Data
         Read Write

RAW DATA #2
  0000000000002000: 00 00 00 00 00 00 00 00 4E 6F 20 66 72 65 65 20  ........No free 
  0000000000002010: 32 4D 42 20 65 6E 74 72 69 65 73 20 6C 65 66 74  2MB entries left
  0000000000002020: 20 74 6F 20 6D 61 70 20 74 68 65 20 72 61 6E 67   to map the rang
  0000000000002030: 65 00 00 00 00 00 00 00 4E 6F 20 66 72 65 65 20  e.......No free 
  0000000000002040: 34 4B 42 20 65 6E 74 72 69 65 73 20 6C 65 66 74  4KB entries left
  0000000000002050: 20 74 6F 20 6D 61 70 20 74 68 65 20 72 61 6E 67   to map the rang
  0000000000002060: 65 00 00 00 00 00 00 00 1B 00 0A FF 00 00 00 00  e..........ÿ....
  0000000000002070: 46 61 69 6C 65 64 20 74 6F 20 6D 61 70 20 73 79  Failed to map sy
  0000000000002080: 73 69 6E 66 6F 20 74 61 62 6C 65 21 0A 00 00 00  sinfo table!....
  0000000000002090: 53 65 61 6D 6C 64 72 41 63 6D 0A 00 00 00 00 00  SeamldrAcm......
  00000000000020A0: 4D 61 78 69 6D 75 6D 53 75 70 70 6F 72 74 4D 65  MaximumSupportMe
  00000000000020B0: 6D 41 64 64 72 65 73 73 3A 20 00 00 0A 00 00 00  mAddress: ......
  00000000000020C0: 53 45 41 4D 52 52 5F 42 41 53 45 5F 4D 53 52 3A  SEAMRR_BASE_MSR:
  00000000000020D0: 20 00 00 00 00 00 00 00 53 45 41 4D 52 52 5F 4D   .......SEAMRR_M
  00000000000020E0: 41 53 4B 5F 4D 53 52 3A 20 00 00 00 00 00 00 00  ASK_MSR: .......
  00000000000020F0: 53 65 61 6D 72 72 20 6D 61 73 6B 20 6E 6F 74 20  Seamrr mask not 
  0000000000002100: 76 61 6C 69 64 0A 00 00 53 65 61 6D 72 72 20 73  valid...Seamrr s
  0000000000002110: 69 7A 65 3A 20 00 00 00 57 72 69 74 69 6E 67 20  ize: ...Writing 
  0000000000002120: 73 65 61 6D 72 72 20 6D 61 73 6B 20 2D 20 00 00  seamrr mask - ..
  0000000000002130: 4D 61 70 70 65 64 20 50 53 79 73 49 6E 66 6F 54  Mapped PSysInfoT
  0000000000002140: 61 62 6C 65 20 74 6F 20 76 69 72 74 75 61 6C 20  able to virtual 
  0000000000002150: 61 64 64 72 3A 20 00 00 53 65 61 6D 6C 64 72 44  addr: ..SeamldrD
  0000000000002160: 61 74 61 2E 53 79 73 49 6E 66 6F 54 61 62 6C 65  ata.SysInfoTable
  0000000000002170: 2D 3E 50 53 65 61 6D 6C 64 72 52 61 6E 67 65 2E  ->PSeamldrRange.
  0000000000002180: 53 69 7A 65 3A 20 30 78 00 00 00 00 00 00 00 00  Size: 0x........
  0000000000002190: 53 65 61 6D 6C 64 72 44 61 74 61 2E 50 53 65 61  SeamldrData.PSea
  00000000000021A0: 6D 6C 64 72 43 6F 6E 73 74 73 2D 3E 43 43 6F 64  mldrConsts->CCod
  00000000000021B0: 65 52 67 6E 53 69 7A 65 3A 20 30 78 00 00 00 00  eRgnSize: 0x....
  00000000000021C0: 53 65 61 6D 6C 64 72 44 61 74 61 2E 50 53 65 61  SeamldrData.PSea
  00000000000021D0: 6D 6C 64 72 43 6F 6E 73 74 73 2D 3E 43 44 61 74  mldrConsts->CDat
  00000000000021E0: 61 53 74 61 63 6B 53 69 7A 65 3A 20 30 78 00 00  aStackSize: 0x..
  00000000000021F0: 53 65 61 6D 6C 64 72 44 61 74 61 2E 50 53 65 61  SeamldrData.PSea
  0000000000002200: 6D 6C 64 72 43 6F 6E 73 74 73 2D 3E 43 44 61 74  mldrConsts->CDat
  0000000000002210: 61 52 67 6E 53 69 7A 65 3A 20 30 78 00 00 00 00  aRgnSize: 0x....
  0000000000002220: 43 61 6E 27 74 20 6D 61 70 20 74 68 65 20 53 79  Can't map the Sy
  0000000000002230: 73 69 6E 66 6F 20 74 61 62 6C 65 2C 20 6E 6F 74  sinfo table, not
  0000000000002240: 20 65 6E 6F 75 67 68 20 70 61 67 65 20 74 61 62   enough page tab
  0000000000002250: 6C 65 20 65 6E 74 72 69 65 73 0A 00 00 00 00 00  le entries......
  0000000000002260: 53 65 61 6D 72 72 20 72 61 6E 67 65 20 74 6F 6F  Seamrr range too
  0000000000002270: 20 62 69 67 3A 20 00 00 43 61 6E 27 74 20 6D 61   big: ..Can't ma
  0000000000002280: 70 20 74 68 65 20 53 45 41 4D 52 52 20 72 65 67  p the SEAMRR reg
  0000000000002290: 69 6F 6E 2C 20 6E 6F 74 20 65 6E 6F 75 67 68 20  ion, not enough 
  00000000000022A0: 70 61 67 65 20 74 61 62 6C 65 20 65 6E 74 72 69  page table entri
  00000000000022B0: 65 73 0A 00 00 00 00 00 49 6E 76 61 6C 69 64 20  es......Invalid 
  00000000000022C0: 6E 75 6D 62 65 72 20 6F 66 20 73 6F 63 6B 65 74  number of socket
  00000000000022D0: 73 3A 20 0A 00 00 00 00 53 6F 63 6B 65 74 20 43  s: .....Socket C
  00000000000022E0: 50 55 49 44 20 74 61 62 6C 65 20 6E 6F 74 20 76  PUID table not v
  00000000000022F0: 61 6C 69 64 0A 00 00 00 50 5F 53 59 53 5F 49 4E  alid....P_SYS_IN
  0000000000002300: 46 4F 5F 54 41 42 4C 45 20 76 65 72 73 69 6F 6E  FO_TABLE version
  0000000000002310: 20 6D 69 73 6D 61 74 63 68 2C 20 67 6F 74 20 76   mismatch, got v
  0000000000002320: 65 72 73 69 6F 6E 20 0A 00 00 00 00 00 00 00 00  ersion .........
  0000000000002330: 41 63 71 75 69 72 69 6E 67 20 53 45 41 4D 52 52  Acquiring SEAMRR
  0000000000002340: 20 6C 6F 63 6B 0A 00 00 53 65 61 6D 6C 64 72 4D   lock...SeamldrM
  0000000000002350: 75 74 65 78 53 74 61 74 75 73 20 69 73 20 6E 6F  utexStatus is no
  0000000000002360: 74 20 63 6F 72 72 65 63 74 0A 00 00 00 00 00 00  t correct.......
  0000000000002370: 41 63 6D 58 32 41 70 69 63 49 64 20 65 72 72 6F  AcmX2ApicId erro
  0000000000002380: 72 0A 00 00 00 00 00 00 45 72 72 6F 72 3A 20 50  r.......Error: P
  0000000000002390: 20 53 65 61 6D 6C 64 72 20 68 61 73 6E 27 74 20   Seamldr hasn't 
  00000000000023A0: 73 68 75 74 20 64 6F 77 6E 20 70 72 6F 70 65 72  shut down proper
  00000000000023B0: 6C 79 0A 00 00 00 00 00 52 44 53 45 45 44 20 66  ly......RDSEED f
  00000000000023C0: 61 69 6C 65 64 0A 00 00 41 73 6C 72 52 61 6E 64  ailed...AslrRand
  00000000000023D0: 20 00 00 00 00 00 00 00 50 73 65 61 6D 6C 64 72   .......Pseamldr
  00000000000023E0: 20 52 61 6E 67 65 20 74 6F 6F 20 73 6D 61 6C 6C   Range too small
  00000000000023F0: 0A 00 00 00 00 00 00 00 53 65 61 6D 52 52 20 56  ........SeamRR V
  0000000000002400: 41 3A 20 30 78 00 00 00 53 65 61 6D 52 52 20 53  A: 0x...SeamRR S
  0000000000002410: 69 7A 65 3A 20 30 78 00 4C 6F 61 64 20 20 50 2D  ize: 0x.Load  P-
  0000000000002420: 53 65 61 6D 6C 64 20 63 6F 64 65 0A 00 00 00 00  Seamld code.....
  0000000000002430: 4C 6F 61 64 69 6E 67 20 50 2D 53 65 61 6D 6C 64  Loading P-Seamld
  0000000000002440: 72 20 63 6F 64 65 20 66 61 69 6C 65 64 0A 00 00  r code failed...
  0000000000002450: 46 61 69 6C 65 64 20 74 6F 20 72 65 6C 6F 63 61  Failed to reloca
  0000000000002460: 74 65 20 50 2D 53 65 61 6D 6C 64 72 0A 00 00 00  te P-Seamldr....
  0000000000002470: 4D 61 70 20 50 2D 53 65 61 6D 6C 64 72 20 70 61  Map P-Seamldr pa
  0000000000002480: 67 65 73 0A 00 00 00 00 46 61 69 6C 65 64 20 74  ges.....Failed t
  0000000000002490: 6F 20 6D 61 70 20 6D 6F 64 75 6C 65 20 70 61 67  o map module pag
  00000000000024A0: 65 73 0A 00 00 00 00 00 53 65 74 75 70 20 73 74  es......Setup st
  00000000000024B0: 61 63 6B 73 0A 00 00 00 46 61 69 6C 65 64 20 74  acks....Failed t
  00000000000024C0: 6F 20 73 65 74 75 70 20 73 74 61 63 6B 73 0A 00  o setup stacks..
  00000000000024D0: 53 65 74 75 70 20 6B 65 79 68 6F 6C 65 0A 00 00  Setup keyhole...
  00000000000024E0: 46 61 69 6C 65 64 20 74 6F 20 73 65 74 75 70 20  Failed to setup 
  00000000000024F0: 6B 65 79 68 6F 6C 65 73 0A 00 00 00 00 00 00 00  keyholes........
  0000000000002500: 53 65 74 75 70 20 44 61 74 61 20 52 65 67 69 6F  Setup Data Regio
  0000000000002510: 6E 0A 00 00 00 00 00 00 46 61 69 6C 65 64 20 74  n.......Failed t
  0000000000002520: 6F 20 73 65 74 75 70 20 64 61 74 61 20 72 65 67  o setup data reg
  0000000000002530: 69 6F 6E 0A 00 00 00 00 4D 61 70 20 53 79 73 49  ion.....Map SysI
  0000000000002540: 6E 66 6F 54 61 62 6C 65 0A 00 00 00 00 00 00 00  nfoTable........
  0000000000002550: 53 65 74 75 70 20 4D 6F 64 75 6C 65 20 52 65 67  Setup Module Reg
  0000000000002560: 69 6F 6E 0A 00 00 00 00 46 61 69 6C 65 64 20 74  ion.....Failed t
  0000000000002570: 6F 20 6D 61 70 20 4D 6F 64 75 6C 65 20 52 65 67  o map Module Reg
  0000000000002580: 69 6F 6E 21 0A 00 00 00 53 65 74 75 70 20 50 53  ion!....Setup PS
  0000000000002590: 79 73 69 6E 66 6F 20 74 61 62 6C 65 0A 00 00 00  ysinfo table....
  00000000000025A0: 53 65 74 75 70 20 56 4D 43 53 0A 00 00 00 00 00  Setup VMCS......
  00000000000025B0: 52 65 63 6F 72 64 20 53 65 61 6D 20 69 64 65 6E  Record Seam iden
  00000000000025C0: 74 69 74 79 0A 00 00 00 45 78 69 74 69 6E 67 73  tity....Exitings
  00000000000025D0: 65 61 6D 6C 64 72 0A 53 74 61 74 75 73 3A 20 30  eamldr.Status: 0
  00000000000025E0: 78 00 00 00 00 00 00 00 00 00 00 00 00 00 00 00  x...............
  00000000000025F0: FF FF 00 00 00 9B CF 00 FF FF 00 00 00 93 CF 00  ÿÿ....Ï.ÿÿ....Ï.
  0000000000002600: FF FF 00 00 00 9B AF 00 00 00 00 00 00 00 00 00  ÿÿ....¯.........
  0000000000002610: 00 00 00 00 00 00 00 00 00 00 00 00 00 00 00 00  ................
  0000000000002620: 00 00 00 00 00 00 00 00 00 00 00 00 00 00 00 00  ................
  0000000000002630: 00 00 00 00 00 00 00 00 00 00 00 00 00 00 00 00  ................
  0000000000002640: 00 00 00 00 00 00 00 00 00 00 00 00 00 00 00 00  ................
  0000000000002650: 00 00 00 00 00 00 00 00 00 00 00 00 00 00 00 00  ................
  0000000000002660: 00 00 00 00 00 00 00 00 00 00 00 00 00 00 00 00  ................
  0000000000002670: 00 00 00 00 00 00 00 00 00 00 00 00 00 00 00 00  ................
  0000000000002680: 00 00 00 00 00 00 00 00 00 00 00 00 00 00 00 00  ................
  0000000000002690: 00 00 00 00 00 00 00 00 00 00 00 00 00 00 00 00  ................
  00000000000026A0: 00 00 00 00 00 00 00 00 00 00 00 00 00 00 00 00  ................
  00000000000026B0: 00 00 00 00 00 00 00 00 00 00 00 00 00 00 00 00  ................
  00000000000026C0: 00 00 00 00 00 00 00 00 00 00 00 00 00 00 00 00  ................
  00000000000026D0: 00 00 00 00 00 00 00 00 00 00 00 00 00 00 00 00  ................
  00000000000026E0: 00 00 00 00 00 00 00 00 00 00 00 00 00 00 00 00  ................
  00000000000026F0: 00 00 00 00 00 00 00 00 00 00 00 00 00 00 00 00  ................
  0000000000002700: 00 00 00 00 00 00 00 00 00 00 00 00 00 00 00 00  ................
  0000000000002710: 00 00 00 00 00 00 00 00 00 00 00 00 00 00 00 00  ................
  0000000000002720: 00 00 00 00 00 00 00 00 00 00 00 00 00 00 00 00  ................
  0000000000002730: 00 00 00 00 00 00 00 00 00 00 00 00 00 00 00 00  ................
  0000000000002740: 00 00 00 00 00 00 00 00 00 00 00 00 00 00 00 00  ................
  0000000000002750: 00 00 00 00 00 00 00 00 00 00 00 00 00 00 00 00  ................
  0000000000002760: 00 00 00 00 00 00 00 00 00 00 00 00 00 00 00 00  ................
  0000000000002770: 00 00 00 00 00 00 00 00 00 00 00 00 00 00 00 00  ................
  0000000000002780: 00 00 00 00 00 00 00 00 00 00 00 00 00 00 00 00  ................
  0000000000002790: 00 00 00 00 00 00 00 00 00 00 00 00 00 00 00 00  ................
  00000000000027A0: 00 00 00 00 00 00 00 00 00 00 00 00 00 00 00 00  ................
  00000000000027B0: 00 00 00 00 00 00 00 00 00 00 00 00 00 00 00 00  ................
  00000000000027C0: 00 00 00 00 00 00 00 00 00 00 00 00 00 00 00 00  ................
  00000000000027D0: 00 00 00 00 00 00 00 00 00 00 00 00 00 00 00 00  ................
  00000000000027E0: 00 00 00 00 00 00 00 00 00 00 00 00 00 00 00 00  ................
  00000000000027F0: 00 00 00 00 00 00 00 00 00 00 00 00 00 00 00 00  ................
  0000000000002800: 00 00 00 00 00 00 00 00 00 00 00 00 00 00 00 00  ................
  0000000000002810: 00 00 00 00 00 00 00 00 00 00 00 00 00 00 00 00  ................
  0000000000002820: 00 00 00 00 00 00 00 00 00 00 00 00 00 00 00 00  ................
  0000000000002830: 00 00 00 00 00 00 00 00 00 00 00 00 00 00 00 00  ................
  0000000000002840: 00 00 00 00 00 00 00 00 00 00 00 00 00 00 00 00  ................
  0000000000002850: 00 00 00 00 00 00 00 00 00 00 00 00 00 00 00 00  ................
  0000000000002860: 00 00 00 00 00 00 00 00 00 00 00 00 00 00 00 00  ................
  0000000000002870: 00 00 00 00 00 00 00 00 00 00 00 00 00 00 00 00  ................
  0000000000002880: 00 00 00 00 00 00 00 00 00 00 00 00 00 00 00 00  ................
  0000000000002890: 00 00 00 00 00 00 00 00 00 00 00 00 00 00 00 00  ................
  00000000000028A0: 00 00 00 00 00 00 00 00 00 00 00 00 00 00 00 00  ................
  00000000000028B0: 00 00 00 00 00 00 00 00 00 00 00 00 00 00 00 00  ................
  00000000000028C0: 00 00 00 00 00 00 00 00 00 00 00 00 00 00 00 00  ................
  00000000000028D0: 00 00 00 00 00 00 00 00 00 00 00 00 00 00 00 00  ................
  00000000000028E0: 00 00 00 00 00 00 00 00 00 00 00 00 00 00 00 00  ................
  00000000000028F0: 00 00 00 00 00 00 00 00 00 00 00 00 00 00 00 00  ................
  0000000000002900: 00 00 00 00 00 00 00 00 00 00 00 00 00 00 00 00  ................
  0000000000002910: 00 00 00 00 00 00 00 00 00 00 00 00 00 00 00 00  ................
  0000000000002920: 00 00 00 00 00 00 00 00 00 00 00 00 00 00 00 00  ................
  0000000000002930: 00 00 00 00 00 00 00 00 00 00 00 00 00 00 00 00  ................
  0000000000002940: 00 00 00 00 00 00 00 00 00 00 00 00 00 00 00 00  ................
  0000000000002950: 00 00 00 00 00 00 00 00 00 00 00 00 00 00 00 00  ................
  0000000000002960: 00 00 00 00 00 00 00 00 00 00 00 00 00 00 00 00  ................
  0000000000002970: 00 00 00 00 00 00 00 00 00 00 00 00 00 00 00 00  ................
  0000000000002980: 00 00 00 00 00 00 00 00 00 00 00 00 00 00 00 00  ................
  0000000000002990: 00 00 00 00 00 00 00 00 00 00 00 00 00 00 00 00  ................
  00000000000029A0: 00 00 00 00 00 00 00 00 00 00 00 00 00 00 00 00  ................
  00000000000029B0: 00 00 00 00 00 00 00 00 00 00 00 00 00 00 00 00  ................
  00000000000029C0: 00 00 00 00 00 00 00 00 00 00 00 00 00 00 00 00  ................
  00000000000029D0: 00 00 00 00 00 00 00 00 00 00 00 00 00 00 00 00  ................
  00000000000029E0: 00 00 00 00 00 00 00 00 00 00 00 00 00 00 00 00  ................
  00000000000029F0: 00 00 00 00 00 00 00 00 00 00 00 00 00 00 00 00  ................
  0000000000002A00: 00 00 00 00 00 00 00 00 00 00 00 00 00 00 00 00  ................
  0000000000002A10: 00 00 00 00 00 00 00 00 00 00 00 00 00 00 00 00  ................
  0000000000002A20: 00 00 00 00 00 00 00 00 00 00 00 00 00 00 00 00  ................
  0000000000002A30: 00 00 00 00 00 00 00 00 00 00 00 00 00 00 00 00  ................
  0000000000002A40: 00 00 00 00 00 00 00 00 00 00 00 00 00 00 00 00  ................
  0000000000002A50: 00 00 00 00 00 00 00 00 00 00 00 00 00 00 00 00  ................
  0000000000002A60: 00 00 00 00 00 00 00 00 00 00 00 00 00 00 00 00  ................
  0000000000002A70: 00 00 00 00 00 00 00 00 00 00 00 00 00 00 00 00  ................
  0000000000002A80: 00 00 00 00 00 00 00 00 00 00 00 00 00 00 00 00  ................
  0000000000002A90: 00 00 00 00 00 00 00 00 00 00 00 00 00 00 00 00  ................
  0000000000002AA0: 00 00 00 00 00 00 00 00 00 00 00 00 00 00 00 00  ................
  0000000000002AB0: 00 00 00 00 00 00 00 00 00 00 00 00 00 00 00 00  ................
  0000000000002AC0: 00 00 00 00 00 00 00 00 00 00 00 00 00 00 00 00  ................
  0000000000002AD0: 00 00 00 00 00 00 00 00 00 00 00 00 00 00 00 00  ................
  0000000000002AE0: 00 00 00 00 00 00 00 00 00 00 00 00 00 00 00 00  ................
  0000000000002AF0: 00 00 00 00 00 00 00 00 00 00 00 00 00 00 00 00  ................
  0000000000002B00: 00 00 00 00 00 00 00 00 00 00 00 00 00 00 00 00  ................
  0000000000002B10: 00 00 00 00 00 00 00 00 00 00 00 00 00 00 00 00  ................
  0000000000002B20: 00 00 00 00 00 00 00 00 00 00 00 00 00 00 00 00  ................
  0000000000002B30: 00 00 00 00 00 00 00 00 00 00 00 00 00 00 00 00  ................
  0000000000002B40: 00 00 00 00 00 00 00 00 00 00 00 00 00 00 00 00  ................
  0000000000002B50: 00 00 00 00 00 00 00 00 00 00 00 00 00 00 00 00  ................
  0000000000002B60: 00 00 00 00 00 00 00 00 00 00 00 00 00 00 00 00  ................
  0000000000002B70: 00 00 00 00 00 00 00 00 00 00 00 00 00 00 00 00  ................
  0000000000002B80: 00 00 00 00 00 00 00 00 00 00 00 00 00 00 00 00  ................
  0000000000002B90: 00 00 00 00 00 00 00 00 00 00 00 00 00 00 00 00  ................
  0000000000002BA0: 00 00 00 00 00 00 00 00 00 00 00 00 00 00 00 00  ................
  0000000000002BB0: 00 00 00 00 00 00 00 00 00 00 00 00 00 00 00 00  ................
  0000000000002BC0: 00 00 00 00 00 00 00 00 00 00 00 00 00 00 00 00  ................
  0000000000002BD0: 00 00 00 00 00 00 00 00 00 00 00 00 00 00 00 00  ................
  0000000000002BE0: 00 00 00 00 00 00 00 00 00 00 00 00 00 00 00 00  ................
  0000000000002BF0: 00 00 00 00 00 00 00 00 00 00 00 00 00 00 00 00  ................
  0000000000002C00: 00 00 00 00 00 00 00 00 00 00 00 00 00 00 00 00  ................
  0000000000002C10: 00 00 00 00 00 00 00 00 00 00 00 00 00 00 00 00  ................
  0000000000002C20: 00 00 00 00 00 00 00 00 00 00 00 00 00 00 00 00  ................
  0000000000002C30: 00 00 00 00 00 00 00 00 00 00 00 00 00 00 00 00  ................
  0000000000002C40: 00 00 00 00 00 00 00 00 00 00 00 00 00 00 00 00  ................
  0000000000002C50: 00 00 00 00 00 00 00 00 00 00 00 00 00 00 00 00  ................
  0000000000002C60: 00 00 00 00 00 00 00 00 00 00 00 00 00 00 00 00  ................
  0000000000002C70: 00 00 00 00 00 00 00 00 00 00 00 00 00 00 00 00  ................
  0000000000002C80: 00 00 00 00 00 00 00 00 00 00 00 00 00 00 00 00  ................
  0000000000002C90: 00 00 00 00 00 00 00 00 00 00 00 00 00 00 00 00  ................
  0000000000002CA0: 00 00 00 00 00 00 00 00 00 00 00 00 00 00 00 00  ................
  0000000000002CB0: 00 00 00 00 00 00 00 00 00 00 00 00 00 00 00 00  ................
  0000000000002CC0: 00 00 00 00 00 00 00 00 00 00 00 00 00 00 00 00  ................
  0000000000002CD0: 00 00 00 00 00 00 00 00 00 00 00 00 00 00 00 00  ................
  0000000000002CE0: 00 00 00 00 00 00 00 00 00 00 00 00 00 00 00 00  ................
  0000000000002CF0: 00 00 00 00 00 00 00 00 00 00 00 00 00 00 00 00  ................
  0000000000002D00: 00 00 00 00 00 00 00 00 00 00 00 00 00 00 00 00  ................
  0000000000002D10: 00 00 00 00 00 00 00 00 00 00 00 00 00 00 00 00  ................
  0000000000002D20: 00 00 00 00 00 00 00 00 00 00 00 00 00 00 00 00  ................
  0000000000002D30: 00 00 00 00 00 00 00 00 00 00 00 00 00 00 00 00  ................
  0000000000002D40: 00 00 00 00 00 00 00 00 00 00 00 00 00 00 00 00  ................
  0000000000002D50: 00 00 00 00 00 00 00 00 00 00 00 00 00 00 00 00  ................
  0000000000002D60: 00 00 00 00 00 00 00 00 00 00 00 00 00 00 00 00  ................
  0000000000002D70: 00 00 00 00 00 00 00 00 00 00 00 00 00 00 00 00  ................
  0000000000002D80: 00 00 00 00 00 00 00 00 00 00 00 00 00 00 00 00  ................
  0000000000002D90: 00 00 00 00 00 00 00 00 00 00 00 00 00 00 00 00  ................
  0000000000002DA0: 00 00 00 00 00 00 00 00 00 00 00 00 00 00 00 00  ................
  0000000000002DB0: 00 00 00 00 00 00 00 00 00 00 00 00 00 00 00 00  ................
  0000000000002DC0: 00 00 00 00 00 00 00 00 00 00 00 00 00 00 00 00  ................
  0000000000002DD0: 00 00 00 00 00 00 00 00 00 00 00 00 00 00 00 00  ................
  0000000000002DE0: 00 00 00 00 00 00 00 00 00 00 00 00 00 00 00 00  ................
  0000000000002DF0: 00 00 00 00 00 00 00 00 00 00 00 00 00 00 00 00  ................
  0000000000002E00: 00 00 00 00 00 00 00 00 00 00 00 00 00 00 00 00  ................
  0000000000002E10: 00 00 00 00 00 00 00 00 00 00 00 00 00 00 00 00  ................
  0000000000002E20: 00 00 00 00 00 00 00 00 00 00 00 00 00 00 00 00  ................
  0000000000002E30: 00 00 00 00 00 00 00 00 00 00 00 00 00 00 00 00  ................
  0000000000002E40: 00 00 00 00 00 00 00 00 00 00 00 00 00 00 00 00  ................
  0000000000002E50: 00 00 00 00 00 00 00 00 00 00 00 00 00 00 00 00  ................
  0000000000002E60: 00 00 00 00 00 00 00 00 00 00 00 00 00 00 00 00  ................
  0000000000002E70: 00 00 00 00 00 00 00 00 00 00 00 00 00 00 00 00  ................
  0000000000002E80: 00 00 00 00 00 00 00 00 00 00 00 00 00 00 00 00  ................
  0000000000002E90: 00 00 00 00 00 00 00 00 00 00 00 00 00 00 00 00  ................
  0000000000002EA0: 00 00 00 00 00 00 00 00 00 00 00 00 00 00 00 00  ................
  0000000000002EB0: 00 00 00 00 00 00 00 00 00 00 00 00 00 00 00 00  ................
  0000000000002EC0: 00 00 00 00 00 00 00 00 00 00 00 00 00 00 00 00  ................
  0000000000002ED0: 00 00 00 00 00 00 00 00 00 00 00 00 00 00 00 00  ................
  0000000000002EE0: 00 00 00 00 00 00 00 00 00 00 00 00 00 00 00 00  ................
  0000000000002EF0: 00 00 00 00 00 00 00 00 00 00 00 00 00 00 00 00  ................
  0000000000002F00: 00 00 00 00 00 00 00 00 00 00 00 00 00 00 00 00  ................
  0000000000002F10: 00 00 00 00 00 00 00 00 00 00 00 00 00 00 00 00  ................
  0000000000002F20: 00 00 00 00 00 00 00 00 00 00 00 00 00 00 00 00  ................
  0000000000002F30: 00 00 00 00 00 00 00 00 00 00 00 00 00 00 00 00  ................
  0000000000002F40: 00 00 00 00 00 00 00 00 00 00 00 00 00 00 00 00  ................
  0000000000002F50: 00 00 00 00 00 00 00 00 00 00 00 00 00 00 00 00  ................
  0000000000002F60: 00 00 00 00 00 00 00 00 00 00 00 00 00 00 00 00  ................
  0000000000002F70: 00 00 00 00 00 00 00 00 00 00 00 00 00 00 00 00  ................
  0000000000002F80: 00 00 00 00 00 00 00 00 00 00 00 00 00 00 00 00  ................
  0000000000002F90: 00 00 00 00 00 00 00 00 00 00 00 00 00 00 00 00  ................
  0000000000002FA0: 00 00 00 00 00 00 00 00 00 00 00 00 00 00 00 00  ................
  0000000000002FB0: 00 00 00 00 00 00 00 00 00 00 00 00 00 00 00 00  ................
  0000000000002FC0: 00 00 00 00 00 00 00 00 00 00 00 00 00 00 00 00  ................
  0000000000002FD0: 00 00 00 00 00 00 00 00 00 00 00 00 00 00 00 00  ................
  0000000000002FE0: 00 00 00 00 00 00 00 00 00 00 00 00 00 00 00 00  ................
  0000000000002FF0: 00 00 00 00 00 00 00 00 00 00 00 00 00 00 00 00  ................
  0000000000003000: 00 00 00 00 00 00 00 00 00 00 00 00 00 00 00 00  ................
  0000000000003010: 00 00 00 00 00 00 00 00 00 00 00 00 00 00 00 00  ................
  0000000000003020: 00 00 00 00 00 00 00 00 00 00 00 00 00 00 00 00  ................
  0000000000003030: 00 00 00 00 00 00 00 00 00 00 00 00 00 00 00 00  ................
  0000000000003040: 00 00 00 00 00 00 00 00 00 00 00 00 00 00 00 00  ................
  0000000000003050: 00 00 00 00 00 00 00 00 00 00 00 00 00 00 00 00  ................
  0000000000003060: 00 00 00 00 00 00 00 00 00 00 00 00 00 00 00 00  ................
  0000000000003070: 00 00 00 00 00 00 00 00 00 00 00 00 00 00 00 00  ................
  0000000000003080: 00 00 00 00 00 00 00 00 00 00 00 00 00 00 00 00  ................
  0000000000003090: 00 00 00 00 00 00 00 00 00 00 00 00 00 00 00 00  ................
  00000000000030A0: 00 00 00 00 00 00 00 00 00 00 00 00 00 00 00 00  ................
  00000000000030B0: 00 00 00 00 00 00 00 00 00 00 00 00 00 00 00 00  ................
  00000000000030C0: 00 00 00 00 00 00 00 00 00 00 00 00 00 00 00 00  ................
  00000000000030D0: 00 00 00 00 00 00 00 00 00 00 00 00 00 00 00 00  ................
  00000000000030E0: 00 00 00 00 00 00 00 00 00 00 00 00 00 00 00 00  ................
  00000000000030F0: 00 00 00 00 00 00 00 00 00 00 00 00 00 00 00 00  ................
  0000000000003100: 00 00 00 00 00 00 00 00 00 00 00 00 00 00 00 00  ................
  0000000000003110: 00 00 00 00 00 00 00 00 00 00 00 00 00 00 00 00  ................
  0000000000003120: 00 00 00 00 00 00 00 00 00 00 00 00 00 00 00 00  ................
  0000000000003130: 00 00 00 00 00 00 00 00 00 00 00 00 00 00 00 00  ................
  0000000000003140: 00 00 00 00 00 00 00 00 00 00 00 00 00 00 00 00  ................
  0000000000003150: 00 00 00 00 00 00 00 00 00 00 00 00 00 00 00 00  ................
  0000000000003160: 00 00 00 00 00 00 00 00 00 00 00 00 00 00 00 00  ................
  0000000000003170: 00 00 00 00 00 00 00 00 00 00 00 00 00 00 00 00  ................
  0000000000003180: 00 00 00 00 00 00 00 00 00 00 00 00 00 00 00 00  ................
  0000000000003190: 00 00 00 00 00 00 00 00 00 00 00 00 00 00 00 00  ................
  00000000000031A0: 00 00 00 00 00 00 00 00 00 00 00 00 00 00 00 00  ................
  00000000000031B0: 00 00 00 00 00 00 00 00 00 00 00 00 00 00 00 00  ................
  00000000000031C0: 00 00 00 00 00 00 00 00 00 00 00 00 00 00 00 00  ................
  00000000000031D0: 00 00 00 00 00 00 00 00 00 00 00 00 00 00 00 00  ................
  00000000000031E0: 00 00 00 00 00 00 00 00 00 00 00 00 00 00 00 00  ................
  00000000000031F0: 00 00 00 00 00 00 00 00 00 00 00 00 00 00 00 00  ................
  0000000000003200: 00 00 00 00 00 00 00 00 00 00 00 00 00 00 00 00  ................
  0000000000003210: 00 00 00 00 00 00 00 00 00 00 00 00 00 00 00 00  ................
  0000000000003220: 00 00 00 00 00 00 00 00 00 00 00 00 00 00 00 00  ................
  0000000000003230: 00 00 00 00 00 00 00 00 00 00 00 00 00 00 00 00  ................
  0000000000003240: 00 00 00 00 00 00 00 00 00 00 00 00 00 00 00 00  ................
  0000000000003250: 00 00 00 00 00 00 00 00 00 00 00 00 00 00 00 00  ................
  0000000000003260: 00 00 00 00 00 00 00 00 00 00 00 00 00 00 00 00  ................
  0000000000003270: 00 00 00 00 00 00 00 00 00 00 00 00 00 00 00 00  ................
  0000000000003280: 00 00 00 00 00 00 00 00 00 00 00 00 00 00 00 00  ................
  0000000000003290: 00 00 00 00 00 00 00 00 00 00 00 00 00 00 00 00  ................
  00000000000032A0: 00 00 00 00 00 00 00 00 00 00 00 00 00 00 00 00  ................
  00000000000032B0: 00 00 00 00 00 00 00 00 00 00 00 00 00 00 00 00  ................
  00000000000032C0: 00 00 00 00 00 00 00 00 00 00 00 00 00 00 00 00  ................
  00000000000032D0: 00 00 00 00 00 00 00 00 00 00 00 00 00 00 00 00  ................
  00000000000032E0: 00 00 00 00 00 00 00 00 00 00 00 00 00 00 00 00  ................
  00000000000032F0: 00 00 00 00 00 00 00 00 00 00 00 00 00 00 00 00  ................
  0000000000003300: 00 00 00 00 00 00 00 00 00 00 00 00 00 00 00 00  ................
  0000000000003310: 00 00 00 00 00 00 00 00 00 00 00 00 00 00 00 00  ................
  0000000000003320: 00 00 00 00 00 00 00 00 00 00 00 00 00 00 00 00  ................
  0000000000003330: 00 00 00 00 00 00 00 00 00 00 00 00 00 00 00 00  ................
  0000000000003340: 00 00 00 00 00 00 00 00 00 00 00 00 00 00 00 00  ................
  0000000000003350: 00 00 00 00 00 00 00 00 00 00 00 00 00 00 00 00  ................
  0000000000003360: 00 00 00 00 00 00 00 00 00 00 00 00 00 00 00 00  ................
  0000000000003370: 00 00 00 00 00 00 00 00 00 00 00 00 00 00 00 00  ................
  0000000000003380: 00 00 00 00 00 00 00 00 00 00 00 00 00 00 00 00  ................
  0000000000003390: 00 00 00 00 00 00 00 00 00 00 00 00 00 00 00 00  ................
  00000000000033A0: 00 00 00 00 00 00 00 00 00 00 00 00 00 00 00 00  ................
  00000000000033B0: 00 00 00 00 00 00 00 00 00 00 00 00 00 00 00 00  ................
  00000000000033C0: 00 00 00 00 00 00 00 00 00 00 00 00 00 00 00 00  ................
  00000000000033D0: 00 00 00 00 00 00 00 00 00 00 00 00 00 00 00 00  ................
  00000000000033E0: 00 00 00 00 00 00 00 00 00 00 00 00 00 00 00 00  ................
  00000000000033F0: 00 00 00 00 00 00 00 00 00 00 00 00 00 00 00 00  ................
  0000000000003400: 00 00 00 00 00 00 00 00 00 00 00 00 00 00 00 00  ................
  0000000000003410: 00 00 00 00 00 00 00 00 00 00 00 00 00 00 00 00  ................
  0000000000003420: 00 00 00 00 00 00 00 00 00 00 00 00 00 00 00 00  ................
  0000000000003430: 00 00 00 00 00 00 00 00 00 00 00 00 00 00 00 00  ................
  0000000000003440: 00 00 00 00 00 00 00 00 00 00 00 00 00 00 00 00  ................
  0000000000003450: 00 00 00 00 00 00 00 00 00 00 00 00 00 00 00 00  ................
  0000000000003460: 00 00 00 00 00 00 00 00 00 00 00 00 00 00 00 00  ................
  0000000000003470: 00 00 00 00 00 00 00 00 00 00 00 00 00 00 00 00  ................
  0000000000003480: 00 00 00 00 00 00 00 00 00 00 00 00 00 00 00 00  ................
  0000000000003490: 00 00 00 00 00 00 00 00 00 00 00 00 00 00 00 00  ................
  00000000000034A0: 00 00 00 00 00 00 00 00 00 00 00 00 00 00 00 00  ................
  00000000000034B0: 00 00 00 00 00 00 00 00 00 00 00 00 00 00 00 00  ................
  00000000000034C0: 00 00 00 00 00 00 00 00 00 00 00 00 00 00 00 00  ................
  00000000000034D0: 00 00 00 00 00 00 00 00 00 00 00 00 00 00 00 00  ................
  00000000000034E0: 00 00 00 00 00 00 00 00 00 00 00 00 00 00 00 00  ................
  00000000000034F0: 00 00 00 00 00 00 00 00 00 00 00 00 00 00 00 00  ................
  0000000000003500: 00 00 00 00 00 00 00 00 00 00 00 00 00 00 00 00  ................
  0000000000003510: 00 00 00 00 00 00 00 00 00 00 00 00 00 00 00 00  ................
  0000000000003520: 00 00 00 00 00 00 00 00 00 00 00 00 00 00 00 00  ................
  0000000000003530: 00 00 00 00 00 00 00 00 00 00 00 00 00 00 00 00  ................
  0000000000003540: 00 00 00 00 00 00 00 00 00 00 00 00 00 00 00 00  ................
  0000000000003550: 00 00 00 00 00 00 00 00 00 00 00 00 00 00 00 00  ................
  0000000000003560: 00 00 00 00 00 00 00 00 00 00 00 00 00 00 00 00  ................
  0000000000003570: 00 00 00 00 00 00 00 00 00 00 00 00 00 00 00 00  ................
  0000000000003580: 00 00 00 00 00 00 00 00 00 00 00 00 00 00 00 00  ................
  0000000000003590: 00 00 00 00 00 00 00 00 00 00 00 00 00 00 00 00  ................
  00000000000035A0: 00 00 00 00 00 00 00 00 00 00 00 00 00 00 00 00  ................
  00000000000035B0: 00 00 00 00 00 00 00 00 00 00 00 00 00 00 00 00  ................
  00000000000035C0: 00 00 00 00 00 00 00 00 00 00 00 00 00 00 00 00  ................
  00000000000035D0: 00 00 00 00 00 00 00 00 00 00 00 00 00 00 00 00  ................
  00000000000035E0: 00 00 00 00 00 00 00 00 00 00 00 00 00 00 00 00  ................
  00000000000035F0: 00 00 00 00 00 00 00 00 00 00 00 00 00 00 00 00  ................
  0000000000003600: 00 00 00 00 00 00 00 00 00 00 00 00 00 00 00 00  ................
  0000000000003610: 00 00 00 00 00 00 00 00 00 00 00 00 00 00 00 00  ................
  0000000000003620: 00 00 00 00 00 00 00 00 00 00 00 00 00 00 00 00  ................
  0000000000003630: 00 00 00 00 00 00 00 00 00 00 00 00 00 00 00 00  ................
  0000000000003640: 00 00 00 00 00 00 00 00 00 00 00 00 00 00 00 00  ................
  0000000000003650: 00 00 00 00 00 00 00 00 00 00 00 00 00 00 00 00  ................
  0000000000003660: 00 00 00 00 00 00 00 00 00 00 00 00 00 00 00 00  ................
  0000000000003670: 00 00 00 00 00 00 00 00 00 00 00 00 00 00 00 00  ................
  0000000000003680: 00 00 00 00 00 00 00 00 00 00 00 00 00 00 00 00  ................
  0000000000003690: 00 00 00 00 00 00 00 00 00 00 00 00 00 00 00 00  ................
  00000000000036A0: 00 00 00 00 00 00 00 00 00 00 00 00 00 00 00 00  ................
  00000000000036B0: 00 00 00 00 00 00 00 00 00 00 00 00 00 00 00 00  ................
  00000000000036C0: 00 00 00 00 00 00 00 00 00 00 00 00 00 00 00 00  ................
  00000000000036D0: 00 00 00 00 00 00 00 00 00 00 00 00 00 00 00 00  ................
  00000000000036E0: 00 00 00 00 00 00 00 00 00 00 00 00 00 00 00 00  ................
  00000000000036F0: 00 00 00 00 00 00 00 00 00 00 00 00 00 00 00 00  ................
  0000000000003700: 00 00 00 00 00 00 00 00 00 00 00 00 00 00 00 00  ................
  0000000000003710: 00 00 00 00 00 00 00 00 00 00 00 00 00 00 00 00  ................
  0000000000003720: 00 00 00 00 00 00 00 00 00 00 00 00 00 00 00 00  ................
  0000000000003730: 00 00 00 00 00 00 00 00 00 00 00 00 00 00 00 00  ................
  0000000000003740: 00 00 00 00 00 00 00 00 00 00 00 00 00 00 00 00  ................
  0000000000003750: 00 00 00 00 00 00 00 00 00 00 00 00 00 00 00 00  ................
  0000000000003760: 00 00 00 00 00 00 00 00 00 00 00 00 00 00 00 00  ................
  0000000000003770: 00 00 00 00 00 00 00 00 00 00 00 00 00 00 00 00  ................
  0000000000003780: 00 00 00 00 00 00 00 00 00 00 00 00 00 00 00 00  ................
  0000000000003790: 00 00 00 00 00 00 00 00 00 00 00 00 00 00 00 00  ................
  00000000000037A0: 00 00 00 00 00 00 00 00 00 00 00 00 00 00 00 00  ................
  00000000000037B0: 00 00 00 00 00 00 00 00 00 00 00 00 00 00 00 00  ................
  00000000000037C0: 00 00 00 00 00 00 00 00 00 00 00 00 00 00 00 00  ................
  00000000000037D0: 00 00 00 00 00 00 00 00 00 00 00 00 00 00 00 00  ................
  00000000000037E0: 00 00 00 00 00 00 00 00 00 00 00 00 00 00 00 00  ................
  00000000000037F0: 00 00 00 00 00 00 00 00 00 00 00 00 00 00 00 00  ................
  0000000000003800: 00 00 00 00 00 00 00 00 00 00 00 00 00 00 00 00  ................
  0000000000003810: 00 00 00 00 00 00 00 00 00 00 00 00 00 00 00 00  ................
  0000000000003820: 00 00 00 00 00 00 00 00 00 00 00 00 00 00 00 00  ................
  0000000000003830: 00 00 00 00 00 00 00 00 00 00 00 00 00 00 00 00  ................
  0000000000003840: 00 00 00 00 00 00 00 00 00 00 00 00 00 00 00 00  ................
  0000000000003850: 00 00 00 00 00 00 00 00 00 00 00 00 00 00 00 00  ................
  0000000000003860: 00 00 00 00 00 00 00 00 00 00 00 00 00 00 00 00  ................
  0000000000003870: 00 00 00 00 00 00 00 00 00 00 00 00 00 00 00 00  ................
  0000000000003880: 00 00 00 00 00 00 00 00 00 00 00 00 00 00 00 00  ................
  0000000000003890: 00 00 00 00 00 00 00 00 00 00 00 00 00 00 00 00  ................
  00000000000038A0: 00 00 00 00 00 00 00 00 00 00 00 00 00 00 00 00  ................
  00000000000038B0: 00 00 00 00 00 00 00 00 00 00 00 00 00 00 00 00  ................
  00000000000038C0: 00 00 00 00 00 00 00 00 00 00 00 00 00 00 00 00  ................
  00000000000038D0: 00 00 00 00 00 00 00 00 00 00 00 00 00 00 00 00  ................
  00000000000038E0: 00 00 00 00 00 00 00 00 00 00 00 00 00 00 00 00  ................
  00000000000038F0: 00 00 00 00 00 00 00 00 00 00 00 00 00 00 00 00  ................
  0000000000003900: 00 00 00 00 00 00 00 00 00 00 00 00 00 00 00 00  ................
  0000000000003910: 00 00 00 00 00 00 00 00 00 00 00 00 00 00 00 00  ................
  0000000000003920: 00 00 00 00 00 00 00 00 00 00 00 00 00 00 00 00  ................
  0000000000003930: 00 00 00 00 00 00 00 00 00 00 00 00 00 00 00 00  ................
  0000000000003940: 00 00 00 00 00 00 00 00 00 00 00 00 00 00 00 00  ................
  0000000000003950: 00 00 00 00 00 00 00 00 00 00 00 00 00 00 00 00  ................
  0000000000003960: 00 00 00 00 00 00 00 00 00 00 00 00 00 00 00 00  ................
  0000000000003970: 00 00 00 00 00 00 00 00 00 00 00 00 00 00 00 00  ................
  0000000000003980: 00 00 00 00 00 00 00 00 00 00 00 00 00 00 00 00  ................
  0000000000003990: 00 00 00 00 00 00 00 00 00 00 00 00 00 00 00 00  ................
  00000000000039A0: 00 00 00 00 00 00 00 00 00 00 00 00 00 00 00 00  ................
  00000000000039B0: 00 00 00 00 00 00 00 00 00 00 00 00 00 00 00 00  ................
  00000000000039C0: 00 00 00 00 00 00 00 00 00 00 00 00 00 00 00 00  ................
  00000000000039D0: 00 00 00 00 00 00 00 00 00 00 00 00 00 00 00 00  ................
  00000000000039E0: 00 00 00 00 00 00 00 00 00 00 00 00 00 00 00 00  ................
  00000000000039F0: 00 00 00 00 00 00 00 00 00 00 00 00 00 00 00 00  ................
  0000000000003A00: 00 00 00 00 00 00 00 00 00 00 00 00 00 00 00 00  ................
  0000000000003A10: 00 00 00 00 00 00 00 00 00 00 00 00 00 00 00 00  ................
  0000000000003A20: 00 00 00 00 00 00 00 00 00 00 00 00 00 00 00 00  ................
  0000000000003A30: 00 00 00 00 00 00 00 00 00 00 00 00 00 00 00 00  ................
  0000000000003A40: 00 00 00 00 00 00 00 00 00 00 00 00 00 00 00 00  ................
  0000000000003A50: 00 00 00 00 00 00 00 00 00 00 00 00 00 00 00 00  ................
  0000000000003A60: 00 00 00 00 00 00 00 00 00 00 00 00 00 00 00 00  ................
  0000000000003A70: 00 00 00 00 00 00 00 00 00 00 00 00 00 00 00 00  ................
  0000000000003A80: 00 00 00 00 00 00 00 00 00 00 00 00 00 00 00 00  ................
  0000000000003A90: 00 00 00 00 00 00 00 00 00 00 00 00 00 00 00 00  ................
  0000000000003AA0: 00 00 00 00 00 00 00 00 00 00 00 00 00 00 00 00  ................
  0000000000003AB0: 00 00 00 00 00 00 00 00 00 00 00 00 00 00 00 00  ................
  0000000000003AC0: 00 00 00 00 00 00 00 00 00 00 00 00 00 00 00 00  ................
  0000000000003AD0: 00 00 00 00 00 00 00 00 00 00 00 00 00 00 00 00  ................
  0000000000003AE0: 00 00 00 00 00 00 00 00 00 00 00 00 00 00 00 00  ................
  0000000000003AF0: 00 00 00 00 00 00 00 00 00 00 00 00 00 00 00 00  ................
  0000000000003B00: 00 00 00 00 00 00 00 00 00 00 00 00 00 00 00 00  ................
  0000000000003B10: 00 00 00 00 00 00 00 00 00 00 00 00 00 00 00 00  ................
  0000000000003B20: 00 00 00 00 00 00 00 00 00 00 00 00 00 00 00 00  ................
  0000000000003B30: 00 00 00 00 00 00 00 00 00 00 00 00 00 00 00 00  ................
  0000000000003B40: 00 00 00 00 00 00 00 00 00 00 00 00 00 00 00 00  ................
  0000000000003B50: 00 00 00 00 00 00 00 00 00 00 00 00 00 00 00 00  ................
  0000000000003B60: 00 00 00 00 00 00 00 00 00 00 00 00 00 00 00 00  ................
  0000000000003B70: 00 00 00 00 00 00 00 00 00 00 00 00 00 00 00 00  ................
  0000000000003B80: 00 00 00 00 00 00 00 00 00 00 00 00 00 00 00 00  ................
  0000000000003B90: 00 00 00 00 00 00 00 00 00 00 00 00 00 00 00 00  ................
  0000000000003BA0: 00 00 00 00 00 00 00 00 00 00 00 00 00 00 00 00  ................
  0000000000003BB0: 00 00 00 00 00 00 00 00 00 00 00 00 00 00 00 00  ................
  0000000000003BC0: 00 00 00 00 00 00 00 00 00 00 00 00 00 00 00 00  ................
  0000000000003BD0: 00 00 00 00 00 00 00 00 00 00 00 00 00 00 00 00  ................
  0000000000003BE0: 00 00 00 00 00 00 00 00 00 00 00 00 00 00 00 00  ................
  0000000000003BF0: 00 00 00 00 00 00 00 00 00 00 00 00 00 00 00 00  ................
  0000000000003C00: 00 00 00 00 00 00 00 00 00 00 00 00 00 00 00 00  ................
  0000000000003C10: 00 00 00 00 00 00 00 00 00 00 00 00 00 00 00 00  ................
  0000000000003C20: 00 00 00 00 00 00 00 00 00 00 00 00 00 00 00 00  ................
  0000000000003C30: 00 00 00 00 00 00 00 00 00 00 00 00 00 00 00 00  ................
  0000000000003C40: 00 00 00 00 00 00 00 00 00 00 00 00 00 00 00 00  ................
  0000000000003C50: 00 00 00 00 00 00 00 00 00 00 00 00 00 00 00 00  ................
  0000000000003C60: 00 00 00 00 00 00 00 00 00 00 00 00 00 00 00 00  ................
  0000000000003C70: 00 00 00 00 00 00 00 00 00 00 00 00 00 00 00 00  ................
  0000000000003C80: 00 00 00 00 00 00 00 00 00 00 00 00 00 00 00 00  ................
  0000000000003C90: 00 00 00 00 00 00 00 00 00 00 00 00 00 00 00 00  ................
  0000000000003CA0: 00 00 00 00 00 00 00 00 00 00 00 00 00 00 00 00  ................
  0000000000003CB0: 00 00 00 00 00 00 00 00 00 00 00 00 00 00 00 00  ................
  0000000000003CC0: 00 00 00 00 00 00 00 00 00 00 00 00 00 00 00 00  ................
  0000000000003CD0: 00 00 00 00 00 00 00 00 00 00 00 00 00 00 00 00  ................
  0000000000003CE0: 00 00 00 00 00 00 00 00 00 00 00 00 00 00 00 00  ................
  0000000000003CF0: 00 00 00 00 00 00 00 00 00 00 00 00 00 00 00 00  ................
  0000000000003D00: 00 00 00 00 00 00 00 00 00 00 00 00 00 00 00 00  ................
  0000000000003D10: 00 00 00 00 00 00 00 00 00 00 00 00 00 00 00 00  ................
  0000000000003D20: 00 00 00 00 00 00 00 00 00 00 00 00 00 00 00 00  ................
  0000000000003D30: 00 00 00 00 00 00 00 00 00 00 00 00 00 00 00 00  ................
  0000000000003D40: 00 00 00 00 00 00 00 00 00 00 00 00 00 00 00 00  ................
  0000000000003D50: 00 00 00 00 00 00 00 00 00 00 00 00 00 00 00 00  ................
  0000000000003D60: 00 00 00 00 00 00 00 00 00 00 00 00 00 00 00 00  ................
  0000000000003D70: 00 00 00 00 00 00 00 00 00 00 00 00 00 00 00 00  ................
  0000000000003D80: 00 00 00 00 00 00 00 00 00 00 00 00 00 00 00 00  ................
  0000000000003D90: 00 00 00 00 00 00 00 00 00 00 00 00 00 00 00 00  ................
  0000000000003DA0: 00 00 00 00 00 00 00 00 00 00 00 00 00 00 00 00  ................
  0000000000003DB0: 00 00 00 00 00 00 00 00 00 00 00 00 00 00 00 00  ................
  0000000000003DC0: 00 00 00 00 00 00 00 00 00 00 00 00 00 00 00 00  ................
  0000000000003DD0: 00 00 00 00 00 00 00 00 00 00 00 00 00 00 00 00  ................
  0000000000003DE0: 00 00 00 00 00 00 00 00 00 00 00 00 00 00 00 00  ................
  0000000000003DF0: 00 00 00 00 00 00 00 00 00 00 00 00 00 00 00 00  ................
  0000000000003E00: 00 00 00 00 00 00 00 00 00 00 00 00 00 00 00 00  ................
  0000000000003E10: 00 00 00 00 00 00 00 00 00 00 00 00 00 00 00 00  ................
  0000000000003E20: 00 00 00 00 00 00 00 00 00 00 00 00 00 00 00 00  ................
  0000000000003E30: 00 00 00 00 00 00 00 00 00 00 00 00 00 00 00 00  ................
  0000000000003E40: 00 00 00 00 00 00 00 00 00 00 00 00 00 00 00 00  ................
  0000000000003E50: 00 00 00 00 00 00 00 00 00 00 00 00 00 00 00 00  ................
  0000000000003E60: 00 00 00 00 00 00 00 00 00 00 00 00 00 00 00 00  ................
  0000000000003E70: 00 00 00 00 00 00 00 00 00 00 00 00 00 00 00 00  ................
  0000000000003E80: 00 00 00 00 00 00 00 00 00 00 00 00 00 00 00 00  ................
  0000000000003E90: 00 00 00 00 00 00 00 00 00 00 00 00 00 00 00 00  ................
  0000000000003EA0: 00 00 00 00 00 00 00 00 00 00 00 00 00 00 00 00  ................
  0000000000003EB0: 00 00 00 00 00 00 00 00 00 00 00 00 00 00 00 00  ................
  0000000000003EC0: 00 00 00 00 00 00 00 00 00 00 00 00 00 00 00 00  ................
  0000000000003ED0: 00 00 00 00 00 00 00 00 00 00 00 00 00 00 00 00  ................
  0000000000003EE0: 00 00 00 00 00 00 00 00 00 00 00 00 00 00 00 00  ................
  0000000000003EF0: 00 00 00 00 00 00 00 00 00 00 00 00 00 00 00 00  ................
  0000000000003F00: 00 00 00 00 00 00 00 00 00 00 00 00 00 00 00 00  ................
  0000000000003F10: 00 00 00 00 00 00 00 00 00 00 00 00 00 00 00 00  ................
  0000000000003F20: 00 00 00 00 00 00 00 00 00 00 00 00 00 00 00 00  ................
  0000000000003F30: 00 00 00 00 00 00 00 00 00 00 00 00 00 00 00 00  ................
  0000000000003F40: 00 00 00 00 00 00 00 00 00 00 00 00 00 00 00 00  ................
  0000000000003F50: 00 00 00 00 00 00 00 00 00 00 00 00 00 00 00 00  ................
  0000000000003F60: 00 00 00 00 00 00 00 00 00 00 00 00 00 00 00 00  ................
  0000000000003F70: 00 00 00 00 00 00 00 00 00 00 00 00 00 00 00 00  ................
  0000000000003F80: 00 00 00 00 00 00 00 00 00 00 00 00 00 00 00 00  ................
  0000000000003F90: 00 00 00 00 00 00 00 00 00 00 00 00 00 00 00 00  ................
  0000000000003FA0: 00 00 00 00 00 00 00 00 00 00 00 00 00 00 00 00  ................
  0000000000003FB0: 00 00 00 00 00 00 00 00 00 00 00 00 00 00 00 00  ................
  0000000000003FC0: 00 00 00 00 00 00 00 00 00 00 00 00 00 00 00 00  ................
  0000000000003FD0: 00 00 00 00 00 00 00 00 00 00 00 00 00 00 00 00  ................
  0000000000003FE0: 00 00 00 00 00 00 00 00 00 00 00 00 00 00 00 00  ................
  0000000000003FF0: 00 00 00 00 00 00 00 00 00 00 00 00 00 00 00 00  ................
  0000000000004000: 00 00 00 00 00 00 00 00 00 00 00 00 00 00 00 00  ................
  0000000000004010: 00 00 00 00 00 00 00 00 00 00 00 00 00 00 00 00  ................
  0000000000004020: 00 00 00 00 00 00 00 00 00 00 00 00 00 00 00 00  ................
  0000000000004030: 00 00 00 00 00 00 00 00 00 00 00 00 00 00 00 00  ................
  0000000000004040: 00 00 00 00 00 00 00 00 00 00 00 00 00 00 00 00  ................
  0000000000004050: 00 00 00 00 00 00 00 00 00 00 00 00 00 00 00 00  ................
  0000000000004060: 00 00 00 00 00 00 00 00 00 00 00 00 00 00 00 00  ................
  0000000000004070: 00 00 00 00 00 00 00 00 00 00 00 00 00 00 00 00  ................
  0000000000004080: 00 00 00 00 00 00 00 00 00 00 00 00 00 00 00 00  ................
  0000000000004090: 00 00 00 00 00 00 00 00 00 00 00 00 00 00 00 00  ................
  00000000000040A0: 00 00 00 00 00 00 00 00 00 00 00 00 00 00 00 00  ................
  00000000000040B0: 00 00 00 00 00 00 00 00 00 00 00 00 00 00 00 00  ................
  00000000000040C0: 00 00 00 00 00 00 00 00 00 00 00 00 00 00 00 00  ................
  00000000000040D0: 00 00 00 00 00 00 00 00 00 00 00 00 00 00 00 00  ................
  00000000000040E0: 00 00 00 00 00 00 00 00 00 00 00 00 00 00 00 00  ................
  00000000000040F0: 00 00 00 00 00 00 00 00 00 00 00 00 00 00 00 00  ................
  0000000000004100: 00 00 00 00 00 00 00 00 00 00 00 00 00 00 00 00  ................
  0000000000004110: 00 00 00 00 00 00 00 00 00 00 00 00 00 00 00 00  ................
  0000000000004120: 00 00 00 00 00 00 00 00 00 00 00 00 00 00 00 00  ................
  0000000000004130: 00 00 00 00 00 00 00 00 00 00 00 00 00 00 00 00  ................
  0000000000004140: 00 00 00 00 00 00 00 00 00 00 00 00 00 00 00 00  ................
  0000000000004150: 00 00 00 00 00 00 00 00 00 00 00 00 00 00 00 00  ................
  0000000000004160: 00 00 00 00 00 00 00 00 00 00 00 00 00 00 00 00  ................
  0000000000004170: 00 00 00 00 00 00 00 00 00 00 00 00 00 00 00 00  ................
  0000000000004180: 00 00 00 00 00 00 00 00 00 00 00 00 00 00 00 00  ................
  0000000000004190: 00 00 00 00 00 00 00 00 00 00 00 00 00 00 00 00  ................
  00000000000041A0: 00 00 00 00 00 00 00 00 00 00 00 00 00 00 00 00  ................
  00000000000041B0: 00 00 00 00 00 00 00 00 00 00 00 00 00 00 00 00  ................
  00000000000041C0: 00 00 00 00 00 00 00 00 00 00 00 00 00 00 00 00  ................
  00000000000041D0: 00 00 00 00 00 00 00 00 00 00 00 00 00 00 00 00  ................
  00000000000041E0: 00 00 00 00 00 00 00 00 00 00 00 00 00 00 00 00  ................
  00000000000041F0: 00 00 00 00 00 00 00 00 00 00 00 00 00 00 00 00  ................
  0000000000004200: 00 00 00 00 00 00 00 00 00 00 00 00 00 00 00 00  ................
  0000000000004210: 00 00 00 00 00 00 00 00 00 00 00 00 00 00 00 00  ................
  0000000000004220: 00 00 00 00 00 00 00 00 00 00 00 00 00 00 00 00  ................
  0000000000004230: 00 00 00 00 00 00 00 00 00 00 00 00 00 00 00 00  ................
  0000000000004240: 00 00 00 00 00 00 00 00 00 00 00 00 00 00 00 00  ................
  0000000000004250: 00 00 00 00 00 00 00 00 00 00 00 00 00 00 00 00  ................
  0000000000004260: 00 00 00 00 00 00 00 00 00 00 00 00 00 00 00 00  ................
  0000000000004270: 00 00 00 00 00 00 00 00 00 00 00 00 00 00 00 00  ................
  0000000000004280: 00 00 00 00 00 00 00 00 00 00 00 00 00 00 00 00  ................
  0000000000004290: 00 00 00 00 00 00 00 00 00 00 00 00 00 00 00 00  ................
  00000000000042A0: 00 00 00 00 00 00 00 00 00 00 00 00 00 00 00 00  ................
  00000000000042B0: 00 00 00 00 00 00 00 00 00 00 00 00 00 00 00 00  ................
  00000000000042C0: 00 00 00 00 00 00 00 00 00 00 00 00 00 00 00 00  ................
  00000000000042D0: 00 00 00 00 00 00 00 00 00 00 00 00 00 00 00 00  ................
  00000000000042E0: 00 00 00 00 00 00 00 00 00 00 00 00 00 00 00 00  ................
  00000000000042F0: 00 00 00 00 00 00 00 00 00 00 00 00 00 00 00 00  ................
  0000000000004300: 00 00 00 00 00 00 00 00 00 00 00 00 00 00 00 00  ................
  0000000000004310: 00 00 00 00 00 00 00 00 00 00 00 00 00 00 00 00  ................
  0000000000004320: 00 00 00 00 00 00 00 00 00 00 00 00 00 00 00 00  ................
  0000000000004330: 00 00 00 00 00 00 00 00 00 00 00 00 00 00 00 00  ................
  0000000000004340: 00 00 00 00 00 00 00 00 00 00 00 00 00 00 00 00  ................
  0000000000004350: 00 00 00 00 00 00 00 00 00 00 00 00 00 00 00 00  ................
  0000000000004360: 00 00 00 00 00 00 00 00 00 00 00 00 00 00 00 00  ................
  0000000000004370: 00 00 00 00 00 00 00 00 00 00 00 00 00 00 00 00  ................
  0000000000004380: 00 00 00 00 00 00 00 00 00 00 00 00 00 00 00 00  ................
  0000000000004390: 00 00 00 00 00 00 00 00 00 00 00 00 00 00 00 00  ................
  00000000000043A0: 00 00 00 00 00 00 00 00 00 00 00 00 00 00 00 00  ................
  00000000000043B0: 00 00 00 00 00 00 00 00 00 00 00 00 00 00 00 00  ................
  00000000000043C0: 00 00 00 00 00 00 00 00 00 00 00 00 00 00 00 00  ................
  00000000000043D0: 00 00 00 00 00 00 00 00 00 00 00 00 00 00 00 00  ................
  00000000000043E0: 00 00 00 00 00 00 00 00 00 00 00 00 00 00 00 00  ................
  00000000000043F0: 00 00 00 00 00 00 00 00 00 00 00 00 00 00 00 00  ................
  0000000000004400: 00 00 00 00 00 00 00 00 00 00 00 00 00 00 00 00  ................
  0000000000004410: 00 00 00 00 00 00 00 00 00 00 00 00 00 00 00 00  ................
  0000000000004420: 00 00 00 00 00 00 00 00 00 00 00 00 00 00 00 00  ................
  0000000000004430: 00 00 00 00 00 00 00 00 00 00 00 00 00 00 00 00  ................
  0000000000004440: 00 00 00 00 00 00 00 00 00 00 00 00 00 00 00 00  ................
  0000000000004450: 00 00 00 00 00 00 00 00 00 00 00 00 00 00 00 00  ................
  0000000000004460: 00 00 00 00 00 00 00 00 00 00 00 00 00 00 00 00  ................
  0000000000004470: 00 00 00 00 00 00 00 00 00 00 00 00 00 00 00 00  ................
  0000000000004480: 00 00 00 00 00 00 00 00 00 00 00 00 00 00 00 00  ................
  0000000000004490: 00 00 00 00 00 00 00 00 00 00 00 00 00 00 00 00  ................
  00000000000044A0: 00 00 00 00 00 00 00 00 00 00 00 00 00 00 00 00  ................
  00000000000044B0: 00 00 00 00 00 00 00 00 00 00 00 00 00 00 00 00  ................
  00000000000044C0: 00 00 00 00 00 00 00 00 00 00 00 00 00 00 00 00  ................
  00000000000044D0: 00 00 00 00 00 00 00 00 00 00 00 00 00 00 00 00  ................
  00000000000044E0: 00 00 00 00 00 00 00 00 00 00 00 00 00 00 00 00  ................
  00000000000044F0: 00 00 00 00 00 00 00 00 00 00 00 00 00 00 00 00  ................
  0000000000004500: 00 00 00 00 00 00 00 00 00 00 00 00 00 00 00 00  ................
  0000000000004510: 00 00 00 00 00 00 00 00 00 00 00 00 00 00 00 00  ................
  0000000000004520: 00 00 00 00 00 00 00 00 00 00 00 00 00 00 00 00  ................
  0000000000004530: 00 00 00 00 00 00 00 00 00 00 00 00 00 00 00 00  ................
  0000000000004540: 00 00 00 00 00 00 00 00 00 00 00 00 00 00 00 00  ................
  0000000000004550: 00 00 00 00 00 00 00 00 00 00 00 00 00 00 00 00  ................
  0000000000004560: 00 00 00 00 00 00 00 00 00 00 00 00 00 00 00 00  ................
  0000000000004570: 00 00 00 00 00 00 00 00 00 00 00 00 00 00 00 00  ................
  0000000000004580: 00 00 00 00 00 00 00 00 00 00 00 00 00 00 00 00  ................
  0000000000004590: 00 00 00 00 00 00 00 00 00 00 00 00 00 00 00 00  ................
  00000000000045A0: 00 00 00 00 00 00 00 00 00 00 00 00 00 00 00 00  ................
  00000000000045B0: 00 00 00 00 00 00 00 00 00 00 00 00 00 00 00 00  ................
  00000000000045C0: 00 00 00 00 00 00 00 00 00 00 00 00 00 00 00 00  ................
  00000000000045D0: 00 00 00 00 00 00 00 00 00 00 00 00 00 00 00 00  ................
  00000000000045E0: 00 00 00 00 00 00 00 00 00 00 00 00 00 00 00 00  ................
  00000000000045F0: 00 00 00 00 00 00 00 00 00 00 00 00 00 00 00 00  ................
  0000000000004600: 00 00 00 00 00 00 00 00 00 00 00 00 00 00 00 00  ................
  0000000000004610: 00 00 00 00 00 00 00 00 00 00 00 00 00 00 00 00  ................
  0000000000004620: 00 00 00 00 00 00 00 00 00 00 00 00 00 00 00 00  ................
  0000000000004630: 00 00 00 00 00 00 00 00 00 00 00 00 00 00 00 00  ................
  0000000000004640: 00 00 00 00 00 00 00 00 00 00 00 00 00 00 00 00  ................
  0000000000004650: 00 00 00 00 00 00 00 00 00 00 00 00 00 00 00 00  ................
  0000000000004660: 00 00 00 00 00 00 00 00 00 00 00 00 00 00 00 00  ................
  0000000000004670: 00 00 00 00 00 00 00 00 00 00 00 00 00 00 00 00  ................
  0000000000004680: 00 00 00 00 00 00 00 00 00 00 00 00 00 00 00 00  ................
  0000000000004690: 00 00 00 00 00 00 00 00 00 00 00 00 00 00 00 00  ................
  00000000000046A0: 00 00 00 00 00 00 00 00 00 00 00 00 00 00 00 00  ................
  00000000000046B0: 00 00 00 00 00 00 00 00 00 00 00 00 00 00 00 00  ................
  00000000000046C0: 00 00 00 00 00 00 00 00 00 00 00 00 00 00 00 00  ................
  00000000000046D0: 00 00 00 00 00 00 00 00 00 00 00 00 00 00 00 00  ................
  00000000000046E0: 00 00 00 00 00 00 00 00 00 00 00 00 00 00 00 00  ................
  00000000000046F0: 00 00 00 00 00 00 00 00 00 00 00 00 00 00 00 00  ................
  0000000000004700: 00 00 00 00 00 00 00 00 00 00 00 00 00 00 00 00  ................
  0000000000004710: 00 00 00 00 00 00 00 00 00 00 00 00 00 00 00 00  ................
  0000000000004720: 00 00 00 00 00 00 00 00 00 00 00 00 00 00 00 00  ................
  0000000000004730: 00 00 00 00 00 00 00 00 00 00 00 00 00 00 00 00  ................
  0000000000004740: 00 00 00 00 00 00 00 00 00 00 00 00 00 00 00 00  ................
  0000000000004750: 00 00 00 00 00 00 00 00 00 00 00 00 00 00 00 00  ................
  0000000000004760: 00 00 00 00 00 00 00 00 00 00 00 00 00 00 00 00  ................
  0000000000004770: 00 00 00 00 00 00 00 00 00 00 00 00 00 00 00 00  ................
  0000000000004780: 00 00 00 00 00 00 00 00 00 00 00 00 00 00 00 00  ................
  0000000000004790: 00 00 00 00 00 00 00 00 00 00 00 00 00 00 00 00  ................
  00000000000047A0: 00 00 00 00 00 00 00 00 00 00 00 00 00 00 00 00  ................
  00000000000047B0: 00 00 00 00 00 00 00 00 00 00 00 00 00 00 00 00  ................
  00000000000047C0: 00 00 00 00 00 00 00 00 00 00 00 00 00 00 00 00  ................
  00000000000047D0: 00 00 00 00 00 00 00 00 00 00 00 00 00 00 00 00  ................
  00000000000047E0: 00 00 00 00 00 00 00 00 00 00 00 00 00 00 00 00  ................
  00000000000047F0: 00 00 00 00 00 00 00 00 00 00 00 00 00 00 00 00  ................
  0000000000004800: 00 00 00 00 00 00 00 00 00 00 00 00 00 00 00 00  ................
  0000000000004810: 00 00 00 00 00 00 00 00 00 00 00 00 00 00 00 00  ................
  0000000000004820: 00 00 00 00 00 00 00 00 00 00 00 00 00 00 00 00  ................
  0000000000004830: 00 00 00 00 00 00 00 00 00 00 00 00 00 00 00 00  ................
  0000000000004840: 00 00 00 00 00 00 00 00 00 00 00 00 00 00 00 00  ................
  0000000000004850: 00 00 00 00 00 00 00 00 00 00 00 00 00 00 00 00  ................
  0000000000004860: 00 00 00 00 00 00 00 00 00 00 00 00 00 00 00 00  ................
  0000000000004870: 00 00 00 00 00 00 00 00 00 00 00 00 00 00 00 00  ................
  0000000000004880: 00 00 00 00 00 00 00 00 00 00 00 00 00 00 00 00  ................
  0000000000004890: 00 00 00 00 00 00 00 00 00 00 00 00 00 00 00 00  ................
  00000000000048A0: 00 00 00 00 00 00 00 00 00 00 00 00 00 00 00 00  ................
  00000000000048B0: 00 00 00 00 00 00 00 00 00 00 00 00 00 00 00 00  ................
  00000000000048C0: 00 00 00 00 00 00 00 00 00 00 00 00 00 00 00 00  ................
  00000000000048D0: 00 00 00 00 00 00 00 00 00 00 00 00 00 00 00 00  ................
  00000000000048E0: 00 00 00 00 00 00 00 00 00 00 00 00 00 00 00 00  ................
  00000000000048F0: 00 00 00 00 00 00 00 00 00 00 00 00 00 00 00 00  ................
  0000000000004900: 30 31 32 33 34 35 36 37 38 39 41 42 43 44 45 46  0123456789ABCDEF
  0000000000004910: 00 00 00 00 00 00 00 00 00 00 00 00 00 00 00 00  ................
  0000000000004920: 00 00 00 00 00 00 00 00 49 6E 69 74 53 65 61 6D  ........InitSeam
  0000000000004930: 72 72 50 74 43 74 78 0A 00 00 00 00 00 00 00 00  rrPtCtx.........
  0000000000004940: 53 65 61 6D 52 72 42 61 73 65 3A 20 30 78 00 00  SeamRrBase: 0x..
  0000000000004950: 53 65 61 6D 52 72 53 69 7A 65 3A 20 30 78 00 00  SeamRrSize: 0x..
  0000000000004960: 53 65 61 6D 72 72 50 74 43 74 78 2D 3E 50 74 42  SeamrrPtCtx->PtB
  0000000000004970: 61 73 65 41 64 64 72 4C 61 3A 20 30 78 00 00 00  aseAddrLa: 0x...
  0000000000004980: 53 65 61 6D 72 72 50 74 43 74 78 2D 3E 50 74 42  SeamrrPtCtx->PtB
  0000000000004990: 61 73 65 41 64 64 72 50 61 3A 20 30 78 00 00 00  aseAddrPa: 0x...
  00000000000049A0: 53 65 61 6D 72 72 50 74 43 74 78 2D 3E 50 74 41  SeamrrPtCtx->PtA
  00000000000049B0: 6C 6C 6F 63 61 74 6F 72 50 61 3A 20 30 78 00 00  llocatorPa: 0x..
  00000000000049C0: 53 65 61 6D 72 72 50 74 43 74 78 2D 3E 50 61 67  SeamrrPtCtx->Pag
  00000000000049D0: 69 6E 67 53 74 72 75 63 74 53 69 7A 65 3A 20 30  ingStructSize: 0
  00000000000049E0: 78 00 00 00 00 00 00 00 53 65 61 6D 72 72 50 74  x.......SeamrrPt
  00000000000049F0: 43 74 78 2D 3E 56 50 44 65 6C 74 61 3A 20 30 78  Ctx->VPDelta: 0x
  0000000000004A00: 00 00 00 00 00 00 00 00 55 6E 73 75 70 70 6F 72  ........Unsuppor
  0000000000004A10: 74 65 64 20 72 65 6C 6F 63 61 74 69 6F 6E 21 21  ted relocation!!
  0000000000004A20: 0A 00                                            ..

SECTION HEADER #3
   .text name
    2199 virtual size
    5000 virtual address (0000000000005000 to 0000000000007198)
    2200 size of raw data
    3200 file pointer to raw data (00003200 to 000053FF)
       0 file pointer to relocation table
       0 file pointer to line numbers
       0 number of relocations
       0 number of line numbers
60000020 flags
         Code
         Execute Read

Entry64:
  0000000000005000: C8 28 00 00        enter       28h,0
  0000000000005004: 48 89 4D F8        mov         qword ptr [rbp-8],rcx
  0000000000005008: 48 8B 4D F8        mov         rcx,qword ptr [rbp-8]
  000000000000500C: 4C 89 01           mov         qword ptr [rcx],r8
  000000000000500F: 4C 89 49 08        mov         qword ptr [rcx+8],r9
  0000000000005013: 4C 89 51 10        mov         qword ptr [rcx+10h],r10
  0000000000005017: 4C 89 59 18        mov         qword ptr [rcx+18h],r11
  000000000000501B: 4C 89 61 20        mov         qword ptr [rcx+20h],r12
  000000000000501F: 41 BD 00 00 00 00  mov         r13d,0
  0000000000005025: 41 BE 00 00 00 00  mov         r14d,0
  000000000000502B: 41 BF 00 00 00 00  mov         r15d,0
  0000000000005031: 48 83 E4 F0        and         rsp,0FFFFFFFFFFFFFFF0h
  0000000000005035: 48 83 EC 20        sub         rsp,20h
  0000000000005039: E8 B2 02 00 00     call        Target64
  000000000000503E: 48 8B 4D F8        mov         rcx,qword ptr [rbp-8]
  0000000000005042: 0F 01 91 8A 00 00  lgdt        tbyte ptr [rcx+8Ah]
                    00
  0000000000005049: 66 8B 41 34        mov         ax,word ptr [rcx+34h]
  000000000000504D: 8E C0              mov         es,ax
  000000000000504F: 8E D8              mov         ds,ax
  0000000000005051: 66 8B 41 36        mov         ax,word ptr [rcx+36h]
  0000000000005055: 8E E0              mov         fs,ax
  0000000000005057: 66 8B 41 38        mov         ax,word ptr [rcx+38h]
  000000000000505B: 8E E8              mov         gs,ax
  000000000000505D: 66 8B 41 3A        mov         ax,word ptr [rcx+3Ah]
  0000000000005061: 8E D0              mov         ss,ax
  0000000000005063: 8B 41 3C           mov         eax,dword ptr [rcx+3Ch]
  0000000000005066: 50                 push        rax
  0000000000005067: 48 B8 74 50 00 00  mov         rax,5074h
                    00 00 00 00
  0000000000005071: 50                 push        rax
  0000000000005072: 48 CB              retfq
  0000000000005074: 0F 01 51 4C        lgdt        tbyte ptr [rcx+4Ch]
  0000000000005078: 0F 20 E2           mov         rdx,cr4
  000000000000507B: 81 E2 FF FF FD FF  and         edx,0FFFDFFFFh
  0000000000005081: 0F 22 E2           mov         cr4,rdx
  0000000000005084: 48 31 D2           xor         rdx,rdx
  0000000000005087: 8B 51 30           mov         edx,dword ptr [rcx+30h]
  000000000000508A: 81 E2 80 10 00 00  and         edx,1080h
  0000000000005090: 81 CA 20 40 00 00  or          edx,4020h
  0000000000005096: 0F 22 E2           mov         cr4,rdx
  0000000000005099: 0F 20 C2           mov         rdx,cr0
  000000000000509C: 81 E2 FF FF FE FF  and         edx,0FFFEFFFFh
  00000000000050A2: 0F 22 C2           mov         cr0,rdx
  00000000000050A5: 48 8B 59 56        mov         rbx,qword ptr [rcx+56h]
  00000000000050A9: 4C 8B 41 28        mov         r8,qword ptr [rcx+28h]
  00000000000050AD: 4C 8B 49 66        mov         r9,qword ptr [rcx+66h]
  00000000000050B1: BA 00 00 00 00     mov         edx,0
  00000000000050B6: B8 03 00 00 00     mov         eax,3
  00000000000050BB: 6A 02              push        2
  00000000000050BD: 9D                 popfq
  00000000000050BE: 0F 01 59 42        lidt        tbyte ptr [rcx+42h]
  00000000000050C2: BF 00 00 00 00     mov         edi,0
  00000000000050C7: BE 00 00 00 00     mov         esi,0
  00000000000050CC: B9 00 00 00 00     mov         ecx,0
  00000000000050D1: BD 00 00 00 00     mov         ebp,0
  00000000000050D6: BC 00 00 00 00     mov         esp,0
  00000000000050DB: 41 BA 00 00 00 00  mov         r10d,0
  00000000000050E1: 41 BB 00 00 00 00  mov         r11d,0
  00000000000050E7: 41 BC 00 00 00 00  mov         r12d,0
  00000000000050ED: 41 BD 00 00 00 00  mov         r13d,0
  00000000000050F3: 41 BE 00 00 00 00  mov         r14d,0
  00000000000050F9: 41 BF 00 00 00 00  mov         r15d,0
  00000000000050FF: 48 0F 37           getsec
  0000000000005102: EB FE              jmp         0000000000005102
  0000000000005104: CC CC CC CC CC CC CC CC CC CC CC CC              ÌÌÌÌÌÌÌÌÌÌÌÌ
  0000000000005110: 53                 push        rbx
  0000000000005111: 51                 push        rcx
  0000000000005112: 52                 push        rdx
  0000000000005113: 8A 05 E7 BE FF FF  mov         al,byte ptr [1000h]
  0000000000005119: 3C FF              cmp         al,0FFh
  000000000000511B: 75 34              jne         0000000000005151
  000000000000511D: B8 00 00 00 00     mov         eax,0
  0000000000005122: 0F A2              cpuid
  0000000000005124: 83 F8 07           cmp         eax,7
  0000000000005127: 7C 1F              jl          0000000000005148
  0000000000005129: B8 07 00 00 00     mov         eax,7
  000000000000512E: B9 00 00 00 00     mov         ecx,0
  0000000000005133: 0F A2              cpuid
  0000000000005135: F7 C1 00 00 00 10  test        ecx,10000000h
  000000000000513B: 74 0B              je          0000000000005148
  000000000000513D: C6 05 BC BE FF FF  mov         byte ptr [1000h],1
                    01
  0000000000005144: B0 01              mov         al,1
  0000000000005146: EB 09              jmp         0000000000005151
  0000000000005148: C6 05 B1 BE FF FF  mov         byte ptr [1000h],0
                    00
  000000000000514F: B0 00              mov         al,0
  0000000000005151: 5A                 pop         rdx
  0000000000005152: 59                 pop         rcx
  0000000000005153: 5B                 pop         rbx
  0000000000005154: C3                 ret
  0000000000005155: 66
  0000000000005156: 0F
  0000000000005157: 38 F8              cmp         al,bh
  0000000000005159: 37
  000000000000515A: C3                 ret
  000000000000515B: 50                 push        rax
  000000000000515C: 48 8B 06           mov         rax,qword ptr [rsi]
  000000000000515F: 48 89 07           mov         qword ptr [rdi],rax
  0000000000005162: 48 8B 46 08        mov         rax,qword ptr [rsi+8]
  0000000000005166: 48 89 47 08        mov         qword ptr [rdi+8],rax
  000000000000516A: 48 8B 46 10        mov         rax,qword ptr [rsi+10h]
  000000000000516E: 48 89 47 10        mov         qword ptr [rdi+10h],rax
  0000000000005172: 48 8B 46 18        mov         rax,qword ptr [rsi+18h]
  0000000000005176: 48 89 47 18        mov         qword ptr [rdi+18h],rax
  000000000000517A: 48 8B 46 20        mov         rax,qword ptr [rsi+20h]
  000000000000517E: 48 89 47 20        mov         qword ptr [rdi+20h],rax
  0000000000005182: 48 8B 46 28        mov         rax,qword ptr [rsi+28h]
  0000000000005186: 48 89 47 28        mov         qword ptr [rdi+28h],rax
  000000000000518A: 48 8B 46 30        mov         rax,qword ptr [rsi+30h]
  000000000000518E: 48 89 47 30        mov         qword ptr [rdi+30h],rax
  0000000000005192: 48 8B 46 38        mov         rax,qword ptr [rsi+38h]
  0000000000005196: 48 89 47 38        mov         qword ptr [rdi+38h],rax
  000000000000519A: 58                 pop         rax
  000000000000519B: C3                 ret
Movdir64B:
  000000000000519C: 57                 push        rdi
  000000000000519D: 56                 push        rsi
  000000000000519E: 48 89 CE           mov         rsi,rcx
  00000000000051A1: 48 89 D7           mov         rdi,rdx
  00000000000051A4: E8 67 FF FF FF     call        0000000000005110
  00000000000051A9: 84 C0              test        al,al
  00000000000051AB: 74 07              je          00000000000051B4
  00000000000051AD: E8 A3 FF FF FF     call        0000000000005155
  00000000000051B2: EB 05              jmp         00000000000051B9
  00000000000051B4: E8 A2 FF FF FF     call        000000000000515B
  00000000000051B9: 5E                 pop         rsi
  00000000000051BA: 5F                 pop         rdi
  00000000000051BB: C3                 ret
  00000000000051BC: 48 89 5C 24 08     mov         qword ptr [rsp+8],rbx
  00000000000051C1: 57                 push        rdi
  00000000000051C2: 48 83 EC 30        sub         rsp,30h
  00000000000051C6: 83 64 24 28 00     and         dword ptr [rsp+28h],0
  00000000000051CB: BA 00 00 D2 FE     mov         edx,0FED20000h
  00000000000051D0: 83 64 24 20 00     and         dword ptr [rsp+20h],0
  00000000000051D5: 41 B9 01 00 00 00  mov         r9d,1
  00000000000051DB: 41 B8 F8 0D 00 00  mov         r8d,0DF8h
  00000000000051E1: 48 8B F9           mov         rdi,rcx
  00000000000051E4: E8 8B 02 00 00     call        MapPhysicalRange
  00000000000051E9: 48 8B D8           mov         rbx,rax
  00000000000051EC: 48 83 F8 FF        cmp         rax,0FFFFFFFFFFFFFFFFh
  00000000000051F0: 75 05              jne         00000000000051F7
  00000000000051F2: E8 E9 01 00 00     call        _ud2
  00000000000051F7: C6 83 A8 03 00 00  mov         byte ptr [rbx+3A8h],0
                    00
  00000000000051FE: 8A 8B A8 03 00 00  mov         cl,byte ptr [rbx+3A8h]
  0000000000005204: 88 4C 24 48        mov         byte ptr [rsp+48h],cl
  0000000000005208: E8 D7 01 00 00     call        PauseCpu
  000000000000520D: 8A 44 24 48        mov         al,byte ptr [rsp+48h]
  0000000000005211: 84 C0              test        al,al
  0000000000005213: 74 08              je          000000000000521D
  0000000000005215: 8A 44 24 48        mov         al,byte ptr [rsp+48h]
  0000000000005219: 3C FF              cmp         al,0FFh
  000000000000521B: 75 E1              jne         00000000000051FE
  000000000000521D: 8A 03              mov         al,byte ptr [rbx]
  000000000000521F: 88 05 DB CD FF FF  mov         byte ptr [2000h],al
  0000000000005225: 8A 05 D5 CD FF FF  mov         al,byte ptr [2000h]
  000000000000522B: A8 01              test        al,1
  000000000000522D: 75 20              jne         000000000000524F
  000000000000522F: C6 43 48 00        mov         byte ptr [rbx+48h],0
  0000000000005233: 8A 43 48           mov         al,byte ptr [rbx+48h]
  0000000000005236: 88 44 24 48        mov         byte ptr [rsp+48h],al
  000000000000523A: E8 A5 01 00 00     call        PauseCpu
  000000000000523F: 8A 44 24 48        mov         al,byte ptr [rsp+48h]
  0000000000005243: 84 C0              test        al,al
  0000000000005245: 74 08              je          000000000000524F
  0000000000005247: 8A 44 24 48        mov         al,byte ptr [rsp+48h]
  000000000000524B: 3C FF              cmp         al,0FFh
  000000000000524D: 75 E4              jne         0000000000005233
  000000000000524F: 45 33 C0           xor         r8d,r8d
  0000000000005252: 48 8B D3           mov         rdx,rbx
  0000000000005255: 48 8B CF           mov         rcx,rdi
  0000000000005258: 48 8B 5C 24 40     mov         rbx,qword ptr [rsp+40h]
  000000000000525D: 48 83 C4 30        add         rsp,30h
  0000000000005261: 5F                 pop         rdi
  0000000000005262: E9 65 03 00 00     jmp         RemoveLinearMapping
  0000000000005267: CC                                               Ì
  0000000000005268: 48 89 5C 24 08     mov         qword ptr [rsp+8],rbx
  000000000000526D: 57                 push        rdi
  000000000000526E: 48 83 EC 30        sub         rsp,30h
  0000000000005272: 83 64 24 28 00     and         dword ptr [rsp+28h],0
  0000000000005277: BA 00 00 D2 FE     mov         edx,0FED20000h
  000000000000527C: 83 64 24 20 00     and         dword ptr [rsp+20h],0
  0000000000005281: 41 B9 01 00 00 00  mov         r9d,1
  0000000000005287: 41 B8 F8 0D 00 00  mov         r8d,0DF8h
  000000000000528D: 48 8B F9           mov         rdi,rcx
  0000000000005290: E8 DF 01 00 00     call        MapPhysicalRange
  0000000000005295: 48 8B D8           mov         rbx,rax
  0000000000005298: 48 83 F8 FF        cmp         rax,0FFFFFFFFFFFFFFFFh
  000000000000529C: 75 05              jne         00000000000052A3
  000000000000529E: E8 3D 01 00 00     call        _ud2
  00000000000052A3: 8A 0D 57 CD FF FF  mov         cl,byte ptr [2000h]
  00000000000052A9: F6 C1 01           test        cl,1
  00000000000052AC: 74 34              je          00000000000052E2
  00000000000052AE: C6 83 90 03 00 00  mov         byte ptr [rbx+390h],0
                    00
  00000000000052B5: 8A 83 90 03 00 00  mov         al,byte ptr [rbx+390h]
  00000000000052BB: 88 44 24 48        mov         byte ptr [rsp+48h],al
  00000000000052BF: E8 20 01 00 00     call        PauseCpu
  00000000000052C4: 8A 44 24 48        mov         al,byte ptr [rsp+48h]
  00000000000052C8: 84 C0              test        al,al
  00000000000052CA: 74 08              je          00000000000052D4
  00000000000052CC: 8A 44 24 48        mov         al,byte ptr [rsp+48h]
  00000000000052D0: 3C FF              cmp         al,0FFh
  00000000000052D2: 75 E1              jne         00000000000052B5
  00000000000052D4: 45 33 C0           xor         r8d,r8d
  00000000000052D7: 48 8B D3           mov         rdx,rbx
  00000000000052DA: 48 8B CF           mov         rcx,rdi
  00000000000052DD: E8 EA 02 00 00     call        RemoveLinearMapping
  00000000000052E2: 48 8B 5C 24 40     mov         rbx,qword ptr [rsp+40h]
  00000000000052E7: 48 83 C4 30        add         rsp,30h
  00000000000052EB: 5F                 pop         rdi
  00000000000052EC: C3                 ret
  00000000000052ED: CC CC CC                                         ÌÌÌ
Target64:
  00000000000052F0: 48 89 5C 24 08     mov         qword ptr [rsp+8],rbx
  00000000000052F5: 57                 push        rdi
  00000000000052F6: 48 83 EC 20        sub         rsp,20h
  00000000000052FA: 48 8B D9           mov         rbx,rcx
  00000000000052FD: E8 3A 03 00 00     call        __security_init_cookie
  0000000000005302: 0F B7 43 40        movzx       eax,word ptr [rbx+40h]
  0000000000005306: 48 8B 7B 5E        mov         rdi,qword ptr [rbx+5Eh]
  000000000000530A: 66 89 43 42        mov         word ptr [rbx+42h],ax
  000000000000530E: 48 8B CF           mov         rcx,rdi
  0000000000005311: 48 8B 43 20        mov         rax,qword ptr [rbx+20h]
  0000000000005315: 48 89 43 44        mov         qword ptr [rbx+44h],rax
  0000000000005319: 48 8B 43 08        mov         rax,qword ptr [rbx+8]
  000000000000531D: 48 89 43 4E        mov         qword ptr [rbx+4Eh],rax
  0000000000005321: 48 8B 43 10        mov         rax,qword ptr [rbx+10h]
  0000000000005325: 48 89 43 56        mov         qword ptr [rbx+56h],rax
  0000000000005329: 48 8B 43 18        mov         rax,qword ptr [rbx+18h]
  000000000000532D: 48 89 43 28        mov         qword ptr [rbx+28h],rax
  0000000000005331: E8 86 FE FF FF     call        00000000000051BC
  0000000000005336: 8B 43 30           mov         eax,dword ptr [rbx+30h]
  0000000000005339: 25 00 10 00 00     and         eax,1000h
  000000000000533E: F7 D8              neg         eax
  0000000000005340: 48 B8 00 00 00 00  mov         rax,0FF00800000000000h
                    00 80 00 FF
  000000000000534A: 48 1B D2           sbb         rdx,rdx
  000000000000534D: 48 23 D0           and         rdx,rax
  0000000000005350: 48 B8 00 00 00 00  mov         rax,0FFFF800000000000h
                    00 80 FF FF
  000000000000535A: 48 03 D0           add         rdx,rax
  000000000000535D: 48 8B C2           mov         rax,rdx
  0000000000005360: 48 23 43 56        and         rax,qword ptr [rbx+56h]
  0000000000005364: 74 0A              je          0000000000005370
  0000000000005366: 48 3B C2           cmp         rax,rdx
  0000000000005369: 74 05              je          0000000000005370
  000000000000536B: E8 70 00 00 00     call        _ud2
  0000000000005370: 48 8B D7           mov         rdx,rdi
  0000000000005373: 48 8B CB           mov         rcx,rbx
  0000000000005376: E8 D9 06 00 00     call        SeamldrAcm
  000000000000537B: 48 8B CF           mov         rcx,rdi
  000000000000537E: E8 E5 FE FF FF     call        0000000000005268
  0000000000005383: 48 8D 15 76 D5 FF  lea         rdx,[TempGdt]
                    FF
  000000000000538A: B8 FF 0F 00 00     mov         eax,0FFFh
  000000000000538F: 66 89 83 8A 00 00  mov         word ptr [rbx+8Ah],ax
                    00
  0000000000005396: 0F B7 43 34        movzx       eax,word ptr [rbx+34h]
  000000000000539A: 48 89 93 8C 00 00  mov         qword ptr [rbx+8Ch],rdx
                    00
  00000000000053A1: 48 8B 0D 50 D2 FF  mov         rcx,qword ptr [25F8h]
                    FF
  00000000000053A8: 48 89 0C 10        mov         qword ptr [rax+rdx],rcx
  00000000000053AC: 0F B7 43 36        movzx       eax,word ptr [rbx+36h]
  00000000000053B0: 48 89 0C 10        mov         qword ptr [rax+rdx],rcx
  00000000000053B4: 0F B7 43 38        movzx       eax,word ptr [rbx+38h]
  00000000000053B8: 48 89 0C 10        mov         qword ptr [rax+rdx],rcx
  00000000000053BC: 0F B7 43 3A        movzx       eax,word ptr [rbx+3Ah]
  00000000000053C0: 48 89 0C 10        mov         qword ptr [rax+rdx],rcx
  00000000000053C4: 8B 4B 3C           mov         ecx,dword ptr [rbx+3Ch]
  00000000000053C7: 48 8B 05 32 D2 FF  mov         rax,qword ptr [2600h]
                    FF
  00000000000053CE: 48 8B 5C 24 30     mov         rbx,qword ptr [rsp+30h]
  00000000000053D3: 48 89 04 11        mov         qword ptr [rcx+rdx],rax
  00000000000053D7: 48 83 C4 20        add         rsp,20h
  00000000000053DB: 5F                 pop         rdi
  00000000000053DC: C3                 ret
  00000000000053DD: CC CC CC                                         ÌÌÌ
_ud2:
  00000000000053E0: 0F 0B              ud2
  00000000000053E2: C3                 ret
  00000000000053E3: CC                                               Ì
PauseCpu:
  00000000000053E4: F3 90              pause
  00000000000053E6: C3                 ret
  00000000000053E7: CC                                               Ì
  00000000000053E8: 45 33 D2           xor         r10d,r10d
  00000000000053EB: 4C 39 11           cmp         qword ptr [rcx],r10
  00000000000053EE: 74 02              je          00000000000053F2
  00000000000053F0: 0F 0B              ud2
  00000000000053F2: 41 83 F8 01        cmp         r8d,1
  00000000000053F6: 48 89 11           mov         qword ptr [rcx],rdx
  00000000000053F9: B8 02 00 00 00     mov         eax,2
  00000000000053FE: 44 0F 44 D0        cmove       r10d,eax
  0000000000005402: 8B C2              mov         eax,edx
  0000000000005404: 83 E0 FD           and         eax,0FFFFFFFDh
  0000000000005407: 44 0B D0           or          r10d,eax
  000000000000540A: 41 81 CA E1 00 00  or          r10d,0E1h
                    00
  0000000000005411: 44 89 11           mov         dword ptr [rcx],r10d
  0000000000005414: 41 83 F9 01        cmp         r9d,1
  0000000000005418: 75 09              jne         0000000000005423
  000000000000541A: 41 81 E2 E7 EF FF  and         r10d,0FFFFEFE7h
                    FF
  0000000000005421: EB 07              jmp         000000000000542A
  0000000000005423: 41 81 CA 18 10 00  or          r10d,1018h
                    00
  000000000000542A: 44 89 11           mov         dword ptr [rcx],r10d
  000000000000542D: C3                 ret
  000000000000542E: CC CC                                            ÌÌ
  0000000000005430: 45 33 D2           xor         r10d,r10d
  0000000000005433: 4C 39 11           cmp         qword ptr [rcx],r10
  0000000000005436: 74 02              je          000000000000543A
  0000000000005438: 0F 0B              ud2
  000000000000543A: 41 83 F8 01        cmp         r8d,1
  000000000000543E: 48 89 11           mov         qword ptr [rcx],rdx
  0000000000005441: B8 02 00 00 00     mov         eax,2
  0000000000005446: 44 0F 44 D0        cmove       r10d,eax
  000000000000544A: 8B C2              mov         eax,edx
  000000000000544C: 83 E0 FD           and         eax,0FFFFFFFDh
  000000000000544F: 44 0B D0           or          r10d,eax
  0000000000005452: 41 83 CA 61        or          r10d,61h
  0000000000005456: 44 89 11           mov         dword ptr [rcx],r10d
  0000000000005459: 41 83 F9 01        cmp         r9d,1
  000000000000545D: 75 09              jne         0000000000005468
  000000000000545F: 41 81 E2 67 FF FF  and         r10d,0FFFFFF67h
                    FF
  0000000000005466: EB 07              jmp         000000000000546F
  0000000000005468: 41 81 CA 98 00 00  or          r10d,98h
                    00
  000000000000546F: 44 89 11           mov         dword ptr [rcx],r10d
  0000000000005472: C3                 ret
  0000000000005473: CC                                               Ì
MapPhysicalRange:
  0000000000005474: 48 89 5C 24 08     mov         qword ptr [rsp+8],rbx
  0000000000005479: 48 89 6C 24 10     mov         qword ptr [rsp+10h],rbp
  000000000000547E: 48 89 74 24 18     mov         qword ptr [rsp+18h],rsi
  0000000000005483: 57                 push        rdi
  0000000000005484: 41 56              push        r14
  0000000000005486: 41 57              push        r15
  0000000000005488: 48 83 EC 20        sub         rsp,20h
  000000000000548C: 83 7C 24 60 01     cmp         dword ptr [rsp+60h],1
  0000000000005491: 41 8B E9           mov         ebp,r9d
  0000000000005494: 4C 8B D2           mov         r10,rdx
  0000000000005497: 4C 8B D9           mov         r11,rcx
  000000000000549A: 48 8B FA           mov         rdi,rdx
  000000000000549D: 0F 85 8D 00 00 00  jne         0000000000005530
  00000000000054A3: B8 FF FF 1F 00     mov         eax,1FFFFFh
  00000000000054A8: 48 C7 C1 00 00 E0  mov         rcx,0FFFFFFFFFFE00000h
                    FF
  00000000000054AF: 4C 23 D0           and         r10,rax
  00000000000054B2: 48 23 F9           and         rdi,rcx
  00000000000054B5: 44 8D 78 01        lea         r15d,[rax+1]
  00000000000054B9: 4B 8D 14 02        lea         rdx,[r10+r8]
  00000000000054BD: 48 85 D0           test        rax,rdx
  00000000000054C0: 74 06              je          00000000000054C8
  00000000000054C2: 48 23 D1           and         rdx,rcx
  00000000000054C5: 49 03 D7           add         rdx,r15
  00000000000054C8: 41 8B 4B 24        mov         ecx,dword ptr [r11+24h]
  00000000000054CC: 48 C1 EA 15        shr         rdx,15h
  00000000000054D0: 8D 04 11           lea         eax,[rcx+rdx]
  00000000000054D3: 3D 00 02 00 00     cmp         eax,200h
  00000000000054D8: 76 15              jbe         00000000000054EF
  00000000000054DA: 48 8D 0D 27 CB FF  lea         rcx,[??_C@_0CK@HIHMONIC@No?5free?52MB?5entries?5left?5to?5map?5@IMHBAIGO@]
                    FF
  00000000000054E1: E8 12 14 00 00     call        ComSerialOut
  00000000000054E6: 48 83 C8 FF        or          rax,0FFFFFFFFFFFFFFFFh
  00000000000054EA: E9 C1 00 00 00     jmp         00000000000055B0
  00000000000054EF: 4D 8B 73 08        mov         r14,qword ptr [r11+8]
  00000000000054F3: C1 E1 15           shl         ecx,15h
  00000000000054F6: 8B D9              mov         ebx,ecx
  00000000000054F8: 49 03 5B 18        add         rbx,qword ptr [r11+18h]
  00000000000054FC: 49 03 DA           add         rbx,r10
  00000000000054FF: 85 D2              test        edx,edx
  0000000000005501: 0F 84 A6 00 00 00  je          00000000000055AD
  0000000000005507: 8B F2              mov         esi,edx
  0000000000005509: 41 8B 43 24        mov         eax,dword ptr [r11+24h]
  000000000000550D: 44 8B C5           mov         r8d,ebp
  0000000000005510: 44 8B 4C 24 68     mov         r9d,dword ptr [rsp+68h]
  0000000000005515: 48 8B D7           mov         rdx,rdi
  0000000000005518: 49 8D 0C C6        lea         rcx,[r14+rax*8]
  000000000000551C: E8 C7 FE FF FF     call        00000000000053E8
  0000000000005521: 41 FF 43 24        inc         dword ptr [r11+24h]
  0000000000005525: 49 03 FF           add         rdi,r15
  0000000000005528: 48 83 EE 01        sub         rsi,1
  000000000000552C: 75 DB              jne         0000000000005509
  000000000000552E: EB 7D              jmp         00000000000055AD
  0000000000005530: B8 FF 0F 00 00     mov         eax,0FFFh
  0000000000005535: 48 C7 C2 00 F0 FF  mov         rdx,0FFFFFFFFFFFFF000h
                    FF
  000000000000553C: 4C 23 D0           and         r10,rax
  000000000000553F: 48 23 FA           and         rdi,rdx
  0000000000005542: 44 8D 78 01        lea         r15d,[rax+1]
  0000000000005546: 4B 8D 0C 02        lea         rcx,[r10+r8]
  000000000000554A: 48 85 C8           test        rax,rcx
  000000000000554D: 74 06              je          0000000000005555
  000000000000554F: 48 23 CA           and         rcx,rdx
  0000000000005552: 49 03 CF           add         rcx,r15
  0000000000005555: 41 8B 53 20        mov         edx,dword ptr [r11+20h]
  0000000000005559: 48 C1 E9 0C        shr         rcx,0Ch
  000000000000555D: 8D 04 0A           lea         eax,[rdx+rcx]
  0000000000005560: 3D 00 02 00 00     cmp         eax,200h
  0000000000005565: 76 0C              jbe         0000000000005573
  0000000000005567: 48 8D 0D CA CA FF  lea         rcx,[??_C@_0CK@BFFOGJBM@No?5free?54KB?5entries?5left?5to?5map?5@IMHBAIGO@]
                    FF
  000000000000556E: E9 6E FF FF FF     jmp         00000000000054E1
  0000000000005573: 4D 8B 33           mov         r14,qword ptr [r11]
  0000000000005576: C1 E2 0C           shl         edx,0Ch
  0000000000005579: 8B DA              mov         ebx,edx
  000000000000557B: 49 03 5B 10        add         rbx,qword ptr [r11+10h]
  000000000000557F: 49 03 DA           add         rbx,r10
  0000000000005582: 85 C9              test        ecx,ecx
  0000000000005584: 74 27              je          00000000000055AD
  0000000000005586: 8B F1              mov         esi,ecx
  0000000000005588: 41 8B 4B 20        mov         ecx,dword ptr [r11+20h]
  000000000000558C: 44 8B C5           mov         r8d,ebp
  000000000000558F: 44 8B 4C 24 68     mov         r9d,dword ptr [rsp+68h]
  0000000000005594: 48 8B D7           mov         rdx,rdi
  0000000000005597: 49 8D 0C CE        lea         rcx,[r14+rcx*8]
  000000000000559B: E8 90 FE FF FF     call        0000000000005430
  00000000000055A0: 41 FF 43 20        inc         dword ptr [r11+20h]
  00000000000055A4: 49 03 FF           add         rdi,r15
  00000000000055A7: 48 83 EE 01        sub         rsi,1
  00000000000055AB: 75 DB              jne         0000000000005588
  00000000000055AD: 48 8B C3           mov         rax,rbx
  00000000000055B0: 48 8B 5C 24 40     mov         rbx,qword ptr [rsp+40h]
  00000000000055B5: 48 8B 6C 24 48     mov         rbp,qword ptr [rsp+48h]
  00000000000055BA: 48 8B 74 24 50     mov         rsi,qword ptr [rsp+50h]
  00000000000055BF: 48 83 C4 20        add         rsp,20h
  00000000000055C3: 41 5F              pop         r15
  00000000000055C5: 41 5E              pop         r14
  00000000000055C7: 5F                 pop         rdi
  00000000000055C8: C3                 ret
  00000000000055C9: CC CC CC                                         ÌÌÌ
RemoveLinearMapping:
  00000000000055CC: 45 84 C0           test        r8b,r8b
  00000000000055CF: 4C 8B C2           mov         r8,rdx
  00000000000055D2: 74 0A              je          00000000000055DE
  00000000000055D4: 48 83 C1 08        add         rcx,8
  00000000000055D8: 49 C1 E8 15        shr         r8,15h
  00000000000055DC: EB 04              jmp         00000000000055E2
  00000000000055DE: 49 C1 E8 0C        shr         r8,0Ch
  00000000000055E2: 48 8B 01           mov         rax,qword ptr [rcx]
  00000000000055E5: 41 81 E0 FF 01 00  and         r8d,1FFh
                    00
  00000000000055EC: 4A 83 24 C0 00     and         qword ptr [rax+r8*8],0
  00000000000055F1: 0F 01 3A           invlpg      [rdx]
  00000000000055F4: C3                 ret
  00000000000055F5: CC CC CC                                         ÌÌÌ
__security_cookie_rdrand:
  00000000000055F8: 40 53              push        rbx
  00000000000055FA: 48 83 EC 20        sub         rsp,20h
  00000000000055FE: 48 83 64 24 30 00  and         qword ptr [rsp+30h],0
  0000000000005604: B3 0A              mov         bl,0Ah
  0000000000005606: 48 8D 4C 24 30     lea         rcx,[rsp+30h]
  000000000000560B: E8 64 13 00 00     call        RdSeed64
  0000000000005610: 85 C0              test        eax,eax
  0000000000005612: 75 09              jne         000000000000561D
  0000000000005614: 80 C3 FF           add         bl,0FFh
  0000000000005617: F3 90              pause
  0000000000005619: 75 EB              jne         0000000000005606
  000000000000561B: EB 0B              jmp         0000000000005628
  000000000000561D: 48 8B 44 24 30     mov         rax,qword ptr [rsp+30h]
  0000000000005622: 48 83 C4 20        add         rsp,20h
  0000000000005626: 5B                 pop         rbx
  0000000000005627: C3                 ret
  0000000000005628: E8 03 00 00 00     call        __security_deadloop
  000000000000562D: CC                 int         3
  000000000000562E: CC CC                                            ÌÌ
__security_deadloop:
  0000000000005630: 48 83 EC 28        sub         rsp,28h
  0000000000005634: E8 A7 FD FF FF     call        _ud2
  0000000000005639: EB F9              jmp         0000000000005634
  000000000000563B: CC                                               Ì
__security_init_cookie:
  000000000000563C: 48 83 EC 28        sub         rsp,28h
  0000000000005640: E8 B3 FF FF FF     call        __security_cookie_rdrand
  0000000000005645: 48 85 C0           test        rax,rax
  0000000000005648: 74 0C              je          0000000000005656
  000000000000564A: 48 89 05 17 CA FF  mov         qword ptr [__security_cookie],rax
                    FF
  0000000000005651: 48 83 C4 28        add         rsp,28h
  0000000000005655: C3                 ret
  0000000000005656: E8 D5 FF FF FF     call        __security_deadloop
  000000000000565B: CC                 int         3
  000000000000565C: 48 83 EC 38        sub         rsp,38h
  0000000000005660: 45 33 C9           xor         r9d,r9d
  0000000000005663: 48 8D 44 24 40     lea         rax,[rsp+40h]
  0000000000005668: 48 89 44 24 28     mov         qword ptr [rsp+28h],rax
  000000000000566D: 45 33 C0           xor         r8d,r8d
  0000000000005670: 48 83 64 24 20 00  and         qword ptr [rsp+20h],0
  0000000000005676: 41 8D 51 01        lea         edx,[r9+1]
  000000000000567A: 8D 4A 1E           lea         ecx,[rdx+1Eh]
  000000000000567D: E8 62 19 00 00     call        CpuidEx
  0000000000005682: 8B 44 24 40        mov         eax,dword ptr [rsp+40h]
  0000000000005686: 48 83 C4 38        add         rsp,38h
  000000000000568A: C3                 ret
  000000000000568B: CC                                               Ì
LoadModuleCode:
  000000000000568C: 48 8B 05 F5 D1 FF  mov         rax,qword ptr [2888h]
                    FF
  0000000000005693: 4C 8B C1           mov         r8,rcx
  0000000000005696: 48 8B 0D 6B D0 FF  mov         rcx,qword ptr [2708h]
                    FF
  000000000000569D: 44 8B CA           mov         r9d,edx
  00000000000056A0: 48 2B 48 08        sub         rcx,qword ptr [rax+8]
  00000000000056A4: 48 8B 50 08        mov         rdx,qword ptr [rax+8]
  00000000000056A8: 48 81 E9 00 10 00  sub         rcx,1000h
                    00
  00000000000056AF: E9 04 16 00 00     jmp         memcpy_s
MapModulePages:
  00000000000056B4: 48 8B C4           mov         rax,rsp
  00000000000056B7: 48 89 58 08        mov         qword ptr [rax+8],rbx
  00000000000056BB: 48 89 68 10        mov         qword ptr [rax+10h],rbp
  00000000000056BF: 48 89 70 18        mov         qword ptr [rax+18h],rsi
  00000000000056C3: 48 89 78 20        mov         qword ptr [rax+20h],rdi
  00000000000056C7: 41 56              push        r14
  00000000000056C9: 48 83 EC 30        sub         rsp,30h
  00000000000056CD: 48 8B 1D 3C D0 FF  mov         rbx,qword ptr [2710h]
                    FF
  00000000000056D4: 48 B8 00 00 00 00  mov         rax,0FFFF800000000000h
                    00 80 FF FF
  00000000000056DE: 4C 8B 05 5B D0 FF  mov         r8,qword ptr [2740h]
                    FF
  00000000000056E5: 48 0B D8           or          rbx,rax
  00000000000056E8: 48 8B 05 99 D1 FF  mov         rax,qword ptr [2888h]
                    FF
  00000000000056EF: 8B EA              mov         ebp,edx
  00000000000056F1: 48 8B 35 40 D0 FF  mov         rsi,qword ptr [2738h]
                    FF
  00000000000056F8: 33 FF              xor         edi,edi
  00000000000056FA: 48 81 C6 00 F0 FF  add         rsi,0FFFFFFFFFFFFF000h
                    FF
  0000000000005701: C1 ED 0C           shr         ebp,0Ch
  0000000000005704: 4C 8B F1           mov         r14,rcx
  0000000000005707: 4C 2B 40 08        sub         r8,qword ptr [rax+8]
  000000000000570B: 49 03 F0           add         rsi,r8
  000000000000570E: 85 ED              test        ebp,ebp
  0000000000005710: 74 37              je          0000000000005749
  0000000000005712: C6 44 24 28 00     mov         byte ptr [rsp+28h],0
  0000000000005717: 41 B9 21 00 00 00  mov         r9d,21h
  000000000000571D: 83 64 24 20 00     and         dword ptr [rsp+20h],0
  0000000000005722: 4C 8B C6           mov         r8,rsi
  0000000000005725: 48 8B D3           mov         rdx,rbx
  0000000000005728: 49 8B CE           mov         rcx,r14
  000000000000572B: E8 68 17 00 00     call        MapPage
  0000000000005730: 48 85 C0           test        rax,rax
  0000000000005733: 74 31              je          0000000000005766
  0000000000005735: 48 81 C3 00 10 00  add         rbx,1000h
                    00
  000000000000573C: 48 81 C6 00 10 00  add         rsi,1000h
                    00
  0000000000005743: FF C7              inc         edi
  0000000000005745: 3B FD              cmp         edi,ebp
  0000000000005747: 72 C9              jb          0000000000005712
  0000000000005749: 33 C0              xor         eax,eax
  000000000000574B: 48 8B 5C 24 40     mov         rbx,qword ptr [rsp+40h]
  0000000000005750: 48 8B 6C 24 48     mov         rbp,qword ptr [rsp+48h]
  0000000000005755: 48 8B 74 24 50     mov         rsi,qword ptr [rsp+50h]
  000000000000575A: 48 8B 7C 24 58     mov         rdi,qword ptr [rsp+58h]
  000000000000575F: 48 83 C4 30        add         rsp,30h
  0000000000005763: 41 5E              pop         r14
  0000000000005765: C3                 ret
  0000000000005766: 48 B8 02 00 01 00  mov         rax,8000000000010002h
                    00 00 00 80
  0000000000005770: EB D9              jmp         000000000000574B
  0000000000005772: CC CC                                            ÌÌ
MapModuleRegion:
  0000000000005774: 48 8B C4           mov         rax,rsp
  0000000000005777: 48 89 58 08        mov         qword ptr [rax+8],rbx
  000000000000577B: 48 89 68 10        mov         qword ptr [rax+10h],rbp
  000000000000577F: 48 89 70 18        mov         qword ptr [rax+18h],rsi
  0000000000005783: 48 89 78 20        mov         qword ptr [rax+20h],rdi
  0000000000005787: 41 55              push        r13
  0000000000005789: 41 56              push        r14
  000000000000578B: 41 57              push        r15
  000000000000578D: 48 83 EC 30        sub         rsp,30h
  0000000000005791: 48 8B 3D 78 CF FF  mov         rdi,qword ptr [2710h]
                    FF
  0000000000005798: 48 B8 00 00 00 00  mov         rax,200000000h
                    02 00 00 00
  00000000000057A2: 4C 8B 05 9F CF FF  mov         r8,qword ptr [2748h]
                    FF
  00000000000057A9: 48 0B F8           or          rdi,rax
  00000000000057AC: 4C 8B 35 8D CF FF  mov         r14,qword ptr [2740h]
                    FF
  00000000000057B3: 33 ED              xor         ebp,ebp
  00000000000057B5: 48 8B 15 7C CF FF  mov         rdx,qword ptr [2738h]
                    FF
  00000000000057BC: 49 8B C6           mov         rax,r14
  00000000000057BF: 4C 8B F9           mov         r15,rcx
  00000000000057C2: 48 8B DA           mov         rbx,rdx
  00000000000057C5: 49 2B 40 38        sub         rax,qword ptr [r8+38h]
  00000000000057C9: 49 B9 63 00 00 00  mov         r9,8000000000000063h
                    00 00 00 80
  00000000000057D3: 48 A9 00 00 E0 FF  test        rax,0FFFFFFFFFFE00000h
  00000000000057D9: 76 6C              jbe         0000000000005847
  00000000000057DB: 48 8D B2 00 00 20  lea         rsi,[rdx+200000h]
                    00
  00000000000057E2: 41 BD 00 00 20 00  mov         r13d,200000h
  00000000000057E8: 49 3B 70 30        cmp         rsi,qword ptr [r8+30h]
  00000000000057EC: 77 52              ja          0000000000005840
  00000000000057EE: C6 44 24 28 00     mov         byte ptr [rsp+28h],0
  00000000000057F3: 4C 8B C3           mov         r8,rbx
  00000000000057F6: 48 8B D7           mov         rdx,rdi
  00000000000057F9: C7 44 24 20 01 00  mov         dword ptr [rsp+20h],1
                    00 00
  0000000000005801: 49 8B CF           mov         rcx,r15
  0000000000005804: E8 8F 16 00 00     call        MapPage
  0000000000005809: 48 85 C0           test        rax,rax
  000000000000580C: 0F 84 D9 00 00 00  je          00000000000058EB
  0000000000005812: 4C 8B 05 2F CF FF  mov         r8,qword ptr [2748h]
                    FF
  0000000000005819: FF C5              inc         ebp
  000000000000581B: 49 8B CE           mov         rcx,r14
  000000000000581E: 8B C5              mov         eax,ebp
  0000000000005820: 49 03 FD           add         rdi,r13
  0000000000005823: 49 03 DD           add         rbx,r13
  0000000000005826: 49 03 F5           add         rsi,r13
  0000000000005829: 49 B9 63 00 00 00  mov         r9,8000000000000063h
                    00 00 00 80
  0000000000005833: 49 2B 48 38        sub         rcx,qword ptr [r8+38h]
  0000000000005837: 48 C1 E9 15        shr         rcx,15h
  000000000000583B: 48 3B C1           cmp         rax,rcx
  000000000000583E: 72 A8              jb          00000000000057E8
  0000000000005840: 48 8B 15 F1 CE FF  mov         rdx,qword ptr [2738h]
                    FF
  0000000000005847: 48 8B 0D F2 CE FF  mov         rcx,qword ptr [2740h]
                    FF
  000000000000584E: 49 2B 48 38        sub         rcx,qword ptr [r8+38h]
  0000000000005852: 48 8D 04 11        lea         rax,[rcx+rdx]
  0000000000005856: 48 3B D8           cmp         rbx,rax
  0000000000005859: 73 6F              jae         00000000000058CA
  000000000000585B: 48 2B CB           sub         rcx,rbx
  000000000000585E: 33 ED              xor         ebp,ebp
  0000000000005860: 48 03 CA           add         rcx,rdx
  0000000000005863: 48 F7 C1 00 F0 FF  test        rcx,0FFFFFFFFFFFFF000h
                    FF
  000000000000586A: 76 5E              jbe         00000000000058CA
  000000000000586C: 48 8B F3           mov         rsi,rbx
  000000000000586F: 48 2B F7           sub         rsi,rdi
  0000000000005872: 4C 8D 04 3E        lea         r8,[rsi+rdi]
  0000000000005876: C6 44 24 28 00     mov         byte ptr [rsp+28h],0
  000000000000587B: 83 64 24 20 00     and         dword ptr [rsp+20h],0
  0000000000005880: 48 8B D7           mov         rdx,rdi
  0000000000005883: 49 8B CF           mov         rcx,r15
  0000000000005886: E8 0D 16 00 00     call        MapPage
  000000000000588B: 48 85 C0           test        rax,rax
  000000000000588E: 74 5B              je          00000000000058EB
  0000000000005890: 48 8B 05 B1 CE FF  mov         rax,qword ptr [2748h]
                    FF
  0000000000005897: FF C5              inc         ebp
  0000000000005899: 48 8B 0D A0 CE FF  mov         rcx,qword ptr [2740h]
                    FF
  00000000000058A0: 48 81 C7 00 10 00  add         rdi,1000h
                    00
  00000000000058A7: 49 B9 63 00 00 00  mov         r9,8000000000000063h
                    00 00 00 80
  00000000000058B1: 48 2B 48 38        sub         rcx,qword ptr [rax+38h]
  00000000000058B5: 48 2B CB           sub         rcx,rbx
  00000000000058B8: 8B C5              mov         eax,ebp
  00000000000058BA: 48 03 0D 77 CE FF  add         rcx,qword ptr [2738h]
                    FF
  00000000000058C1: 48 C1 E9 0C        shr         rcx,0Ch
  00000000000058C5: 48 3B C1           cmp         rax,rcx
  00000000000058C8: 72 A8              jb          0000000000005872
  00000000000058CA: 33 C0              xor         eax,eax
  00000000000058CC: 48 8B 5C 24 50     mov         rbx,qword ptr [rsp+50h]
  00000000000058D1: 48 8B 6C 24 58     mov         rbp,qword ptr [rsp+58h]
  00000000000058D6: 48 8B 74 24 60     mov         rsi,qword ptr [rsp+60h]
  00000000000058DB: 48 8B 7C 24 68     mov         rdi,qword ptr [rsp+68h]
  00000000000058E0: 48 83 C4 30        add         rsp,30h
  00000000000058E4: 41 5F              pop         r15
  00000000000058E6: 41 5E              pop         r14
  00000000000058E8: 41 5D              pop         r13
  00000000000058EA: C3                 ret
  00000000000058EB: 48 B8 02 00 01 00  mov         rax,8000000000010002h
                    00 00 00 80
  00000000000058F5: EB D5              jmp         00000000000058CC
  00000000000058F7: CC                                               Ì
MapSysInfoTables:
  00000000000058F8: 40 53              push        rbx
  00000000000058FA: 48 83 EC 30        sub         rsp,30h
  00000000000058FE: 48 8B 05 3B CE FF  mov         rax,qword ptr [2740h]
                    FF
  0000000000005905: 33 DB              xor         ebx,ebx
  0000000000005907: 4C 8B 05 2A CE FF  mov         r8,qword ptr [2738h]
                    FF
  000000000000590E: 48 05 00 F0 FF FF  add         rax,0FFFFFFFFFFFFF000h
  0000000000005914: 48 8B 15 F5 CD FF  mov         rdx,qword ptr [2710h]
                    FF
  000000000000591B: 4C 03 C0           add         r8,rax
  000000000000591E: 48 B8 00 00 FF FF  mov         rax,0FFFF8003FFFF0000h
                    03 80 FF FF
  0000000000005928: 88 5C 24 28        mov         byte ptr [rsp+28h],bl
  000000000000592C: 48 0B D0           or          rdx,rax
  000000000000592F: 89 5C 24 20        mov         dword ptr [rsp+20h],ebx
  0000000000005933: 49 B9 21 00 00 00  mov         r9,8000000000000021h
                    00 00 00 80
  000000000000593D: E8 56 15 00 00     call        MapPage
  0000000000005942: 48 85 C0           test        rax,rax
  0000000000005945: 75 16              jne         000000000000595D
  0000000000005947: 48 8D 0D 22 C7 FF  lea         rcx,[??_C@_0BO@JDKLNIGF@Failed?5to?5map?5sysinfo?5table?$CB?6?$AA@IMHBAIGO@]
                    FF
  000000000000594E: 48 BB 02 00 01 00  mov         rbx,8000000000010002h
                    00 00 00 80
  0000000000005958: E8 9B 0F 00 00     call        ComSerialOut
  000000000000595D: 48 8B C3           mov         rax,rbx
  0000000000005960: 48 83 C4 30        add         rsp,30h
  0000000000005964: 5B                 pop         rbx
  0000000000005965: C3                 ret
  0000000000005966: CC CC                                            ÌÌ
MemZeroWithMovdir64B:
  0000000000005968: 48 8B C4           mov         rax,rsp
  000000000000596B: 48 89 58 08        mov         qword ptr [rax+8],rbx
  000000000000596F: 48 89 70 10        mov         qword ptr [rax+10h],rsi
  0000000000005973: 48 89 78 18        mov         qword ptr [rax+18h],rdi
  0000000000005977: 55                 push        rbp
  0000000000005978: 48 81 EC A0 00 00  sub         rsp,0A0h
                    00
  000000000000597F: 48 8D 68 B8        lea         rbp,[rax-48h]
  0000000000005983: 48 83 E5 C0        and         rbp,0FFFFFFFFFFFFFFC0h
  0000000000005987: 48 8B F2           mov         rsi,rdx
  000000000000598A: 48 8B F9           mov         rdi,rcx
  000000000000598D: 33 D2              xor         edx,edx
  000000000000598F: 48 8D 4D 00        lea         rcx,[rbp]
  0000000000005993: 44 8D 42 40        lea         r8d,[rdx+40h]
  0000000000005997: E8 90 17 00 00     call        memset
  000000000000599C: 48 C1 EE 06        shr         rsi,6
  00000000000059A0: 33 DB              xor         ebx,ebx
  00000000000059A2: 48 85 F6           test        rsi,rsi
  00000000000059A5: 74 19              je          00000000000059C0
  00000000000059A7: 48 8B D7           mov         rdx,rdi
  00000000000059AA: 48 8D 4D 00        lea         rcx,[rbp]
  00000000000059AE: E8 E9 F7 FF FF     call        Movdir64B
  00000000000059B3: FF C3              inc         ebx
  00000000000059B5: 48 83 C7 40        add         rdi,40h
  00000000000059B9: 8B C3              mov         eax,ebx
  00000000000059BB: 48 3B C6           cmp         rax,rsi
  00000000000059BE: 72 E7              jb          00000000000059A7
  00000000000059C0: 0F AE F8           sfence
  00000000000059C3: 4C 8D 9C 24 A0 00  lea         r11,[rsp+0A0h]
                    00 00
  00000000000059CB: 49 8B 5B 10        mov         rbx,qword ptr [r11+10h]
  00000000000059CF: 49 8B 73 18        mov         rsi,qword ptr [r11+18h]
  00000000000059D3: 49 8B 7B 20        mov         rdi,qword ptr [r11+20h]
  00000000000059D7: 49 8B E3           mov         rsp,r11
  00000000000059DA: 5D                 pop         rbp
  00000000000059DB: C3                 ret
ReadSeamExtendMsr:
  00000000000059DC: 48 83 C9 01        or          rcx,1
  00000000000059E0: 48 8B D1           mov         rdx,rcx
  00000000000059E3: B9 02 14 00 00     mov         ecx,1402h
  00000000000059E8: E9 A7 0F 00 00     jmp         __writeMsr64
  00000000000059ED: CC CC CC                                         ÌÌÌ
RecordSeamIdentity:
  00000000000059F0: 40 55              push        rbp
  00000000000059F2: 48 81 EC 20 02 00  sub         rsp,220h
                    00
  00000000000059F9: 48 8D AC 24 20 01  lea         rbp,[rsp+120h]
                    00 00
  0000000000005A01: 48 81 E5 00 FF FF  and         rbp,0FFFFFFFFFFFFFF00h
                    FF
  0000000000005A08: 33 D2              xor         edx,edx
  0000000000005A0A: 48 8D 4D 00        lea         rcx,[rbp]
  0000000000005A0E: 41 B8 88 00 00 00  mov         r8d,88h
  0000000000005A14: E8 13 17 00 00     call        memset
  0000000000005A19: B9 03 05 00 00     mov         ecx,503h
  0000000000005A1E: C6 85 80 00 00 00  mov         byte ptr [rbp+80h],0
                    00
  0000000000005A25: E8 5E 0F 00 00     call        __readMsr64
  0000000000005A2A: D0 E8              shr         al,1
  0000000000005A2C: 48 8D 55 00        lea         rdx,[rbp]
  0000000000005A30: 24 01              and         al,1
  0000000000005A32: C6 85 82 00 00 00  mov         byte ptr [rbp+82h],1
                    01
  0000000000005A39: B9 02 14 00 00     mov         ecx,1402h
  0000000000005A3E: 88 85 81 00 00 00  mov         byte ptr [rbp+81h],al
  0000000000005A44: E8 4B 0F 00 00     call        __writeMsr64
  0000000000005A49: 48 81 C4 20 02 00  add         rsp,220h
                    00
  0000000000005A50: 5D                 pop         rbp
  0000000000005A51: C3                 ret
  0000000000005A52: CC CC                                            ÌÌ
SeamldrAcm:
  0000000000005A54: 48 8B C4           mov         rax,rsp
  0000000000005A57: 48 89 58 08        mov         qword ptr [rax+8],rbx
  0000000000005A5B: 48 89 70 10        mov         qword ptr [rax+10h],rsi
  0000000000005A5F: 48 89 78 18        mov         qword ptr [rax+18h],rdi
  0000000000005A63: 55                 push        rbp
  0000000000005A64: 41 54              push        r12
  0000000000005A66: 41 55              push        r13
  0000000000005A68: 41 56              push        r14
  0000000000005A6A: 41 57              push        r15
  0000000000005A6C: 48 81 EC A0 01 00  sub         rsp,1A0h
                    00
  0000000000005A73: 48 8D A8 68 FF FF  lea         rbp,[rax-98h]
                    FF
  0000000000005A7A: 48 81 E5 00 FF FF  and         rbp,0FFFFFFFFFFFFFF00h
                    FF
  0000000000005A81: 4C 8B E9           mov         r13,rcx
  0000000000005A84: 48 8B F2           mov         rsi,rdx
  0000000000005A87: 48 8D 0D 02 C6 FF  lea         rcx,[??_C@_0M@DFPCGKIO@SeamldrAcm?6?$AA@IMHBAIGO@]
                    FF
  0000000000005A8E: 45 32 E4           xor         r12b,r12b
  0000000000005A91: 45 32 FF           xor         r15b,r15b
  0000000000005A94: E8 5F 0E 00 00     call        ComSerialOut
  0000000000005A99: 33 C9              xor         ecx,ecx
  0000000000005A9B: B8 11 47 00 00     mov         eax,4711h
  0000000000005AA0: 0F A2              cpuid
  0000000000005AA2: B9 8B 00 00 00     mov         ecx,8Bh
  0000000000005AA7: 89 45 28           mov         dword ptr [rbp+28h],eax
  0000000000005AAA: 89 5D 2C           mov         dword ptr [rbp+2Ch],ebx
  0000000000005AAD: E8 D6 0E 00 00     call        __readMsr64
  0000000000005AB2: BB A0 01 00 00     mov         ebx,1A0h
  0000000000005AB7: 48 89 45 00        mov         qword ptr [rbp],rax
  0000000000005ABB: 8B CB              mov         ecx,ebx
  0000000000005ABD: 4C 8B F0           mov         r14,rax
  0000000000005AC0: E8 C3 0E 00 00     call        __readMsr64
  0000000000005AC5: 48 8B D0           mov         rdx,rax
  0000000000005AC8: 48 89 45 28        mov         qword ptr [rbp+28h],rax
  0000000000005ACC: 48 0F BA F2 16     btr         rdx,16h
  0000000000005AD1: 8B CB              mov         ecx,ebx
  0000000000005AD3: E8 BC 0E 00 00     call        __writeMsr64
  0000000000005AD8: E8 2B 0F 00 00     call        GetPhyAddrMask
  0000000000005ADD: 48 8D 0D BC C5 FF  lea         rcx,[??_C@_0BL@PDBNDKDJ@MaximumSupportMemAddress?3?5?$AA@IMHBAIGO@]
                    FF
  0000000000005AE4: 48 89 05 2D CC FF  mov         qword ptr [2718h],rax
                    FF
  0000000000005AEB: E8 08 0E 00 00     call        ComSerialOut
  0000000000005AF0: 48 8B 0D 21 CC FF  mov         rcx,qword ptr [2718h]
                    FF
  0000000000005AF7: E8 38 0E 00 00     call        printHex
  0000000000005AFC: 48 8D 0D B9 C5 FF  lea         rcx,[??_C@_01EEMJAFIK@?6?$AA@IMHBAIGO@]
                    FF
  0000000000005B03: E8 F0 0D 00 00     call        ComSerialOut
  0000000000005B08: 49 8B 85 82 00 00  mov         rax,qword ptr [r13+82h]
                    00
  0000000000005B0F: B9 00 14 00 00     mov         ecx,1400h
  0000000000005B14: 48 89 05 6D CD FF  mov         qword ptr [2888h],rax
                    FF
  0000000000005B1B: E8 68 0E 00 00     call        __readMsr64
  0000000000005B20: B9 01 14 00 00     mov         ecx,1401h
  0000000000005B25: 48 8B D8           mov         rbx,rax
  0000000000005B28: E8 5B 0E 00 00     call        __readMsr64
  0000000000005B2D: 48 8D 0D 8C C5 FF  lea         rcx,[??_C@_0BC@JHBKFAN@SEAMRR_BASE_MSR?3?5?$AA@IMHBAIGO@]
                    FF
  0000000000005B34: 48 8B F8           mov         rdi,rax
  0000000000005B37: E8 BC 0D 00 00     call        ComSerialOut
  0000000000005B3C: 48 8B CB           mov         rcx,rbx
  0000000000005B3F: E8 F0 0D 00 00     call        printHex
  0000000000005B44: 48 8D 0D 71 C5 FF  lea         rcx,[??_C@_01EEMJAFIK@?6?$AA@IMHBAIGO@]
                    FF
  0000000000005B4B: E8 A8 0D 00 00     call        ComSerialOut
  0000000000005B50: 48 8D 0D 81 C5 FF  lea         rcx,[??_C@_0BC@IPADEDPJ@SEAMRR_MASK_MSR?3?5?$AA@IMHBAIGO@]
                    FF
  0000000000005B57: E8 9C 0D 00 00     call        ComSerialOut
  0000000000005B5C: 48 8B CF           mov         rcx,rdi
  0000000000005B5F: E8 D0 0D 00 00     call        printHex
  0000000000005B64: 48 8D 0D 51 C5 FF  lea         rcx,[??_C@_01EEMJAFIK@?6?$AA@IMHBAIGO@]
                    FF
  0000000000005B6B: E8 88 0D 00 00     call        ComSerialOut
  0000000000005B70: 48 0F BA E7 0B     bt          rdi,0Bh
  0000000000005B75: 72 1B              jb          0000000000005B92
  0000000000005B77: 48 8D 0D 72 C5 FF  lea         rcx,[??_C@_0BH@EEOILHJA@Seamrr?5mask?5not?5valid?6?$AA@IMHBAIGO@]
                    FF
  0000000000005B7E: E8 75 0D 00 00     call        ComSerialOut
  0000000000005B83: 48 BE 00 00 01 00  mov         rsi,8000000000010000h
                    00 00 00 80
  0000000000005B8D: E9 BC 05 00 00     jmp         000000000000614E
  0000000000005B92: 48 C7 C0 00 00 00  mov         rax,0FFFFFFFFFE000000h
                    FE
  0000000000005B99: 48 8D 4D 20        lea         rcx,[rbp+20h]
  0000000000005B9D: 48 23 D8           and         rbx,rax
  0000000000005BA0: 48 8B D7           mov         rdx,rdi
  0000000000005BA3: 48 89 1D 8E CB FF  mov         qword ptr [2738h],rbx
                    FF
  0000000000005BAA: 48 23 D0           and         rdx,rax
  0000000000005BAD: 33 DB              xor         ebx,ebx
  0000000000005BAF: 48 89 1D 8A CB FF  mov         qword ptr [2740h],rbx
                    FF
  0000000000005BB6: E8 F1 0D 00 00     call        BitScanForward64
  0000000000005BBB: 44 8D 7B 01        lea         r15d,[rbx+1]
  0000000000005BBF: 85 C0              test        eax,eax
  0000000000005BC1: 74 12              je          0000000000005BD5
  0000000000005BC3: 8B 55 20           mov         edx,dword ptr [rbp+20h]
  0000000000005BC6: 41 8B CF           mov         ecx,r15d
  0000000000005BC9: E8 D2 0D 00 00     call        shiftLeft64
  0000000000005BCE: 48 89 05 6B CB FF  mov         qword ptr [2740h],rax
                    FF
  0000000000005BD5: 48 8D 0D 2C C5 FF  lea         rcx,[??_C@_0O@GKEDAJFE@Seamrr?5size?3?5?$AA@IMHBAIGO@]
                    FF
  0000000000005BDC: E8 17 0D 00 00     call        ComSerialOut
  0000000000005BE1: 48 8B 0D 58 CB FF  mov         rcx,qword ptr [2740h]
                    FF
  0000000000005BE8: E8 47 0D 00 00     call        printHex
  0000000000005BED: 48 8D 0D C8 C4 FF  lea         rcx,[??_C@_01EEMJAFIK@?6?$AA@IMHBAIGO@]
                    FF
  0000000000005BF4: E8 FF 0C 00 00     call        ComSerialOut
  0000000000005BF9: 48 8D 0D 18 C5 FF  lea         rcx,[??_C@_0BH@MBPLKHLD@Writing?5seamrr?5mask?5?9?5?$AA@IMHBAIGO@]
                    FF
  0000000000005C00: 48 0F BA F7 0B     btr         rdi,0Bh
  0000000000005C05: E8 EE 0C 00 00     call        ComSerialOut
  0000000000005C0A: 48 8B CF           mov         rcx,rdi
  0000000000005C0D: E8 22 0D 00 00     call        printHex
  0000000000005C12: 48 8D 0D A3 C4 FF  lea         rcx,[??_C@_01EEMJAFIK@?6?$AA@IMHBAIGO@]
                    FF
  0000000000005C19: E8 DA 0C 00 00     call        ComSerialOut
  0000000000005C1E: 48 8B D7           mov         rdx,rdi
  0000000000005C21: B9 01 14 00 00     mov         ecx,1401h
  0000000000005C26: E8 69 0D 00 00     call        __writeMsr64
  0000000000005C2B: 48 8B 05 0E CB FF  mov         rax,qword ptr [2740h]
                    FF
  0000000000005C32: 45 8B CF           mov         r9d,r15d
  0000000000005C35: 48 8B 15 FC CA FF  mov         rdx,qword ptr [2738h]
                    FF
  0000000000005C3C: 48 05 00 F0 FF FF  add         rax,0FFFFFFFFFFFFF000h
  0000000000005C42: 48 03 D0           add         rdx,rax
  0000000000005C45: 89 5C 24 28        mov         dword ptr [rsp+28h],ebx
  0000000000005C49: 41 B8 00 10 00 00  mov         r8d,1000h
  0000000000005C4F: 89 5C 24 20        mov         dword ptr [rsp+20h],ebx
  0000000000005C53: 48 8B CE           mov         rcx,rsi
  0000000000005C56: E8 19 F8 FF FF     call        MapPhysicalRange
  0000000000005C5B: 48 8D 0D CE C4 FF  lea         rcx,[??_C@_0CH@NMPGKIPA@Mapped?5PSysInfoTable?5to?5virtual?5@IMHBAIGO@]
                    FF
  0000000000005C62: 48 89 05 DF CA FF  mov         qword ptr [2748h],rax
                    FF
  0000000000005C69: E8 8A 0C 00 00     call        ComSerialOut
  0000000000005C6E: 48 8B 0D D3 CA FF  mov         rcx,qword ptr [2748h]
                    FF
  0000000000005C75: E8 BA 0C 00 00     call        printHex
  0000000000005C7A: 48 8D 0D 3B C4 FF  lea         rcx,[??_C@_01EEMJAFIK@?6?$AA@IMHBAIGO@]
                    FF
  0000000000005C81: E8 72 0C 00 00     call        ComSerialOut
  0000000000005C86: 48 8D 0D CB C4 FF  lea         rcx,[??_C@_0DB@CIEFJNBN@SeamldrData?4SysInfoTable?9?$DOPSeaml@IMHBAIGO@]
                    FF
  0000000000005C8D: E8 66 0C 00 00     call        ComSerialOut
  0000000000005C92: 48 8B 0D AF CA FF  mov         rcx,qword ptr [2748h]
                    FF
  0000000000005C99: 48 8B 49 38        mov         rcx,qword ptr [rcx+38h]
  0000000000005C9D: E8 92 0C 00 00     call        printHex
  0000000000005CA2: 48 8D 0D 13 C4 FF  lea         rcx,[??_C@_01EEMJAFIK@?6?$AA@IMHBAIGO@]
                    FF
  0000000000005CA9: E8 4A 0C 00 00     call        ComSerialOut
  0000000000005CAE: 48 8D 0D DB C4 FF  lea         rcx,[??_C@_0CN@CNLBMENP@SeamldrData?4PSeamldrConsts?9?$DOCCod@IMHBAIGO@]
                    FF
  0000000000005CB5: E8 3E 0C 00 00     call        ComSerialOut
  0000000000005CBA: 48 8B 0D C7 CB FF  mov         rcx,qword ptr [2888h]
                    FF
  0000000000005CC1: 48 8B 49 08        mov         rcx,qword ptr [rcx+8]
  0000000000005CC5: E8 6A 0C 00 00     call        printHex
  0000000000005CCA: 48 8D 0D EB C3 FF  lea         rcx,[??_C@_01EEMJAFIK@?6?$AA@IMHBAIGO@]
                    FF
  0000000000005CD1: E8 22 0C 00 00     call        ComSerialOut
  0000000000005CD6: 48 8D 0D E3 C4 FF  lea         rcx,[??_C@_0CP@HJNGJCGG@SeamldrData?4PSeamldrConsts?9?$DOCDat@IMHBAIGO@]
                    FF
  0000000000005CDD: E8 16 0C 00 00     call        ComSerialOut
  0000000000005CE2: 48 8B 0D 9F CB FF  mov         rcx,qword ptr [2888h]
                    FF
  0000000000005CE9: 48 8B 09           mov         rcx,qword ptr [rcx]
  0000000000005CEC: E8 43 0C 00 00     call        printHex
  0000000000005CF1: 48 8D 0D C4 C3 FF  lea         rcx,[??_C@_01EEMJAFIK@?6?$AA@IMHBAIGO@]
                    FF
  0000000000005CF8: E8 FB 0B 00 00     call        ComSerialOut
  0000000000005CFD: 48 8D 0D EC C4 FF  lea         rcx,[??_C@_0CN@JLDAHCCF@SeamldrData?4PSeamldrConsts?9?$DOCDat@IMHBAIGO@]
                    FF
  0000000000005D04: E8 EF 0B 00 00     call        ComSerialOut
  0000000000005D09: 48 8B 0D 78 CB FF  mov         rcx,qword ptr [2888h]
                    FF
  0000000000005D10: 48 8B 49 10        mov         rcx,qword ptr [rcx+10h]
  0000000000005D14: E8 1B 0C 00 00     call        printHex
  0000000000005D19: 48 8D 0D 9C C3 FF  lea         rcx,[??_C@_01EEMJAFIK@?6?$AA@IMHBAIGO@]
                    FF
  0000000000005D20: E8 D3 0B 00 00     call        ComSerialOut
  0000000000005D25: 48 83 3D 1B CA FF  cmp         qword ptr [2748h],0FFFFFFFFFFFFFFFFh
                    FF FF
  0000000000005D2D: 75 1B              jne         0000000000005D4A
  0000000000005D2F: 48 8D 0D EA C4 FF  lea         rcx,[??_C@_0DM@IAMDNGHM@Can?8t?5map?5the?5Sysinfo?5table?0?5not@IMHBAIGO@]
                    FF
  0000000000005D36: E8 BD 0B 00 00     call        ComSerialOut
  0000000000005D3B: 48 BE 02 00 01 00  mov         rsi,8000000000010002h
                    00 00 00 80
  0000000000005D45: E9 04 04 00 00     jmp         000000000000614E
  0000000000005D4A: 4C 8B 05 EF C9 FF  mov         r8,qword ptr [2740h]
                    FF
  0000000000005D51: 49 81 F8 00 00 00  cmp         r8,40000000h
                    40
  0000000000005D58: 76 24              jbe         0000000000005D7E
  0000000000005D5A: 48 8D 0D FF C4 FF  lea         rcx,[??_C@_0BH@KNKIAGPB@Seamrr?5range?5too?5big?3?5?$AA@IMHBAIGO@]
                    FF
  0000000000005D61: E8 92 0B 00 00     call        ComSerialOut
  0000000000005D66: 48 8B 0D D3 C9 FF  mov         rcx,qword ptr [2740h]
                    FF
  0000000000005D6D: E8 C2 0B 00 00     call        printHex
  0000000000005D72: 48 8D 0D 43 C3 FF  lea         rcx,[??_C@_01EEMJAFIK@?6?$AA@IMHBAIGO@]
                    FF
  0000000000005D79: E9 00 FE FF FF     jmp         0000000000005B7E
  0000000000005D7E: 48 8B 15 B3 C9 FF  mov         rdx,qword ptr [2738h]
                    FF
  0000000000005D85: 45 8B CF           mov         r9d,r15d
  0000000000005D88: 44 89 7C 24 28     mov         dword ptr [rsp+28h],r15d
  0000000000005D8D: 48 8B CE           mov         rcx,rsi
  0000000000005D90: 44 89 7C 24 20     mov         dword ptr [rsp+20h],r15d
  0000000000005D95: E8 DA F6 FF FF     call        MapPhysicalRange
  0000000000005D9A: 48 89 05 5F C9 FF  mov         qword ptr [SeamldrData],rax
                    FF
  0000000000005DA1: 48 8B C8           mov         rcx,rax
  0000000000005DA4: 48 83 F8 FF        cmp         rax,0FFFFFFFFFFFFFFFFh
  0000000000005DA8: 75 09              jne         0000000000005DB3
  0000000000005DAA: 48 8D 0D C7 C4 FF  lea         rcx,[??_C@_0DM@ILANBIGJ@Can?8t?5map?5the?5SEAMRR?5region?0?5not@IMHBAIGO@]
                    FF
  0000000000005DB1: EB 83              jmp         0000000000005D36
  0000000000005DB3: 48 03 0D 86 C9 FF  add         rcx,qword ptr [2740h]
                    FF
  0000000000005DBA: 48 8B 1D 87 C9 FF  mov         rbx,qword ptr [2748h]
                    FF
  0000000000005DC1: 48 89 0D 40 C9 FF  mov         qword ptr [2708h],rcx
                    FF
  0000000000005DC8: 44 8B 43 0C        mov         r8d,dword ptr [rbx+0Ch]
  0000000000005DCC: 41 8D 40 FF        lea         eax,[r8-1]
  0000000000005DD0: 83 F8 07           cmp         eax,7
  0000000000005DD3: 0F 87 A4 06 00 00  ja          000000000000647D
  0000000000005DD9: 41 8A D7           mov         dl,r15b
  0000000000005DDC: 45 3B C7           cmp         r8d,r15d
  0000000000005DDF: 76 27              jbe         0000000000005E08
  0000000000005DE1: 44 8B 4B 10        mov         r9d,dword ptr [rbx+10h]
  0000000000005DE5: 41 BA F0 FF FF FF  mov         r10d,0FFFFFFF0h
  0000000000005DEB: 45 23 CA           and         r9d,r10d
  0000000000005DEE: 0F B6 C2           movzx       eax,dl
  0000000000005DF1: 8B 4C 83 10        mov         ecx,dword ptr [rbx+rax*4+10h]
  0000000000005DF5: 41 23 CA           and         ecx,r10d
  0000000000005DF8: 44 3B C9           cmp         r9d,ecx
  0000000000005DFB: 75 36              jne         0000000000005E33
  0000000000005DFD: 41 02 D7           add         dl,r15b
  0000000000005E00: 0F B6 C2           movzx       eax,dl
  0000000000005E03: 41 3B C0           cmp         eax,r8d
  0000000000005E06: 72 E6              jb          0000000000005DEE
  0000000000005E08: 33 F6              xor         esi,esi
  0000000000005E0A: 48 39 33           cmp         qword ptr [rbx],rsi
  0000000000005E0D: 74 3F              je          0000000000005E4E
  0000000000005E0F: 48 8D 0D E2 C4 FF  lea         rcx,[??_C@_0DB@BBEGNBAJ@P_SYS_INFO_TABLE?5version?5mismatc@IMHBAIGO@]
                    FF
  0000000000005E16: E8 DD 0A 00 00     call        ComSerialOut
  0000000000005E1B: 48 8B 0D 26 C9 FF  mov         rcx,qword ptr [2748h]
                    FF
  0000000000005E22: 48 8B 09           mov         rcx,qword ptr [rcx]
  0000000000005E25: E8 0A 0B 00 00     call        printHex
  0000000000005E2A: 48 8D 0D 8B C2 FF  lea         rcx,[??_C@_01EEMJAFIK@?6?$AA@IMHBAIGO@]
                    FF
  0000000000005E31: EB 07              jmp         0000000000005E3A
  0000000000005E33: 48 8D 0D 9E C4 FF  lea         rcx,[??_C@_0BO@INKHCOGJ@Socket?5CPUID?5table?5not?5valid?6?$AA@IMHBAIGO@]
                    FF
  0000000000005E3A: E8 B9 0A 00 00     call        ComSerialOut
  0000000000005E3F: 48 BE 01 00 01 00  mov         rsi,8000000000010001h
                    00 00 00 80
  0000000000005E49: E9 00 03 00 00     jmp         000000000000614E
  0000000000005E4E: 48 8D 0D DB C4 FF  lea         rcx,[??_C@_0BH@EKBKOKDP@Acquiring?5SEAMRR?5lock?6?$AA@IMHBAIGO@]
                    FF
  0000000000005E55: E8 9E 0A 00 00     call        ComSerialOut
  0000000000005E5A: 48 8B 0D E7 C8 FF  mov         rcx,qword ptr [2748h]
                    FF
  0000000000005E61: 45 33 C0           xor         r8d,r8d
  0000000000005E64: 48 81 C1 00 08 00  add         rcx,800h
                    00
  0000000000005E6B: 41 8A D7           mov         dl,r15b
  0000000000005E6E: E8 69 11 00 00     call        InterlockedCompareExchange8
  0000000000005E73: 84 C0              test        al,al
  0000000000005E75: 74 1B              je          0000000000005E92
  0000000000005E77: 48 8D 0D CA C4 FF  lea         rcx,[??_C@_0CD@JDEDDDDN@SeamldrMutexStatus?5is?5not?5correc@IMHBAIGO@]
                    FF
  0000000000005E7E: E8 75 0A 00 00     call        ComSerialOut
  0000000000005E83: 48 BE 02 00 00 00  mov         rsi,8000000000000002h
                    00 00 00 80
  0000000000005E8D: E9 BC 02 00 00     jmp         000000000000614E
  0000000000005E92: 48 8B 05 AF C8 FF  mov         rax,qword ptr [2748h]
                    FF
  0000000000005E99: 45 8A E7           mov         r12b,r15b
  0000000000005E9C: 44 39 B8 64 08 00  cmp         dword ptr [rax+864h],r15d
                    00
  0000000000005EA3: 75 31              jne         0000000000005ED6
  0000000000005EA5: E8 B2 F7 FF FF     call        000000000000565C
  0000000000005EAA: 8B C8              mov         ecx,eax
  0000000000005EAC: 48 8B 05 95 C8 FF  mov         rax,qword ptr [2748h]
                    FF
  0000000000005EB3: 39 88 60 08 00 00  cmp         dword ptr [rax+860h],ecx
  0000000000005EB9: 74 1B              je          0000000000005ED6
  0000000000005EBB: 48 8D 0D AE C4 FF  lea         rcx,[??_C@_0BD@FOBAGBFE@AcmX2ApicId?5error?6?$AA@IMHBAIGO@]
                    FF
  0000000000005EC2: E8 31 0A 00 00     call        ComSerialOut
  0000000000005EC7: 48 BE 01 00 00 00  mov         rsi,8000000000000001h
                    00 00 00 80
  0000000000005ED1: E9 78 02 00 00     jmp         000000000000614E
  0000000000005ED6: 48 8D 0D 23 C9 FF  lea         rcx,[2800h]
                    FF
  0000000000005EDD: E8 FA FA FF FF     call        ReadSeamExtendMsr
  0000000000005EE2: 40 38 35 99 C9 FF  cmp         byte ptr [2882h],sil
                    FF
  0000000000005EE9: 0F 85 82 05 00 00  jne         0000000000006471
  0000000000005EEF: 40 38 35 8A C9 FF  cmp         byte ptr [2880h],sil
                    FF
  0000000000005EF6: 0F 85 75 05 00 00  jne         0000000000006471
  0000000000005EFC: 48 8D 4D 08        lea         rcx,[rbp+8]
  0000000000005F00: E8 1F 11 00 00     call        RdSeed16
  0000000000005F05: 85 C0              test        eax,eax
  0000000000005F07: 75 1B              jne         0000000000005F24
  0000000000005F09: 48 8D 0D A8 C4 FF  lea         rcx,[??_C@_0P@JKMHMCO@RDSEED?5failed?6?$AA@IMHBAIGO@]
                    FF
  0000000000005F10: 48 BE 03 00 01 00  mov         rsi,8000000000010003h
                    00 00 00 80
  0000000000005F1A: E8 D9 09 00 00     call        ComSerialOut
  0000000000005F1F: E9 2A 02 00 00     jmp         000000000000614E
  0000000000005F24: 0F B7 45 08        movzx       eax,word ptr [rbp+8]
  0000000000005F28: 48 8D 0D 99 C4 FF  lea         rcx,[??_C@_09LMCHEAJO@AslrRand?5?$AA@IMHBAIGO@]
                    FF
  0000000000005F2F: 25 FC 7F 00 00     and         eax,7FFCh
  0000000000005F34: 48 C1 E0 20        shl         rax,20h
  0000000000005F38: 48 89 05 D1 C7 FF  mov         qword ptr [2710h],rax
                    FF
  0000000000005F3F: E8 B4 09 00 00     call        ComSerialOut
  0000000000005F44: 48 8B 0D C5 C7 FF  mov         rcx,qword ptr [2710h]
                    FF
  0000000000005F4B: E8 E4 09 00 00     call        printHex
  0000000000005F50: 48 8D 0D 65 C1 FF  lea         rcx,[??_C@_01EEMJAFIK@?6?$AA@IMHBAIGO@]
                    FF
  0000000000005F57: E8 9C 09 00 00     call        ComSerialOut
  0000000000005F5C: 48 8B 05 E5 C7 FF  mov         rax,qword ptr [2748h]
                    FF
  0000000000005F63: 48 8B 35 D6 C7 FF  mov         rsi,qword ptr [2740h]
                    FF
  0000000000005F6A: 4C 8B 70 38        mov         r14,qword ptr [rax+38h]
  0000000000005F6E: 48 8B 05 13 C9 FF  mov         rax,qword ptr [2888h]
                    FF
  0000000000005F75: 49 2B F6           sub         rsi,r14
  0000000000005F78: 4C 8B 08           mov         r9,qword ptr [rax]
  0000000000005F7B: 48 8B 50 18        mov         rdx,qword ptr [rax+18h]
  0000000000005F7F: 48 8B 58 20        mov         rbx,qword ptr [rax+20h]
  0000000000005F83: 4C 8B 58 10        mov         r11,qword ptr [rax+10h]
  0000000000005F87: 4C 8B 50 08        mov         r10,qword ptr [rax+8]
  0000000000005F8B: 49 8D 89 00 10 00  lea         rcx,[r9+1000h]
                    00
  0000000000005F92: 48 8B C1           mov         rax,rcx
  0000000000005F95: 48 C1 E8 1E        shr         rax,1Eh
  0000000000005F99: 4C 8D 04 C5 FF 0F  lea         r8,[rax*8+0FFFh]
                    00 00
  0000000000005FA1: 48 8B C1           mov         rax,rcx
  0000000000005FA4: 48 C1 E8 15        shr         rax,15h
  0000000000005FA8: 49 C1 E8 0C        shr         r8,0Ch
  0000000000005FAC: 48 C1 E9 0C        shr         rcx,0Ch
  0000000000005FB0: 48 8D 04 C5 FF 0F  lea         rax,[rax*8+0FFFh]
                    00 00
  0000000000005FB8: 48 C1 E8 0C        shr         rax,0Ch
  0000000000005FBC: 4C 03 C0           add         r8,rax
  0000000000005FBF: 48 8D 04 CD FF 0F  lea         rax,[rcx*8+0FFFh]
                    00 00
  0000000000005FC7: 48 C1 E8 0C        shr         rax,0Ch
  0000000000005FCB: 4C 03 C0           add         r8,rax
  0000000000005FCE: 49 8B C2           mov         rax,r10
  0000000000005FD1: 48 C1 E8 1E        shr         rax,1Eh
  0000000000005FD5: 48 8D 04 C5 FF 0F  lea         rax,[rax*8+0FFFh]
                    00 00
  0000000000005FDD: 48 C1 E8 0C        shr         rax,0Ch
  0000000000005FE1: 4C 03 C0           add         r8,rax
  0000000000005FE4: 49 8B C2           mov         rax,r10
  0000000000005FE7: 48 C1 E8 15        shr         rax,15h
  0000000000005FEB: 48 8D 04 C5 FF 0F  lea         rax,[rax*8+0FFFh]
                    00 00
  0000000000005FF3: 48 C1 E8 0C        shr         rax,0Ch
  0000000000005FF7: 4C 03 C0           add         r8,rax
  0000000000005FFA: 49 8B C2           mov         rax,r10
  0000000000005FFD: 48 C1 E8 0C        shr         rax,0Ch
  0000000000006001: 48 8D 04 C5 FF 0F  lea         rax,[rax*8+0FFFh]
                    00 00
  0000000000006009: 48 C1 E8 0C        shr         rax,0Ch
  000000000000600D: 4C 03 C0           add         r8,rax
  0000000000006010: 49 8B C3           mov         rax,r11
  0000000000006013: 48 C1 E8 1E        shr         rax,1Eh
  0000000000006017: 48 8D 04 C5 FF 0F  lea         rax,[rax*8+0FFFh]
                    00 00
  000000000000601F: 48 C1 E8 0C        shr         rax,0Ch
  0000000000006023: 4C 03 C0           add         r8,rax
  0000000000006026: 49 8B C3           mov         rax,r11
  0000000000006029: 48 C1 E8 15        shr         rax,15h
  000000000000602D: 48 8D 04 C5 FF 0F  lea         rax,[rax*8+0FFFh]
                    00 00
  0000000000006035: 48 C1 E8 0C        shr         rax,0Ch
  0000000000006039: 4C 03 C0           add         r8,rax
  000000000000603C: 49 8B C3           mov         rax,r11
  000000000000603F: 48 C1 E8 0C        shr         rax,0Ch
  0000000000006043: 48 8D 04 C5 FF 0F  lea         rax,[rax*8+0FFFh]
                    00 00
  000000000000604B: 48 C1 E8 0C        shr         rax,0Ch
  000000000000604F: 4C 03 C0           add         r8,rax
  0000000000006052: 48 8B C2           mov         rax,rdx
  0000000000006055: 48 C1 E8 1E        shr         rax,1Eh
  0000000000006059: 48 8D 04 C5 FF 0F  lea         rax,[rax*8+0FFFh]
                    00 00
  0000000000006061: 48 C1 E8 0C        shr         rax,0Ch
  0000000000006065: 4C 03 C0           add         r8,rax
  0000000000006068: 48 8B C2           mov         rax,rdx
  000000000000606B: 48 C1 E8 15        shr         rax,15h
  000000000000606F: 48 C1 EA 0C        shr         rdx,0Ch
  0000000000006073: 48 8D 04 C5 FF 0F  lea         rax,[rax*8+0FFFh]
                    00 00
  000000000000607B: 48 C1 E8 0C        shr         rax,0Ch
  000000000000607F: 4C 03 C0           add         r8,rax
  0000000000006082: 48 8D 04 D5 FF 0F  lea         rax,[rdx*8+0FFFh]
                    00 00
  000000000000608A: 48 C1 E8 0C        shr         rax,0Ch
  000000000000608E: 4C 03 C0           add         r8,rax
  0000000000006091: 48 8B C3           mov         rax,rbx
  0000000000006094: 48 C1 E8 1E        shr         rax,1Eh
  0000000000006098: 48 8D 04 C5 FF 0F  lea         rax,[rax*8+0FFFh]
                    00 00
  00000000000060A0: 48 C1 E8 0C        shr         rax,0Ch
  00000000000060A4: 4C 03 C0           add         r8,rax
  00000000000060A7: 48 8B C3           mov         rax,rbx
  00000000000060AA: 48 C1 E8 15        shr         rax,15h
  00000000000060AE: 48 C1 EB 0C        shr         rbx,0Ch
  00000000000060B2: 48 8D 04 C5 FF 0F  lea         rax,[rax*8+0FFFh]
                    00 00
  00000000000060BA: 48 C1 E8 0C        shr         rax,0Ch
  00000000000060BE: 4C 03 C0           add         r8,rax
  00000000000060C1: 48 8D 04 DD FF 0F  lea         rax,[rbx*8+0FFFh]
                    00 00
  00000000000060C9: 48 C1 E8 0C        shr         rax,0Ch
  00000000000060CD: 4C 03 C0           add         r8,rax
  00000000000060D0: 48 8B C6           mov         rax,rsi
  00000000000060D3: 48 C1 E8 1E        shr         rax,1Eh
  00000000000060D7: 48 8D 04 C5 FF 0F  lea         rax,[rax*8+0FFFh]
                    00 00
  00000000000060DF: 48 C1 E8 0C        shr         rax,0Ch
  00000000000060E3: 4C 03 C0           add         r8,rax
  00000000000060E6: 48 8B C6           mov         rax,rsi
  00000000000060E9: 48 C1 E8 15        shr         rax,15h
  00000000000060ED: 48 C1 EE 0C        shr         rsi,0Ch
  00000000000060F1: 48 8D 04 C5 FF 0F  lea         rax,[rax*8+0FFFh]
                    00 00
  00000000000060F9: 48 C1 E8 0C        shr         rax,0Ch
  00000000000060FD: 48 8D 0C F5 FF 0F  lea         rcx,[rsi*8+0FFFh]
                    00 00
  0000000000006105: 4C 03 C0           add         r8,rax
  0000000000006108: 48 C1 E9 0C        shr         rcx,0Ch
  000000000000610C: 48 83 C1 02        add         rcx,2
  0000000000006110: 49 8D 82 00 40 00  lea         rax,[r10+4000h]
                    00
  0000000000006117: 49 03 C1           add         rax,r9
  000000000000611A: 49 03 C8           add         rcx,r8
  000000000000611D: 48 C1 E1 0C        shl         rcx,0Ch
  0000000000006121: 49 03 C3           add         rax,r11
  0000000000006124: 48 03 C1           add         rax,rcx
  0000000000006127: 48 89 4D 38        mov         qword ptr [rbp+38h],rcx
  000000000000612B: 4C 3B F0           cmp         r14,rax
  000000000000612E: 0F 83 AE 00 00 00  jae         00000000000061E2
  0000000000006134: 48 8D 0D 9D C2 FF  lea         rcx,[??_C@_0BK@HHJIMKFB@Pseamldr?5Range?5too?5small?6?$AA@IMHBAIGO@]
                    FF
  000000000000613B: E8 B8 07 00 00     call        ComSerialOut
  0000000000006140: 48 BE 02 00 01 00  mov         rsi,8000000000010002h
                    00 00 00 80
  000000000000614A: 4C 8B 75 00        mov         r14,qword ptr [rbp]
  000000000000614E: 48 8B 55 28        mov         rdx,qword ptr [rbp+28h]
  0000000000006152: B9 A0 01 00 00     mov         ecx,1A0h
  0000000000006157: 49 89 75 66        mov         qword ptr [r13+66h],rsi
  000000000000615B: E8 34 08 00 00     call        __writeMsr64
  0000000000006160: 45 84 FF           test        r15b,r15b
  0000000000006163: 74 26              je          000000000000618B
  0000000000006165: 45 84 E4           test        r12b,r12b
  0000000000006168: 74 0F              je          0000000000006179
  000000000000616A: 48 8B 05 D7 C5 FF  mov         rax,qword ptr [2748h]
                    FF
  0000000000006171: 48 83 A0 00 08 00  and         qword ptr [rax+800h],0
                    00 00
  0000000000006179: 48 0F BA EF 0B     bts         rdi,0Bh
  000000000000617E: B9 01 14 00 00     mov         ecx,1401h
  0000000000006183: 48 8B D7           mov         rdx,rdi
  0000000000006186: E8 09 08 00 00     call        __writeMsr64
  000000000000618B: 49 8B D6           mov         rdx,r14
  000000000000618E: B9 8B 00 00 00     mov         ecx,8Bh
  0000000000006193: E8 FC 07 00 00     call        __writeMsr64
  0000000000006198: 48 8D 0D 29 C4 FF  lea         rcx,[??_C@_0BK@EBJAMEFH@Exitingseamldr?6Status?3?50x?$AA@IMHBAIGO@]
                    FF
  000000000000619F: E8 54 07 00 00     call        ComSerialOut
  00000000000061A4: 48 8B CE           mov         rcx,rsi
  00000000000061A7: E8 88 07 00 00     call        printHex
  00000000000061AC: 48 8D 0D 09 BF FF  lea         rcx,[??_C@_01EEMJAFIK@?6?$AA@IMHBAIGO@]
                    FF
  00000000000061B3: E8 40 07 00 00     call        ComSerialOut
  00000000000061B8: B8 11 47 00 00     mov         eax,4711h
  00000000000061BD: 33 C9              xor         ecx,ecx
  00000000000061BF: 0F A2              cpuid
  00000000000061C1: 4C 8D 9C 24 A0 01  lea         r11,[rsp+1A0h]
                    00 00
  00000000000061C9: 49 8B 5B 30        mov         rbx,qword ptr [r11+30h]
  00000000000061CD: 49 8B 73 38        mov         rsi,qword ptr [r11+38h]
  00000000000061D1: 49 8B 7B 40        mov         rdi,qword ptr [r11+40h]
  00000000000061D5: 49 8B E3           mov         rsp,r11
  00000000000061D8: 41 5F              pop         r15
  00000000000061DA: 41 5E              pop         r14
  00000000000061DC: 41 5D              pop         r13
  00000000000061DE: 41 5C              pop         r12
  00000000000061E0: 5D                 pop         rbp
  00000000000061E1: C3                 ret
  00000000000061E2: 48 8D 0D 0F C2 FF  lea         rcx,[??_C@_0O@FKFJLLIL@SeamRR?5VA?3?50x?$AA@IMHBAIGO@]
                    FF
  00000000000061E9: E8 0A 07 00 00     call        ComSerialOut
  00000000000061EE: 48 8B 0D 0B C5 FF  mov         rcx,qword ptr [SeamldrData]
                    FF
  00000000000061F5: E8 3A 07 00 00     call        printHex
  00000000000061FA: 48 8D 0D BB BE FF  lea         rcx,[??_C@_01EEMJAFIK@?6?$AA@IMHBAIGO@]
                    FF
  0000000000006201: E8 F2 06 00 00     call        ComSerialOut
  0000000000006206: 48 8D 0D FB C1 FF  lea         rcx,[??_C@_0BA@HINKIKFF@SeamRR?5Size?3?50x?$AA@IMHBAIGO@]
                    FF
  000000000000620D: E8 E6 06 00 00     call        ComSerialOut
  0000000000006212: 48 8B 0D 27 C5 FF  mov         rcx,qword ptr [2740h]
                    FF
  0000000000006219: E8 16 07 00 00     call        printHex
  000000000000621E: 48 8D 0D 97 BE FF  lea         rcx,[??_C@_01EEMJAFIK@?6?$AA@IMHBAIGO@]
                    FF
  0000000000006225: E8 CE 06 00 00     call        ComSerialOut
  000000000000622A: 48 8B 05 17 C5 FF  mov         rax,qword ptr [2748h]
                    FF
  0000000000006231: 48 8B 1D 00 C5 FF  mov         rbx,qword ptr [2738h]
                    FF
  0000000000006238: 48 8B 48 30        mov         rcx,qword ptr [rax+30h]
  000000000000623C: 48 8B 05 FD C4 FF  mov         rax,qword ptr [2740h]
                    FF
  0000000000006243: 48 8D 93 00 F0 FF  lea         rdx,[rbx-1000h]
                    FF
  000000000000624A: 48 2B C1           sub         rax,rcx
  000000000000624D: 48 2B CB           sub         rcx,rbx
  0000000000006250: 48 03 0D A9 C4 FF  add         rcx,qword ptr [SeamldrData]
                    FF
  0000000000006257: 48 03 D0           add         rdx,rax
  000000000000625A: E8 09 F7 FF FF     call        MemZeroWithMovdir64B
  000000000000625F: 48 8B 05 9A C4 FF  mov         rax,qword ptr [SeamldrData]
                    FF
  0000000000006266: BA 00 08 00 00     mov         edx,800h
  000000000000626B: 48 8B 0D CE C4 FF  mov         rcx,qword ptr [2740h]
                    FF
  0000000000006272: 48 05 00 F8 FF FF  add         rax,0FFFFFFFFFFFFF800h
  0000000000006278: 48 03 C8           add         rcx,rax
  000000000000627B: E8 E8 F6 FF FF     call        MemZeroWithMovdir64B
  0000000000006280: 48 8D 0D 91 C1 FF  lea         rcx,[??_C@_0BF@LGBACFPP@Load?5?5P?9Seamld?5code?6?$AA@IMHBAIGO@]
                    FF
  0000000000006287: E8 6C 06 00 00     call        ComSerialOut
  000000000000628C: 33 C9              xor         ecx,ecx
  000000000000628E: 41 BE 11 47 00 00  mov         r14d,4711h
  0000000000006294: 41 8B C6           mov         eax,r14d
  0000000000006297: 0F A2              cpuid
  0000000000006299: 41 8B 55 76        mov         edx,dword ptr [r13+76h]
  000000000000629D: 49 8B 4D 7A        mov         rcx,qword ptr [r13+7Ah]
  00000000000062A1: E8 E6 F3 FF FF     call        LoadModuleCode
  00000000000062A6: 48 8B F0           mov         rsi,rax
  00000000000062A9: 48 85 C0           test        rax,rax
  00000000000062AC: 74 11              je          00000000000062BF
  00000000000062AE: 48 8D 0D 7B C1 FF  lea         rcx,[??_C@_0BP@KEEGAGND@Loading?5P?9Seamldr?5code?5failed?6?$AA@IMHBAIGO@]
                    FF
  00000000000062B5: E8 3E 06 00 00     call        ComSerialOut
  00000000000062BA: E9 8B FE FF FF     jmp         000000000000614A
  00000000000062BF: 48 8B 45 38        mov         rax,qword ptr [rbp+38h]
  00000000000062C3: 4C 8B 0D 76 C4 FF  mov         r9,qword ptr [2740h]
                    FF
  00000000000062CA: 4C 8B 05 67 C4 FF  mov         r8,qword ptr [2738h]
                    FF
  00000000000062D1: 48 8B 15 28 C4 FF  mov         rdx,qword ptr [SeamldrData]
                    FF
  00000000000062D8: 48 89 44 24 28     mov         qword ptr [rsp+28h],rax
  00000000000062DD: 48 8B 05 64 C4 FF  mov         rax,qword ptr [2748h]
                    FF
  00000000000062E4: 48 8B 48 30        mov         rcx,qword ptr [rax+30h]
  00000000000062E8: 48 89 4C 24 20     mov         qword ptr [rsp+20h],rcx
  00000000000062ED: 48 8D 4D 40        lea         rcx,[rbp+40h]
  00000000000062F1: E8 42 0A 00 00     call        InitPseamldrPtCtx
  00000000000062F6: 48 8B 15 13 C4 FF  mov         rdx,qword ptr [2710h]
                    FF
  00000000000062FD: 48 B8 00 00 00 00  mov         rax,0FFFF800000000000h
                    00 80 FF FF
  0000000000006307: 48 8B 0D FA C3 FF  mov         rcx,qword ptr [2708h]
                    FF
  000000000000630E: 48 0B D0           or          rdx,rax
  0000000000006311: 48 8B 05 70 C5 FF  mov         rax,qword ptr [2888h]
                    FF
  0000000000006318: 48 2B 48 08        sub         rcx,qword ptr [rax+8]
  000000000000631C: 48 81 E9 00 10 00  sub         rcx,1000h
                    00
  0000000000006323: E8 10 0D 00 00     call        RelocateImage
  0000000000006328: 48 8B F0           mov         rsi,rax
  000000000000632B: 48 85 C0           test        rax,rax
  000000000000632E: 74 0C              je          000000000000633C
  0000000000006330: 48 8D 0D 19 C1 FF  lea         rcx,[??_C@_0BO@FCLKAN@Failed?5to?5relocate?5P?9Seamldr?6?$AA@IMHBAIGO@]
                    FF
  0000000000006337: E9 79 FF FF FF     jmp         00000000000062B5
  000000000000633C: 48 8D 0D 2D C1 FF  lea         rcx,[??_C@_0BF@CKNDFINP@Map?5P?9Seamldr?5pages?6?$AA@IMHBAIGO@]
                    FF
  0000000000006343: E8 B0 05 00 00     call        ComSerialOut
  0000000000006348: 41 8B 55 76        mov         edx,dword ptr [r13+76h]
  000000000000634C: 48 8D 4D 40        lea         rcx,[rbp+40h]
  0000000000006350: E8 5F F3 FF FF     call        MapModulePages
  0000000000006355: 48 8B F0           mov         rsi,rax
  0000000000006358: 48 85 C0           test        rax,rax
  000000000000635B: 74 0C              je          0000000000006369
  000000000000635D: 48 8D 0D 24 C1 FF  lea         rcx,[??_C@_0BM@DDMELFPJ@Failed?5to?5map?5module?5pages?6?$AA@IMHBAIGO@]
                    FF
  0000000000006364: E9 4C FF FF FF     jmp         00000000000062B5
  0000000000006369: 48 8D 0D 38 C1 FF  lea         rcx,[??_C@_0O@NNMOLPJK@Setup?5stacks?6?$AA@IMHBAIGO@]
                    FF
  0000000000006370: E8 83 05 00 00     call        ComSerialOut
  0000000000006375: 48 8D 4D 40        lea         rcx,[rbp+40h]
  0000000000006379: E8 02 03 00 00     call        SetupStacks
  000000000000637E: 48 8B F0           mov         rsi,rax
  0000000000006381: 48 85 C0           test        rax,rax
  0000000000006384: 74 0C              je          0000000000006392
  0000000000006386: 48 8D 0D 2B C1 FF  lea         rcx,[??_C@_0BI@CDALIHGP@Failed?5to?5setup?5stacks?6?$AA@IMHBAIGO@]
                    FF
  000000000000638D: E9 23 FF FF FF     jmp         00000000000062B5
  0000000000006392: 48 8D 0D 37 C1 FF  lea         rcx,[??_C@_0P@MNGGMCMN@Setup?5keyhole?6?$AA@IMHBAIGO@]
                    FF
  0000000000006399: E8 5A 05 00 00     call        ComSerialOut
  000000000000639E: 48 8D 4D 40        lea         rcx,[rbp+40h]
  00000000000063A2: E8 E1 01 00 00     call        SetupKeyholeMapping
  00000000000063A7: 48 8B F0           mov         rsi,rax
  00000000000063AA: 48 85 C0           test        rax,rax
  00000000000063AD: 74 0C              je          00000000000063BB
  00000000000063AF: 48 8D 0D 2A C1 FF  lea         rcx,[??_C@_0BK@FBODADJ@Failed?5to?5setup?5keyholes?6?$AA@IMHBAIGO@]
                    FF
  00000000000063B6: E9 FA FE FF FF     jmp         00000000000062B5
  00000000000063BB: 48 8D 0D 3E C1 FF  lea         rcx,[??_C@_0BD@KDAKIHP@Setup?5Data?5Region?6?$AA@IMHBAIGO@]
                    FF
  00000000000063C2: E8 31 05 00 00     call        ComSerialOut
  00000000000063C7: 48 8D 4D 40        lea         rcx,[rbp+40h]
  00000000000063CB: E8 E4 00 00 00     call        SetupDataRegion
  00000000000063D0: 48 8B F0           mov         rsi,rax
  00000000000063D3: 48 85 C0           test        rax,rax
  00000000000063D6: 74 0C              je          00000000000063E4
  00000000000063D8: 48 8D 0D 39 C1 FF  lea         rcx,[??_C@_0BN@OICIBGCH@Failed?5to?5setup?5data?5region?6?$AA@IMHBAIGO@]
                    FF
  00000000000063DF: E9 D1 FE FF FF     jmp         00000000000062B5
  00000000000063E4: 48 8D 0D 4D C1 FF  lea         rcx,[??_C@_0BC@DBKHJAMB@Map?5SysInfoTable?6?$AA@IMHBAIGO@]
                    FF
  00000000000063EB: E8 08 05 00 00     call        ComSerialOut
  00000000000063F0: 48 8D 4D 40        lea         rcx,[rbp+40h]
  00000000000063F4: E8 FF F4 FF FF     call        MapSysInfoTables
  00000000000063F9: 48 8B F0           mov         rsi,rax
  00000000000063FC: 48 85 C0           test        rax,rax
  00000000000063FF: 0F 85 45 FD FF FF  jne         000000000000614A
  0000000000006405: 48 8D 0D 44 C1 FF  lea         rcx,[??_C@_0BF@FEICECMF@Setup?5Module?5Region?6?$AA@IMHBAIGO@]
                    FF
  000000000000640C: E8 E7 04 00 00     call        ComSerialOut
  0000000000006411: 48 8D 4D 40        lea         rcx,[rbp+40h]
  0000000000006415: E8 5A F3 FF FF     call        MapModuleRegion
  000000000000641A: 48 8B F0           mov         rsi,rax
  000000000000641D: 48 85 C0           test        rax,rax
  0000000000006420: 74 0C              je          000000000000642E
  0000000000006422: 48 8D 0D 3F C1 FF  lea         rcx,[??_C@_0BO@OEPBOPGA@Failed?5to?5map?5Module?5Region?$CB?6?$AA@IMHBAIGO@]
                    FF
  0000000000006429: E9 87 FE FF FF     jmp         00000000000062B5
  000000000000642E: 48 8D 0D 53 C1 FF  lea         rcx,[??_C@_0BG@DLHFFDEJ@Setup?5PSysinfo?5table?6?$AA@IMHBAIGO@]
                    FF
  0000000000006435: E8 BE 04 00 00     call        ComSerialOut
  000000000000643A: E8 3D 03 00 00     call        SetupSysInfoTable
  000000000000643F: 48 8D 0D 5A C1 FF  lea         rcx,[??_C@_0M@KPDHHIMA@Setup?5VMCS?6?$AA@IMHBAIGO@]
                    FF
  0000000000006446: E8 AD 04 00 00     call        ComSerialOut
  000000000000644B: 48 8B 4D 48        mov         rcx,qword ptr [rbp+48h]
  000000000000644F: E8 D4 05 00 00     call        SetupVmcs
  0000000000006454: 48 8D 0D 55 C1 FF  lea         rcx,[??_C@_0BG@NNIHHKKC@Record?5Seam?5identity?6?$AA@IMHBAIGO@]
                    FF
  000000000000645B: E8 98 04 00 00     call        ComSerialOut
  0000000000006460: 41 8B C6           mov         eax,r14d
  0000000000006463: 33 C9              xor         ecx,ecx
  0000000000006465: 0F A2              cpuid
  0000000000006467: E8 84 F5 FF FF     call        RecordSeamIdentity
  000000000000646C: E9 D9 FC FF FF     jmp         000000000000614A
  0000000000006471: 48 8D 0D 10 BF FF  lea         rcx,[??_C@_0CM@LIHANEGM@Error?3?5P?5Seamldr?5hasn?8t?5shut?5dow@IMHBAIGO@]
                    FF
  0000000000006478: E9 45 FA FF FF     jmp         0000000000005EC2
  000000000000647D: 48 8D 0D 34 BE FF  lea         rcx,[??_C@_0BN@EABEMNCL@Invalid?5number?5of?5sockets?3?5?6?$AA@IMHBAIGO@]
                    FF
  0000000000006484: E8 6F 04 00 00     call        ComSerialOut
  0000000000006489: 48 8B 05 B8 C2 FF  mov         rax,qword ptr [2748h]
                    FF
  0000000000006490: 8B 48 0C           mov         ecx,dword ptr [rax+0Ch]
  0000000000006493: E8 9C 04 00 00     call        printHex
  0000000000006498: 48 8D 0D 1D BC FF  lea         rcx,[??_C@_01EEMJAFIK@?6?$AA@IMHBAIGO@]
                    FF
  000000000000649F: E8 54 04 00 00     call        ComSerialOut
  00000000000064A4: 48 BE 00 00 00 00  mov         rsi,8000000000000000h
                    00 00 00 80
  00000000000064AE: E9 9B FC FF FF     jmp         000000000000614E
  00000000000064B3: CC                                               Ì
SetupDataRegion:
  00000000000064B4: 48 89 5C 24 08     mov         qword ptr [rsp+8],rbx
  00000000000064B9: 48 89 6C 24 10     mov         qword ptr [rsp+10h],rbp
  00000000000064BE: 48 89 74 24 18     mov         qword ptr [rsp+18h],rsi
  00000000000064C3: 57                 push        rdi
  00000000000064C4: 48 83 EC 30        sub         rsp,30h
  00000000000064C8: 48 8B 1D 41 C2 FF  mov         rbx,qword ptr [2710h]
                    FF
  00000000000064CF: 48 B8 00 00 00 00  mov         rax,0FFFF800300000000h
                    03 80 FF FF
  00000000000064D9: 48 8B 15 60 C2 FF  mov         rdx,qword ptr [2740h]
                    FF
  00000000000064E0: 48 0B D8           or          rbx,rax
  00000000000064E3: 48 8B 05 9E C3 FF  mov         rax,qword ptr [2888h]
                    FF
  00000000000064EA: 33 FF              xor         edi,edi
  00000000000064EC: 48 8B 35 45 C2 FF  mov         rsi,qword ptr [2738h]
                    FF
  00000000000064F3: 48 8B E9           mov         rbp,rcx
  00000000000064F6: 48 81 C6 00 E0 FF  add         rsi,0FFFFFFFFFFFFE000h
                    FF
  00000000000064FD: 48 2B 50 08        sub         rdx,qword ptr [rax+8]
  0000000000006501: 48 2B 50 10        sub         rdx,qword ptr [rax+10h]
  0000000000006505: 48 2B 10           sub         rdx,qword ptr [rax]
  0000000000006508: 48 03 F2           add         rsi,rdx
  000000000000650B: 48 F7 40 10 00 F0  test        qword ptr [rax+10h],0FFFFFFFFFFFFF000h
                    FF FF
  0000000000006513: 76 4D              jbe         0000000000006562
  0000000000006515: C6 44 24 28 00     mov         byte ptr [rsp+28h],0
  000000000000651A: 49 B9 63 00 00 00  mov         r9,8000000000000063h
                    00 00 00 80
  0000000000006524: 83 64 24 20 00     and         dword ptr [rsp+20h],0
  0000000000006529: 4C 8B C6           mov         r8,rsi
  000000000000652C: 48 8B D3           mov         rdx,rbx
  000000000000652F: 48 8B CD           mov         rcx,rbp
  0000000000006532: E8 61 09 00 00     call        MapPage
  0000000000006537: 48 85 C0           test        rax,rax
  000000000000653A: 74 3D              je          0000000000006579
  000000000000653C: 48 8B 05 45 C3 FF  mov         rax,qword ptr [2888h]
                    FF
  0000000000006543: FF C7              inc         edi
  0000000000006545: 48 81 C3 00 10 00  add         rbx,1000h
                    00
  000000000000654C: 48 81 C6 00 10 00  add         rsi,1000h
                    00
  0000000000006553: 48 8B 48 10        mov         rcx,qword ptr [rax+10h]
  0000000000006557: 48 C1 E9 0C        shr         rcx,0Ch
  000000000000655B: 8B C7              mov         eax,edi
  000000000000655D: 48 3B C1           cmp         rax,rcx
  0000000000006560: 72 B3              jb          0000000000006515
  0000000000006562: 33 C0              xor         eax,eax
  0000000000006564: 48 8B 5C 24 40     mov         rbx,qword ptr [rsp+40h]
  0000000000006569: 48 8B 6C 24 48     mov         rbp,qword ptr [rsp+48h]
  000000000000656E: 48 8B 74 24 50     mov         rsi,qword ptr [rsp+50h]
  0000000000006573: 48 83 C4 30        add         rsp,30h
  0000000000006577: 5F                 pop         rdi
  0000000000006578: C3                 ret
  0000000000006579: 48 B8 02 00 01 00  mov         rax,8000000000010002h
                    00 00 00 80
  0000000000006583: EB DF              jmp         0000000000006564
  0000000000006585: CC CC CC                                         ÌÌÌ
SetupKeyholeMapping:
  0000000000006588: 48 89 5C 24 08     mov         qword ptr [rsp+8],rbx
  000000000000658D: 48 89 6C 24 10     mov         qword ptr [rsp+10h],rbp
  0000000000006592: 48 89 74 24 18     mov         qword ptr [rsp+18h],rsi
  0000000000006597: 57                 push        rdi
  0000000000006598: 41 56              push        r14
  000000000000659A: 41 57              push        r15
  000000000000659C: 48 83 EC 30        sub         rsp,30h
  00000000000065A0: 48 8B 1D 69 C1 FF  mov         rbx,qword ptr [2710h]
                    FF
  00000000000065A7: 48 B8 00 00 00 00  mov         rax,0FFFF800200000000h
                    02 80 FF FF
  00000000000065B1: 48 8B F3           mov         rsi,rbx
  00000000000065B4: 49 83 CE FF        or          r14,0FFFFFFFFFFFFFFFFh
  00000000000065B8: 48 0B F0           or          rsi,rax
  00000000000065BB: 33 ED              xor         ebp,ebp
  00000000000065BD: 48 B8 00 00 00 00  mov         rax,100000000h
                    01 00 00 00
  00000000000065C7: 4C 8B F9           mov         r15,rcx
  00000000000065CA: 48 0B D8           or          rbx,rax
  00000000000065CD: 48 8B 05 B4 C2 FF  mov         rax,qword ptr [2888h]
                    FF
  00000000000065D4: 48 F7 40 18 00 F0  test        qword ptr [rax+18h],0FFFFFFFFFFFFF000h
                    FF FF
  00000000000065DC: 76 78              jbe         0000000000006656
  00000000000065DE: C6 44 24 28 01     mov         byte ptr [rsp+28h],1
  00000000000065E3: 45 33 C9           xor         r9d,r9d
  00000000000065E6: 83 64 24 20 00     and         dword ptr [rsp+20h],0
  00000000000065EB: 45 33 C0           xor         r8d,r8d
  00000000000065EE: 48 8B D6           mov         rdx,rsi
  00000000000065F1: 49 8B CF           mov         rcx,r15
  00000000000065F4: E8 9F 08 00 00     call        MapPage
  00000000000065F9: 48 8B F8           mov         rdi,rax
  00000000000065FC: 48 85 C0           test        rax,rax
  00000000000065FF: 74 70              je          0000000000006671
  0000000000006601: 49 3B C6           cmp         rax,r14
  0000000000006604: 74 31              je          0000000000006637
  0000000000006606: C6 44 24 28 00     mov         byte ptr [rsp+28h],0
  000000000000660B: 49 B9 67 00 00 00  mov         r9,8000000000000067h
                    00 00 00 80
  0000000000006615: 83 64 24 20 00     and         dword ptr [rsp+20h],0
  000000000000661A: 4C 8B C0           mov         r8,rax
  000000000000661D: 48 8B D3           mov         rdx,rbx
  0000000000006620: 49 8B CF           mov         rcx,r15
  0000000000006623: E8 70 08 00 00     call        MapPage
  0000000000006628: 48 85 C0           test        rax,rax
  000000000000662B: 74 44              je          0000000000006671
  000000000000662D: 4C 8B F7           mov         r14,rdi
  0000000000006630: 48 81 C3 00 10 00  add         rbx,1000h
                    00
  0000000000006637: 48 8B 05 4A C2 FF  mov         rax,qword ptr [2888h]
                    FF
  000000000000663E: FF C5              inc         ebp
  0000000000006640: 48 81 C6 00 10 00  add         rsi,1000h
                    00
  0000000000006647: 48 8B 48 18        mov         rcx,qword ptr [rax+18h]
  000000000000664B: 48 C1 E9 0C        shr         rcx,0Ch
  000000000000664F: 8B C5              mov         eax,ebp
  0000000000006651: 48 3B C1           cmp         rax,rcx
  0000000000006654: 72 88              jb          00000000000065DE
  0000000000006656: 33 C0              xor         eax,eax
  0000000000006658: 48 8B 5C 24 50     mov         rbx,qword ptr [rsp+50h]
  000000000000665D: 48 8B 6C 24 58     mov         rbp,qword ptr [rsp+58h]
  0000000000006662: 48 8B 74 24 60     mov         rsi,qword ptr [rsp+60h]
  0000000000006667: 48 83 C4 30        add         rsp,30h
  000000000000666B: 41 5F              pop         r15
  000000000000666D: 41 5E              pop         r14
  000000000000666F: 5F                 pop         rdi
  0000000000006670: C3                 ret
  0000000000006671: 48 B8 02 00 01 00  mov         rax,8000000000010002h
                    00 00 00 80
  000000000000667B: EB DB              jmp         0000000000006658
  000000000000667D: CC CC CC                                         ÌÌÌ
SetupStacks:
  0000000000006680: 48 89 5C 24 08     mov         qword ptr [rsp+8],rbx
  0000000000006685: 48 89 6C 24 10     mov         qword ptr [rsp+10h],rbp
  000000000000668A: 48 89 74 24 18     mov         qword ptr [rsp+18h],rsi
  000000000000668F: 57                 push        rdi
  0000000000006690: 48 83 EC 30        sub         rsp,30h
  0000000000006694: 4C 8B 05 ED C1 FF  mov         r8,qword ptr [2888h]
                    FF
  000000000000669B: 48 B8 00 00 00 00  mov         rax,0FFFF800100000000h
                    01 80 FF FF
  00000000000066A5: 48 8B 15 94 C0 FF  mov         rdx,qword ptr [2740h]
                    FF
  00000000000066AC: 33 F6              xor         esi,esi
  00000000000066AE: 48 8B 3D 83 C0 FF  mov         rdi,qword ptr [2738h]
                    FF
  00000000000066B5: 48 8B E9           mov         rbp,rcx
  00000000000066B8: 48 8B 1D 51 C0 FF  mov         rbx,qword ptr [2710h]
                    FF
  00000000000066BF: 48 81 C7 00 E0 FF  add         rdi,0FFFFFFFFFFFFE000h
                    FF
  00000000000066C6: 49 2B 50 08        sub         rdx,qword ptr [r8+8]
  00000000000066CA: 48 0B D8           or          rbx,rax
  00000000000066CD: 49 2B 10           sub         rdx,qword ptr [r8]
  00000000000066D0: 48 03 FA           add         rdi,rdx
  00000000000066D3: 41 F7 00 00 F0 FF  test        dword ptr [r8],0FFFFF000h
                    FF
  00000000000066DA: 76 47              jbe         0000000000006723
  00000000000066DC: C6 44 24 28 00     mov         byte ptr [rsp+28h],0
  00000000000066E1: 49 B9 63 00 00 00  mov         r9,8000000000000063h
                    00 00 00 80
  00000000000066EB: 83 64 24 20 00     and         dword ptr [rsp+20h],0
  00000000000066F0: 4C 8B C7           mov         r8,rdi
  00000000000066F3: 48 8B D3           mov         rdx,rbx
  00000000000066F6: 48 8B CD           mov         rcx,rbp
  00000000000066F9: E8 9A 07 00 00     call        MapPage
  00000000000066FE: 48 85 C0           test        rax,rax
  0000000000006701: 74 6D              je          0000000000006770
  0000000000006703: 48 8B 05 7E C1 FF  mov         rax,qword ptr [2888h]
                    FF
  000000000000670A: 48 81 C3 00 10 00  add         rbx,1000h
                    00
  0000000000006711: 48 81 C7 00 10 00  add         rdi,1000h
                    00
  0000000000006718: FF C6              inc         esi
  000000000000671A: 8B 08              mov         ecx,dword ptr [rax]
  000000000000671C: C1 E9 0C           shr         ecx,0Ch
  000000000000671F: 3B F1              cmp         esi,ecx
  0000000000006721: 72 B9              jb          00000000000066DC
  0000000000006723: C6 44 24 28 00     mov         byte ptr [rsp+28h],0
  0000000000006728: 49 B9 61 00 00 00  mov         r9,8000000000000061h
                    00 00 00 80
  0000000000006732: 83 64 24 20 00     and         dword ptr [rsp+20h],0
  0000000000006737: 4C 8B C7           mov         r8,rdi
  000000000000673A: 48 8B D3           mov         rdx,rbx
  000000000000673D: 48 8B CD           mov         rcx,rbp
  0000000000006740: E8 53 07 00 00     call        MapPage
  0000000000006745: 48 F7 D8           neg         rax
  0000000000006748: 48 B9 02 00 01 00  mov         rcx,8000000000010002h
                    00 00 00 80
  0000000000006752: 48 1B C0           sbb         rax,rax
  0000000000006755: 48 F7 D0           not         rax
  0000000000006758: 48 23 C1           and         rax,rcx
  000000000000675B: 48 8B 5C 24 40     mov         rbx,qword ptr [rsp+40h]
  0000000000006760: 48 8B 6C 24 48     mov         rbp,qword ptr [rsp+48h]
  0000000000006765: 48 8B 74 24 50     mov         rsi,qword ptr [rsp+50h]
  000000000000676A: 48 83 C4 30        add         rsp,30h
  000000000000676E: 5F                 pop         rdi
  000000000000676F: C3                 ret
  0000000000006770: 48 B8 02 00 01 00  mov         rax,8000000000010002h
                    00 00 00 80
  000000000000677A: EB DF              jmp         000000000000675B
SetupSysInfoTable:
  000000000000677C: 48 83 EC 28        sub         rsp,28h
  0000000000006780: 48 8B 0D 89 BF FF  mov         rcx,qword ptr [2710h]
                    FF
  0000000000006787: 48 B8 00 00 00 00  mov         rax,0FFFF800000000000h
                    00 80 FF FF
  0000000000006791: 48 0B C8           or          rcx,rax
  0000000000006794: 48 8B 05 AD BF FF  mov         rax,qword ptr [2748h]
                    FF
  000000000000679B: 48 89 88 08 08 00  mov         qword ptr [rax+808h],rcx
                    00
  00000000000067A2: 48 8B 05 DF C0 FF  mov         rax,qword ptr [2888h]
                    FF
  00000000000067A9: 48 8B 48 08        mov         rcx,qword ptr [rax+8]
  00000000000067AD: 48 8B 05 94 BF FF  mov         rax,qword ptr [2748h]
                    FF
  00000000000067B4: 48 89 88 10 08 00  mov         qword ptr [rax+810h],rcx
                    00
  00000000000067BB: 48 B8 00 00 00 00  mov         rax,0FFFF800300000000h
                    03 80 FF FF
  00000000000067C5: 48 8B 0D 44 BF FF  mov         rcx,qword ptr [2710h]
                    FF
  00000000000067CC: 48 0B C8           or          rcx,rax
  00000000000067CF: 48 8B 05 72 BF FF  mov         rax,qword ptr [2748h]
                    FF
  00000000000067D6: 48 89 88 18 08 00  mov         qword ptr [rax+818h],rcx
                    00
  00000000000067DD: 48 8B 05 A4 C0 FF  mov         rax,qword ptr [2888h]
                    FF
  00000000000067E4: 48 8B 48 10        mov         rcx,qword ptr [rax+10h]
  00000000000067E8: 48 8B 05 59 BF FF  mov         rax,qword ptr [2748h]
                    FF
  00000000000067EF: 48 89 88 20 08 00  mov         qword ptr [rax+820h],rcx
                    00
  00000000000067F6: 48 B8 00 00 00 00  mov         rax,0FFFF800100000000h
                    01 80 FF FF
  0000000000006800: 48 8B 0D 09 BF FF  mov         rcx,qword ptr [2710h]
                    FF
  0000000000006807: 48 0B C8           or          rcx,rax
  000000000000680A: 48 8B 05 37 BF FF  mov         rax,qword ptr [2748h]
                    FF
  0000000000006811: 48 89 88 28 08 00  mov         qword ptr [rax+828h],rcx
                    00
  0000000000006818: 48 8B 05 69 C0 FF  mov         rax,qword ptr [2888h]
                    FF
  000000000000681F: 48 8B 08           mov         rcx,qword ptr [rax]
  0000000000006822: 48 8B 05 1F BF FF  mov         rax,qword ptr [2748h]
                    FF
  0000000000006829: 48 81 C1 00 10 00  add         rcx,1000h
                    00
  0000000000006830: 48 89 88 30 08 00  mov         qword ptr [rax+830h],rcx
                    00
  0000000000006837: 48 B8 00 00 00 00  mov         rax,0FFFF800200000000h
                    02 80 FF FF
  0000000000006841: 48 8B 0D C8 BE FF  mov         rcx,qword ptr [2710h]
                    FF
  0000000000006848: 48 0B C8           or          rcx,rax
  000000000000684B: 48 8B 05 F6 BE FF  mov         rax,qword ptr [2748h]
                    FF
  0000000000006852: 48 89 88 38 08 00  mov         qword ptr [rax+838h],rcx
                    00
  0000000000006859: 48 8B 05 28 C0 FF  mov         rax,qword ptr [2888h]
                    FF
  0000000000006860: 48 8B 48 18        mov         rcx,qword ptr [rax+18h]
  0000000000006864: 48 8B 05 DD BE FF  mov         rax,qword ptr [2748h]
                    FF
  000000000000686B: 48 89 88 40 08 00  mov         qword ptr [rax+840h],rcx
                    00
  0000000000006872: 48 B8 00 00 00 00  mov         rax,100000000h
                    01 00 00 00
  000000000000687C: 48 8B 0D 8D BE FF  mov         rcx,qword ptr [2710h]
                    FF
  0000000000006883: 48 0B C8           or          rcx,rax
  0000000000006886: 48 8B 05 BB BE FF  mov         rax,qword ptr [2748h]
                    FF
  000000000000688D: 48 89 88 48 08 00  mov         qword ptr [rax+848h],rcx
                    00
  0000000000006894: 48 8B 05 ED BF FF  mov         rax,qword ptr [2888h]
                    FF
  000000000000689B: 48 8B 48 20        mov         rcx,qword ptr [rax+20h]
  000000000000689F: 48 8B 05 A2 BE FF  mov         rax,qword ptr [2748h]
                    FF
  00000000000068A6: 48 89 88 50 08 00  mov         qword ptr [rax+850h],rcx
                    00
  00000000000068AD: 48 B8 00 00 00 00  mov         rax,200000000h
                    02 00 00 00
  00000000000068B7: 48 8B 0D 52 BE FF  mov         rcx,qword ptr [2710h]
                    FF
  00000000000068BE: 48 0B C8           or          rcx,rax
  00000000000068C1: 48 8B 05 80 BE FF  mov         rax,qword ptr [2748h]
                    FF
  00000000000068C8: 48 89 88 58 08 00  mov         qword ptr [rax+858h],rcx
                    00
  00000000000068CF: E8 88 ED FF FF     call        000000000000565C
  00000000000068D4: 48 8B 0D 6D BE FF  mov         rcx,qword ptr [2748h]
                    FF
  00000000000068DB: 89 81 60 08 00 00  mov         dword ptr [rcx+860h],eax
  00000000000068E1: 48 8B 05 60 BE FF  mov         rax,qword ptr [2748h]
                    FF
  00000000000068E8: C7 80 64 08 00 00  mov         dword ptr [rax+864h],1
                    01 00 00 00
  00000000000068F2: 48 83 C4 28        add         rsp,28h
  00000000000068F6: C3                 ret
  00000000000068F7: CC                                               Ì
ComSerialOut:
  00000000000068F8: 80 39 00           cmp         byte ptr [rcx],0
  00000000000068FB: 74 34              je          0000000000006931
  00000000000068FD: 41 B9 FD 03 00 00  mov         r9d,3FDh
  0000000000006903: 45 8D 41 FB        lea         r8d,[r9-5]
  0000000000006907: 41 8B D1           mov         edx,r9d
  000000000000690A: EC                 in          al,dx
  000000000000690B: A8 20              test        al,20h
  000000000000690D: 74 F8              je          0000000000006907
  000000000000690F: 80 39 0A           cmp         byte ptr [rcx],0Ah
  0000000000006912: 75 0E              jne         0000000000006922
  0000000000006914: 41 8B D0           mov         edx,r8d
  0000000000006917: B0 0D              mov         al,0Dh
  0000000000006919: EE                 out         dx,al
  000000000000691A: 41 8B D1           mov         edx,r9d
  000000000000691D: EC                 in          al,dx
  000000000000691E: A8 20              test        al,20h
  0000000000006920: 74 F8              je          000000000000691A
  0000000000006922: 0F B6 01           movzx       eax,byte ptr [rcx]
  0000000000006925: 41 8B D0           mov         edx,r8d
  0000000000006928: 48 FF C1           inc         rcx
  000000000000692B: EE                 out         dx,al
  000000000000692C: 80 39 00           cmp         byte ptr [rcx],0
  000000000000692F: 75 D6              jne         0000000000006907
  0000000000006931: C3                 ret
  0000000000006932: CC CC                                            ÌÌ
printHex:
  0000000000006934: BA 0F 00 00 00     mov         edx,0Fh
  0000000000006939: 4C 8D 0D D0 DF FF  lea         r9,[4910h]
                    FF
  0000000000006940: 48 8B C1           mov         rax,rcx
  0000000000006943: 4C 8D 05 B6 DF FF  lea         r8,[4900h]
                    FF
  000000000000694A: 83 E0 0F           and         eax,0Fh
  000000000000694D: 48 C1 E9 04        shr         rcx,4
  0000000000006951: 42 8A 04 00        mov         al,byte ptr [rax+r8]
  0000000000006955: 42 88 04 0A        mov         byte ptr [rdx+r9],al
  0000000000006959: 48 FF CA           dec         rdx
  000000000000695C: 48 83 FA FF        cmp         rdx,0FFFFFFFFFFFFFFFFh
  0000000000006960: 7F DE              jg          0000000000006940
  0000000000006962: 49 8B C9           mov         rcx,r9
  0000000000006965: C6 05 B4 DF FF FF  mov         byte ptr [4920h],0
                    00
  000000000000696C: E9 87 FF FF FF     jmp         ComSerialOut
  0000000000006971: CC CC CC                                         ÌÌÌ
RdSeed64:
  0000000000006974: 48 0F C7 F8        rdseed      rax
  0000000000006978: 48 89 01           mov         qword ptr [rcx],rax
  000000000000697B: B9 01 00 00 00     mov         ecx,1
  0000000000006980: 8D 41 FF           lea         eax,[rcx-1]
  0000000000006983: 0F 42 C1           cmovb       eax,ecx
  0000000000006986: C3                 ret
  0000000000006987: CC                                               Ì
__readMsr64:
  0000000000006988: 0F 32              rdmsr
  000000000000698A: 48 C1 E2 20        shl         rdx,20h
  000000000000698E: 48 0B C2           or          rax,rdx
  0000000000006991: C3                 ret
  0000000000006992: CC CC                                            ÌÌ
__writeMsr64:
  0000000000006994: 48 8B C2           mov         rax,rdx
  0000000000006997: 48 C1 EA 20        shr         rdx,20h
  000000000000699B: 0F 30              wrmsr
  000000000000699D: C3                 ret
  000000000000699E: CC CC                                            ÌÌ
shiftLeft64:
  00000000000069A0: 48 8B C1           mov         rax,rcx
  00000000000069A3: 8B CA              mov         ecx,edx
  00000000000069A5: 48 D3 E0           shl         rax,cl
  00000000000069A8: C3                 ret
  00000000000069A9: CC CC CC                                         ÌÌÌ
BitScanForward64:
  00000000000069AC: 48 85 D2           test        rdx,rdx
  00000000000069AF: 75 03              jne         00000000000069B4
  00000000000069B1: 33 C0              xor         eax,eax
  00000000000069B3: C3                 ret
  00000000000069B4: 85 D2              test        edx,edx
  00000000000069B6: 74 07              je          00000000000069BF
  00000000000069B8: 0F BC C2           bsf         eax,edx
  00000000000069BB: 89 01              mov         dword ptr [rcx],eax
  00000000000069BD: EB 10              jmp         00000000000069CF
  00000000000069BF: 48 C1 EA 20        shr         rdx,20h
  00000000000069C3: 85 D2              test        edx,edx
  00000000000069C5: 74 08              je          00000000000069CF
  00000000000069C7: 0F BC C2           bsf         eax,edx
  00000000000069CA: 89 01              mov         dword ptr [rcx],eax
  00000000000069CC: 83 01 20           add         dword ptr [rcx],20h
  00000000000069CF: B8 01 00 00 00     mov         eax,1
  00000000000069D4: C3                 ret
  00000000000069D5: CC CC CC                                         ÌÌÌ
GetMaxPhyAddr:
  00000000000069D8: 40 53              push        rbx
  00000000000069DA: 48 83 EC 10        sub         rsp,10h
  00000000000069DE: 33 C9              xor         ecx,ecx
  00000000000069E0: B8 00 00 00 80     mov         eax,80000000h
  00000000000069E5: 0F A2              cpuid
  00000000000069E7: 3D 08 00 00 80     cmp         eax,80000008h
  00000000000069EC: 72 0B              jb          00000000000069F9
  00000000000069EE: B8 08 00 00 80     mov         eax,80000008h
  00000000000069F3: 33 C9              xor         ecx,ecx
  00000000000069F5: 0F A2              cpuid
  00000000000069F7: EB 05              jmp         00000000000069FE
  00000000000069F9: B8 24 00 00 00     mov         eax,24h
  00000000000069FE: 0F B6 C0           movzx       eax,al
  0000000000006A01: 48 83 C4 10        add         rsp,10h
  0000000000006A05: 5B                 pop         rbx
  0000000000006A06: C3                 ret
  0000000000006A07: CC                                               Ì
GetPhyAddrMask:
  0000000000006A08: 48 83 EC 28        sub         rsp,28h
  0000000000006A0C: E8 C7 FF FF FF     call        GetMaxPhyAddr
  0000000000006A11: 8B D0              mov         edx,eax
  0000000000006A13: B9 01 00 00 00     mov         ecx,1
  0000000000006A18: E8 83 FF FF FF     call        shiftLeft64
  0000000000006A1D: 48 FF C8           dec         rax
  0000000000006A20: 48 83 C4 28        add         rsp,28h
  0000000000006A24: C3                 ret
  0000000000006A25: CC CC CC                                         ÌÌÌ
SetupVmcs:
  0000000000006A28: 48 89 5C 24 18     mov         qword ptr [rsp+18h],rbx
  0000000000006A2D: 55                 push        rbp
  0000000000006A2E: 56                 push        rsi
  0000000000006A2F: 57                 push        rdi
  0000000000006A30: 41 54              push        r12
  0000000000006A32: 41 55              push        r13
  0000000000006A34: 41 56              push        r14
  0000000000006A36: 41 57              push        r15
  0000000000006A38: 48 83 EC 20        sub         rsp,20h
  0000000000006A3C: 48 8B 05 05 BD FF  mov         rax,qword ptr [2748h]
                    FF
  0000000000006A43: 48 8B E9           mov         rbp,rcx
  0000000000006A46: B9 80 04 00 00     mov         ecx,480h
  0000000000006A4B: 48 8B 40 30        mov         rax,qword ptr [rax+30h]
  0000000000006A4F: 48 2B 05 E2 BC FF  sub         rax,qword ptr [2738h]
                    FF
  0000000000006A56: 48 89 44 24 60     mov         qword ptr [rsp+60h],rax
  0000000000006A5B: 48 8B 05 9E BC FF  mov         rax,qword ptr [SeamldrData]
                    FF
  0000000000006A62: 48 89 44 24 68     mov         qword ptr [rsp+68h],rax
  0000000000006A67: E8 1C FF FF FF     call        __readMsr64
  0000000000006A6C: B9 8D 04 00 00     mov         ecx,48Dh
  0000000000006A71: 48 8B D8           mov         rbx,rax
  0000000000006A74: E8 0F FF FF FF     call        __readMsr64
  0000000000006A79: B9 8E 04 00 00     mov         ecx,48Eh
  0000000000006A7E: 4C 8B E8           mov         r13,rax
  0000000000006A81: E8 02 FF FF FF     call        __readMsr64
  0000000000006A86: B9 8F 04 00 00     mov         ecx,48Fh
  0000000000006A8B: 4C 8B E0           mov         r12,rax
  0000000000006A8E: E8 F5 FE FF FF     call        __readMsr64
  0000000000006A93: B9 90 04 00 00     mov         ecx,490h
  0000000000006A98: 4C 8B F0           mov         r14,rax
  0000000000006A9B: E8 E8 FE FF FF     call        __readMsr64
  0000000000006AA0: B9 86 04 00 00     mov         ecx,486h
  0000000000006AA5: 4C 8B F8           mov         r15,rax
  0000000000006AA8: E8 DB FE FF FF     call        __readMsr64
  0000000000006AAD: B9 87 04 00 00     mov         ecx,487h
  0000000000006AB2: 48 8B F8           mov         rdi,rax
  0000000000006AB5: E8 CE FE FF FF     call        __readMsr64
  0000000000006ABA: 48 8B F0           mov         rsi,rax
  0000000000006ABD: B9 88 04 00 00     mov         ecx,488h
  0000000000006AC2: 48 23 F7           and         rsi,rdi
  0000000000006AC5: E8 BE FE FF FF     call        __readMsr64
  0000000000006ACA: B9 89 04 00 00     mov         ecx,489h
  0000000000006ACF: 48 8B F8           mov         rdi,rax
  0000000000006AD2: E8 B1 FE FF FF     call        __readMsr64
  0000000000006AD7: 48 8B 4C 24 60     mov         rcx,qword ptr [rsp+60h]
  0000000000006ADC: 48 23 C7           and         rax,rdi
  0000000000006ADF: 48 8B 7C 24 68     mov         rdi,qword ptr [rsp+68h]
  0000000000006AE4: 48 0D A8 26 B5 00  or          rax,0B526A8h
  0000000000006AEA: 48 BA 00 00 00 00  mov         rdx,1000000000000000h
                    00 00 00 10
  0000000000006AF4: 48 89 84 39 38 13  mov         qword ptr [rcx+rdi+1338h],rax
                    00 00
  0000000000006AFC: B8 20 00 00 00     mov         eax,20h
  0000000000006B01: 48 89 94 39 D8 11  mov         qword ptr [rcx+rdi+11D8h],rdx
                    00 00
  0000000000006B09: BA 31 00 01 80     mov         edx,80010031h
  0000000000006B0E: 48 0B F2           or          rsi,rdx
  0000000000006B11: 66 89 84 39 CC 10  mov         word ptr [rcx+rdi+10CCh],ax
                    00 00
  0000000000006B19: 48 89 B4 39 28 13  mov         qword ptr [rcx+rdi+1328h],rsi
                    00 00
  0000000000006B21: 48 B8 06 06 06 06  mov         rax,6060606060606h
                    06 06 06 00
  0000000000006B2B: 48 8B F1           mov         rsi,rcx
  0000000000006B2E: 48 89 84 39 10 13  mov         qword ptr [rcx+rdi+1310h],rax
                    00 00
  0000000000006B36: 48 89 AC 39 30 13  mov         qword ptr [rcx+rdi+1330h],rbp
                    00 00
  0000000000006B3E: C7 84 39 C2 10 00  mov         dword ptr [rcx+rdi+10C2h],100008h
                    00 08 00 10 00
  0000000000006B49: C7 84 39 C8 10 00  mov         dword ptr [rcx+rdi+10C8h],180018h
                    00 18 00 18 00
  0000000000006B54: 48 C7 84 39 58 14  mov         qword ptr [rcx+rdi+1458h],15h
                    00 00 15 00 00 00
  0000000000006B60: 48 C7 84 39 18 13  mov         qword ptr [rcx+rdi+1318h],0D00h
                    00 00 00 0D 00 00
  0000000000006B6C: B9 8F 04 00 00     mov         ecx,48Fh
  0000000000006B71: E8 12 FE FF FF     call        __readMsr64
  0000000000006B76: 48 C1 E8 20        shr         rax,20h
  0000000000006B7A: 41 81 CE 04 12 3C  or          r14d,573C1204h
                    57
  0000000000006B81: 41 23 C6           and         eax,r14d
  0000000000006B84: B9 90 04 00 00     mov         ecx,490h
  0000000000006B89: 89 84 3E 5C 11 00  mov         dword ptr [rsi+rdi+115Ch],eax
                    00
  0000000000006B90: E8 F3 FD FF FF     call        __readMsr64
  0000000000006B95: 48 C1 E8 20        shr         rax,20h
  0000000000006B99: 41 81 CF 04 E0 7E  or          r15d,7EE004h
                    00
  0000000000006BA0: 41 23 C7           and         eax,r15d
  0000000000006BA3: 44 89 AC 3E 28 11  mov         dword ptr [rsi+rdi+1128h],r13d
                    00 00
  0000000000006BAB: 89 84 3E B8 12 00  mov         dword ptr [rsi+rdi+12B8h],eax
                    00
  0000000000006BB2: 48 B8 00 00 00 00  mov         rax,0FFFF800000000000h
                    00 80 FF FF
  0000000000006BBC: 44 89 A4 3E 20 11  mov         dword ptr [rsi+rdi+1120h],r12d
                    00 00
  0000000000006BC4: 48 8B 0D 45 BB FF  mov         rcx,qword ptr [2710h]
                    FF
  0000000000006BCB: 48 0B C8           or          rcx,rax
  0000000000006BCE: 48 8B 05 B3 BC FF  mov         rax,qword ptr [2888h]
                    FF
  0000000000006BD5: 48 03 48 28        add         rcx,qword ptr [rax+28h]
  0000000000006BD9: 48 89 8C 3E 08 13  mov         qword ptr [rsi+rdi+1308h],rcx
                    00 00
  0000000000006BE1: 48 B9 00 00 FF FF  mov         rcx,0FFFF8003FFFF0000h
                    03 80 FF FF
  0000000000006BEB: 48 8B 05 1E BB FF  mov         rax,qword ptr [2710h]
                    FF
  0000000000006BF2: 48 0B C1           or          rax,rcx
  0000000000006BF5: 48 89 84 3E 50 13  mov         qword ptr [rsi+rdi+1350h],rax
                    00 00
  0000000000006BFD: 48 B8 00 00 00 00  mov         rax,0FFFF800100000000h
                    01 80 FF FF
  0000000000006C07: 4C 8B 0D 02 BB FF  mov         r9,qword ptr [2710h]
                    FF
  0000000000006C0E: 4D 8B C1           mov         r8,r9
  0000000000006C11: 4C 0B C0           or          r8,rax
  0000000000006C14: 48 8B 05 6D BC FF  mov         rax,qword ptr [2888h]
                    FF
  0000000000006C1B: 48 8B 08           mov         rcx,qword ptr [rax]
  0000000000006C1E: 48 B8 00 00 00 00  mov         rax,0FFFF800300000000h
                    03 80 FF FF
  0000000000006C28: 4C 0B C8           or          r9,rax
  0000000000006C2B: 4C 89 8C 3E 58 13  mov         qword ptr [rsi+rdi+1358h],r9
                    00 00
  0000000000006C33: 48 8D 91 F8 0F 00  lea         rdx,[rcx+0FF8h]
                    00
  0000000000006C3A: 49 03 D0           add         rdx,r8
  0000000000006C3D: 48 8D 41 F8        lea         rax,[rcx-8]
  0000000000006C41: 49 03 C0           add         rax,r8
  0000000000006C44: 48 89 94 3E 60 14  mov         qword ptr [rsi+rdi+1460h],rdx
                    00 00
  0000000000006C4C: 0F BA F3 1F        btr         ebx,1Fh
  0000000000006C50: 48 89 84 3E 00 13  mov         qword ptr [rsi+rdi+1300h],rax
                    00 00
  0000000000006C58: 89 9C 3E 00 10 00  mov         dword ptr [rsi+rdi+1000h],ebx
                    00
  0000000000006C5F: 48 8B 5C 24 70     mov         rbx,qword ptr [rsp+70h]
  0000000000006C64: 48 83 C4 20        add         rsp,20h
  0000000000006C68: 41 5F              pop         r15
  0000000000006C6A: 41 5E              pop         r14
  0000000000006C6C: 41 5D              pop         r13
  0000000000006C6E: 41 5C              pop         r12
  0000000000006C70: 5F                 pop         rdi
  0000000000006C71: 5E                 pop         rsi
  0000000000006C72: 5D                 pop         rbp
  0000000000006C73: C3                 ret
memcpy:
  0000000000006C74: 4C 8B C9           mov         r9,rcx
  0000000000006C77: 41 83 F8 08        cmp         r8d,8
  0000000000006C7B: 72 1F              jb          0000000000006C9C
  0000000000006C7D: 45 8B D0           mov         r10d,r8d
  0000000000006C80: 49 C1 EA 03        shr         r10,3
  0000000000006C84: 48 8B 02           mov         rax,qword ptr [rdx]
  0000000000006C87: 41 83 C0 F8        add         r8d,0FFFFFFF8h
  0000000000006C8B: 49 89 01           mov         qword ptr [r9],rax
  0000000000006C8E: 48 83 C2 08        add         rdx,8
  0000000000006C92: 49 83 C1 08        add         r9,8
  0000000000006C96: 49 83 EA 01        sub         r10,1
  0000000000006C9A: 75 E8              jne         0000000000006C84
  0000000000006C9C: 45 85 C0           test        r8d,r8d
  0000000000006C9F: 74 13              je          0000000000006CB4
  0000000000006CA1: 49 2B D1           sub         rdx,r9
  0000000000006CA4: 42 8A 04 0A        mov         al,byte ptr [rdx+r9]
  0000000000006CA8: 41 88 01           mov         byte ptr [r9],al
  0000000000006CAB: 49 FF C1           inc         r9
  0000000000006CAE: 41 83 C0 FF        add         r8d,0FFFFFFFFh
  0000000000006CB2: 75 F0              jne         0000000000006CA4
  0000000000006CB4: 48 8B C1           mov         rax,rcx
  0000000000006CB7: C3                 ret
memcpy_s:
  0000000000006CB8: 45 33 D2           xor         r10d,r10d
  0000000000006CBB: 49 3B D1           cmp         rdx,r9
  0000000000006CBE: 72 6A              jb          0000000000006D2A
  0000000000006CC0: 49 8D 42 FE        lea         rax,[r10-2]
  0000000000006CC4: 49 2B C1           sub         rax,r9
  0000000000006CC7: 48 3B C8           cmp         rcx,rax
  0000000000006CCA: 77 5E              ja          0000000000006D2A
  0000000000006CCC: 49 8D 41 FF        lea         rax,[r9-1]
  0000000000006CD0: 49 03 C0           add         rax,r8
  0000000000006CD3: 49 3B C0           cmp         rax,r8
  0000000000006CD6: 72 52              jb          0000000000006D2A
  0000000000006CD8: 48 3B C8           cmp         rcx,rax
  0000000000006CDB: 77 0C              ja          0000000000006CE9
  0000000000006CDD: 49 8D 41 FF        lea         rax,[r9-1]
  0000000000006CE1: 48 03 C1           add         rax,rcx
  0000000000006CE4: 49 3B C0           cmp         rax,r8
  0000000000006CE7: 73 41              jae         0000000000006D2A
  0000000000006CE9: 49 83 F9 08        cmp         r9,8
  0000000000006CED: 72 22              jb          0000000000006D11
  0000000000006CEF: 49 8B D1           mov         rdx,r9
  0000000000006CF2: 48 C1 EA 03        shr         rdx,3
  0000000000006CF6: 48 6B C2 F8        imul        rax,rdx,0FFFFFFFFFFFFFFF8h
  0000000000006CFA: 4C 03 C8           add         r9,rax
  0000000000006CFD: 49 8B 00           mov         rax,qword ptr [r8]
  0000000000006D00: 49 83 C0 08        add         r8,8
  0000000000006D04: 48 89 01           mov         qword ptr [rcx],rax
  0000000000006D07: 48 83 C1 08        add         rcx,8
  0000000000006D0B: 48 83 EA 01        sub         rdx,1
  0000000000006D0F: 75 EC              jne         0000000000006CFD
  0000000000006D11: 4D 85 C9           test        r9,r9
  0000000000006D14: 74 1E              je          0000000000006D34
  0000000000006D16: 4C 2B C1           sub         r8,rcx
  0000000000006D19: 41 8A 04 08        mov         al,byte ptr [r8+rcx]
  0000000000006D1D: 88 01              mov         byte ptr [rcx],al
  0000000000006D1F: 48 FF C1           inc         rcx
  0000000000006D22: 49 83 E9 01        sub         r9,1
  0000000000006D26: 75 F1              jne         0000000000006D19
  0000000000006D28: EB 0A              jmp         0000000000006D34
  0000000000006D2A: 49 BA 00 00 00 00  mov         r10,8000000000000000h
                    00 00 00 80
  0000000000006D34: 49 8B C2           mov         rax,r10
  0000000000006D37: C3                 ret
InitPseamldrPtCtx:
  0000000000006D38: 48 8B C4           mov         rax,rsp
  0000000000006D3B: 48 89 58 08        mov         qword ptr [rax+8],rbx
  0000000000006D3F: 48 89 68 10        mov         qword ptr [rax+10h],rbp
  0000000000006D43: 48 89 70 18        mov         qword ptr [rax+18h],rsi
  0000000000006D47: 48 89 78 20        mov         qword ptr [rax+20h],rdi
  0000000000006D4B: 41 56              push        r14
  0000000000006D4D: 48 83 EC 20        sub         rsp,20h
  0000000000006D51: 4C 8B F1           mov         r14,rcx
  0000000000006D54: 49 8B D9           mov         rbx,r9
  0000000000006D57: 48 8D 0D CA DB FF  lea         rcx,[??_C@_0BB@LNBLGDOE@InitSeamrrPtCtx?6?$AA@IMHBAIGO@]
                    FF
  0000000000006D5E: 49 8B F8           mov         rdi,r8
  0000000000006D61: 48 8B F2           mov         rsi,rdx
  0000000000006D64: E8 8F FB FF FF     call        ComSerialOut
  0000000000006D69: 48 8D 0D D0 DB FF  lea         rcx,[??_C@_0P@OJPCAKOG@SeamRrBase?3?50x?$AA@IMHBAIGO@]
                    FF
  0000000000006D70: E8 83 FB FF FF     call        ComSerialOut
  0000000000006D75: 48 8B CF           mov         rcx,rdi
  0000000000006D78: E8 B7 FB FF FF     call        printHex
  0000000000006D7D: 48 8D 2D 38 B3 FF  lea         rbp,[??_C@_01EEMJAFIK@?6?$AA@IMHBAIGO@]
                    FF
  0000000000006D84: 48 8B CD           mov         rcx,rbp
  0000000000006D87: E8 6C FB FF FF     call        ComSerialOut
  0000000000006D8C: 48 8D 0D BD DB FF  lea         rcx,[??_C@_0P@BEDEACLC@SeamRrSize?3?50x?$AA@IMHBAIGO@]
                    FF
  0000000000006D93: E8 60 FB FF FF     call        ComSerialOut
  0000000000006D98: 48 8B CB           mov         rcx,rbx
  0000000000006D9B: E8 94 FB FF FF     call        printHex
  0000000000006DA0: 48 8B CD           mov         rcx,rbp
  0000000000006DA3: E8 50 FB FF FF     call        ComSerialOut
  0000000000006DA8: 48 8B 4C 24 50     mov         rcx,qword ptr [rsp+50h]
  0000000000006DAD: 48 2B F7           sub         rsi,rdi
  0000000000006DB0: 49 C7 46 18 04 00  mov         qword ptr [r14+18h],4
                    00 00
  0000000000006DB8: 49 89 76 20        mov         qword ptr [r14+20h],rsi
  0000000000006DBC: 48 8D 81 00 20 00  lea         rax,[rcx+2000h]
                    00
  0000000000006DC3: 48 03 C6           add         rax,rsi
  0000000000006DC6: 49 89 06           mov         qword ptr [r14],rax
  0000000000006DC9: 48 8D 81 00 20 00  lea         rax,[rcx+2000h]
                    00
  0000000000006DD0: 49 89 46 08        mov         qword ptr [r14+8],rax
  0000000000006DD4: 48 8D 0D 85 DB FF  lea         rcx,[??_C@_0BO@CLKNGODK@SeamrrPtCtx?9?$DOPtBaseAddrLa?3?50x?$AA@IMHBAIGO@]
                    FF
  0000000000006DDB: 48 05 00 10 00 00  add         rax,1000h
  0000000000006DE1: 49 89 46 10        mov         qword ptr [r14+10h],rax
  0000000000006DE5: 48 8B 44 24 58     mov         rax,qword ptr [rsp+58h]
  0000000000006DEA: 49 89 46 28        mov         qword ptr [r14+28h],rax
  0000000000006DEE: E8 05 FB FF FF     call        ComSerialOut
  0000000000006DF3: 49 8B 0E           mov         rcx,qword ptr [r14]
  0000000000006DF6: E8 39 FB FF FF     call        printHex
  0000000000006DFB: 48 8B CD           mov         rcx,rbp
  0000000000006DFE: E8 F5 FA FF FF     call        ComSerialOut
  0000000000006E03: 48 8D 0D 76 DB FF  lea         rcx,[??_C@_0BO@ILNDJIIA@SeamrrPtCtx?9?$DOPtBaseAddrPa?3?50x?$AA@IMHBAIGO@]
                    FF
  0000000000006E0A: E8 E9 FA FF FF     call        ComSerialOut
  0000000000006E0F: 49 8B 4E 08        mov         rcx,qword ptr [r14+8]
  0000000000006E13: E8 1C FB FF FF     call        printHex
  0000000000006E18: 48 8B CD           mov         rcx,rbp
  0000000000006E1B: E8 D8 FA FF FF     call        ComSerialOut
  0000000000006E20: 48 8D 0D 79 DB FF  lea         rcx,[??_C@_0BP@PNNIHBNC@SeamrrPtCtx?9?$DOPtAllocatorPa?3?50x?$AA@IMHBAIGO@]
                    FF
  0000000000006E27: E8 CC FA FF FF     call        ComSerialOut
  0000000000006E2C: 49 8B 4E 10        mov         rcx,qword ptr [r14+10h]
  0000000000006E30: E8 FF FA FF FF     call        printHex
  0000000000006E35: 48 8B CD           mov         rcx,rbp
  0000000000006E38: E8 BB FA FF FF     call        ComSerialOut
  0000000000006E3D: 48 8D 0D 7C DB FF  lea         rcx,[??_C@_0CC@DFGILCE@SeamrrPtCtx?9?$DOPagingStructSize?3?50@IMHBAIGO@]
                    FF
  0000000000006E44: E8 AF FA FF FF     call        ComSerialOut
  0000000000006E49: 49 8B 4E 28        mov         rcx,qword ptr [r14+28h]
  0000000000006E4D: E8 E2 FA FF FF     call        printHex
  0000000000006E52: 48 8B CD           mov         rcx,rbp
  0000000000006E55: E8 9E FA FF FF     call        ComSerialOut
  0000000000006E5A: 48 8D 0D 87 DB FF  lea         rcx,[??_C@_0BJ@DMOBKCLP@SeamrrPtCtx?9?$DOVPDelta?3?50x?$AA@IMHBAIGO@]
                    FF
  0000000000006E61: E8 92 FA FF FF     call        ComSerialOut
  0000000000006E66: 49 8B 4E 20        mov         rcx,qword ptr [r14+20h]
  0000000000006E6A: E8 C5 FA FF FF     call        printHex
  0000000000006E6F: 48 8B CD           mov         rcx,rbp
  0000000000006E72: E8 81 FA FF FF     call        ComSerialOut
  0000000000006E77: 48 8B 5C 24 30     mov         rbx,qword ptr [rsp+30h]
  0000000000006E7C: 49 8B C6           mov         rax,r14
  0000000000006E7F: 48 8B 6C 24 38     mov         rbp,qword ptr [rsp+38h]
  0000000000006E84: 48 8B 74 24 40     mov         rsi,qword ptr [rsp+40h]
  0000000000006E89: 48 8B 7C 24 48     mov         rdi,qword ptr [rsp+48h]
  0000000000006E8E: 48 83 C4 20        add         rsp,20h
  0000000000006E92: 41 5E              pop         r14
  0000000000006E94: C3                 ret
  0000000000006E95: CC CC CC                                         ÌÌÌ
MapPage:
  0000000000006E98: 48 8B C4           mov         rax,rsp
  0000000000006E9B: 48 89 58 08        mov         qword ptr [rax+8],rbx
  0000000000006E9F: 48 89 68 10        mov         qword ptr [rax+10h],rbp
  0000000000006EA3: 48 89 70 18        mov         qword ptr [rax+18h],rsi
  0000000000006EA7: 48 89 78 20        mov         qword ptr [rax+20h],rdi
  0000000000006EAB: 41 56              push        r14
  0000000000006EAD: 41 57              push        r15
  0000000000006EAF: 48 8B 41 18        mov         rax,qword ptr [rcx+18h]
  0000000000006EB3: 4C 8B DA           mov         r11,rdx
  0000000000006EB6: 33 D2              xor         edx,edx
  0000000000006EB8: 49 8B D8           mov         rbx,r8
  0000000000006EBB: 83 7C 24 38 01     cmp         dword ptr [rsp+38h],1
  0000000000006EC0: 4C 8B D1           mov         r10,rcx
  0000000000006EC3: 8D 6A 0C           lea         ebp,[rdx+0Ch]
  0000000000006EC6: 75 0B              jne         0000000000006ED3
  0000000000006EC8: 48 FF C8           dec         rax
  0000000000006ECB: 8D 6A 15           lea         ebp,[rdx+15h]
  0000000000006ECE: 49 0F BA E9 07     bts         r9,7
  0000000000006ED3: 4C 8B 01           mov         r8,qword ptr [rcx]
  0000000000006ED6: 4C 8D 78 FF        lea         r15,[rax-1]
  0000000000006EDA: 33 FF              xor         edi,edi
  0000000000006EDC: 4D 85 FF           test        r15,r15
  0000000000006EDF: 0F 84 C3 00 00 00  je          0000000000006FA8
  0000000000006EE5: 45 33 F6           xor         r14d,r14d
  0000000000006EE8: 41 8A 4A 18        mov         cl,byte ptr [r10+18h]
  0000000000006EEC: 49 8B D3           mov         rdx,r11
  0000000000006EEF: 80 C1 FF           add         cl,0FFh
  0000000000006EF2: 8A C1              mov         al,cl
  0000000000006EF4: C0 E0 03           shl         al,3
  0000000000006EF7: 02 C8              add         cl,al
  0000000000006EF9: 41 2A CE           sub         cl,r14b
  0000000000006EFC: 83 C1 0C           add         ecx,0Ch
  0000000000006EFF: 48 D3 EA           shr         rdx,cl
  0000000000006F02: 81 E2 FF 01 00 00  and         edx,1FFh
  0000000000006F08: 8B F2              mov         esi,edx
  0000000000006F0A: 49 83 3C D0 00     cmp         qword ptr [r8+rdx*8],0
  0000000000006F0F: 75 6D              jne         0000000000006F7E
  0000000000006F11: 48 8B 05 70 B9 FF  mov         rax,qword ptr [2888h]
                    FF
  0000000000006F18: 48 8B 0D 21 B8 FF  mov         rcx,qword ptr [2740h]
                    FF
  0000000000006F1F: 49 8B 52 10        mov         rdx,qword ptr [r10+10h]
  0000000000006F23: 48 2B 48 10        sub         rcx,qword ptr [rax+10h]
  0000000000006F27: 48 2B 48 08        sub         rcx,qword ptr [rax+8]
  0000000000006F2B: 48 2B 08           sub         rcx,qword ptr [rax]
  0000000000006F2E: 48 8B 05 03 B8 FF  mov         rax,qword ptr [2738h]
                    FF
  0000000000006F35: 48 05 00 E0 FF FF  add         rax,0FFFFFFFFFFFFE000h
  0000000000006F3B: 48 03 C8           add         rcx,rax
  0000000000006F3E: 48 3B D1           cmp         rdx,rcx
  0000000000006F41: 0F 83 90 00 00 00  jae         0000000000006FD7
  0000000000006F47: 48 83 CA 27        or          rdx,27h
  0000000000006F4B: 80 7C 24 40 00     cmp         byte ptr [rsp+40h],0
  0000000000006F50: 49 89 14 F0        mov         qword ptr [r8+rsi*8],rdx
  0000000000006F54: 74 20              je          0000000000006F76
  0000000000006F56: 49 8B 4A 18        mov         rcx,qword ptr [r10+18h]
  0000000000006F5A: 8B C7              mov         eax,edi
  0000000000006F5C: 48 2B C8           sub         rcx,rax
  0000000000006F5F: 48 83 F9 02        cmp         rcx,2
  0000000000006F63: 75 11              jne         0000000000006F76
  0000000000006F65: 48 B8 00 00 00 00  mov         rax,8000000000000000h
                    00 00 00 80
  0000000000006F6F: 48 0B D0           or          rdx,rax
  0000000000006F72: 49 89 14 F0        mov         qword ptr [r8+rsi*8],rdx
  0000000000006F76: 49 81 42 10 00 10  add         qword ptr [r10+10h],1000h
                    00 00
  0000000000006F7E: 48 8B 15 93 B7 FF  mov         rdx,qword ptr [2718h]
                    FF
  0000000000006F85: FF C7              inc         edi
  0000000000006F87: 49 23 14 F0        and         rdx,qword ptr [r8+rsi*8]
  0000000000006F8B: 41 83 C6 09        add         r14d,9
  0000000000006F8F: 4D 8B 42 20        mov         r8,qword ptr [r10+20h]
  0000000000006F93: 48 81 E2 00 F0 FF  and         rdx,0FFFFFFFFFFFFF000h
                    FF
  0000000000006F9A: 4C 03 C2           add         r8,rdx
  0000000000006F9D: 8B C7              mov         eax,edi
  0000000000006F9F: 49 3B C7           cmp         rax,r15
  0000000000006FA2: 0F 82 40 FF FF FF  jb          0000000000006EE8
  0000000000006FA8: 49 0B D9           or          rbx,r9
  0000000000006FAB: 8B CD              mov         ecx,ebp
  0000000000006FAD: 49 D3 EB           shr         r11,cl
  0000000000006FB0: 48 8B C2           mov         rax,rdx
  0000000000006FB3: 41 81 E3 FF 01 00  and         r11d,1FFh
                    00
  0000000000006FBA: 4B 89 1C D8        mov         qword ptr [r8+r11*8],rbx
  0000000000006FBE: 48 8B 5C 24 18     mov         rbx,qword ptr [rsp+18h]
  0000000000006FC3: 48 8B 6C 24 20     mov         rbp,qword ptr [rsp+20h]
  0000000000006FC8: 48 8B 74 24 28     mov         rsi,qword ptr [rsp+28h]
  0000000000006FCD: 48 8B 7C 24 30     mov         rdi,qword ptr [rsp+30h]
  0000000000006FD2: 41 5F              pop         r15
  0000000000006FD4: 41 5E              pop         r14
  0000000000006FD6: C3                 ret
  0000000000006FD7: 33 C0              xor         eax,eax
  0000000000006FD9: EB E3              jmp         0000000000006FBE
  0000000000006FDB: CC                                               Ì
InterlockedCompareExchange8:
  0000000000006FDC: 41 8A C0           mov         al,r8b
  0000000000006FDF: F0 0F B0 11        lock cmpxchg byte ptr [rcx],dl
  0000000000006FE3: C3                 ret
CpuidEx:
  0000000000006FE4: 40 53              push        rbx
  0000000000006FE6: 48 83 EC 10        sub         rsp,10h
  0000000000006FEA: 44 8B D1           mov         r10d,ecx
  0000000000006FED: 8B C1              mov         eax,ecx
  0000000000006FEF: 8B CA              mov         ecx,edx
  0000000000006FF1: 0F A2              cpuid
  0000000000006FF3: 4D 85 C0           test        r8,r8
  0000000000006FF6: 74 03              je          0000000000006FFB
  0000000000006FF8: 41 89 00           mov         dword ptr [r8],eax
  0000000000006FFB: 4D 85 C9           test        r9,r9
  0000000000006FFE: 74 03              je          0000000000007003
  0000000000007000: 41 89 19           mov         dword ptr [r9],ebx
  0000000000007003: 48 8B 44 24 40     mov         rax,qword ptr [rsp+40h]
  0000000000007008: 48 85 C0           test        rax,rax
  000000000000700B: 74 02              je          000000000000700F
  000000000000700D: 89 08              mov         dword ptr [rax],ecx
  000000000000700F: 48 8B 44 24 48     mov         rax,qword ptr [rsp+48h]
  0000000000007014: 48 85 C0           test        rax,rax
  0000000000007017: 74 02              je          000000000000701B
  0000000000007019: 89 10              mov         dword ptr [rax],edx
  000000000000701B: 41 8B C2           mov         eax,r10d
  000000000000701E: 48 83 C4 10        add         rsp,10h
  0000000000007022: 5B                 pop         rbx
  0000000000007023: C3                 ret
RdSeed16:
  0000000000007024: 66 0F C7 F8        rdseed      ax
  0000000000007028: 66 89 01           mov         word ptr [rcx],ax
  000000000000702B: B9 01 00 00 00     mov         ecx,1
  0000000000007030: 8D 41 FF           lea         eax,[rcx-1]
  0000000000007033: 0F 42 C1           cmovb       eax,ecx
  0000000000007036: C3                 ret
  0000000000007037: CC                                               Ì
RelocateImage:
  0000000000007038: 48 89 5C 24 08     mov         qword ptr [rsp+8],rbx
  000000000000703D: 48 89 6C 24 10     mov         qword ptr [rsp+10h],rbp
  0000000000007042: 48 89 74 24 18     mov         qword ptr [rsp+18h],rsi
  0000000000007047: 57                 push        rdi
  0000000000007048: 48 83 EC 20        sub         rsp,20h
  000000000000704C: 33 ED              xor         ebp,ebp
  000000000000704E: 48 8B F2           mov         rsi,rdx
  0000000000007051: 66 3B 69 3C        cmp         bp,word ptr [rcx+3Ch]
  0000000000007055: 44 8B C5           mov         r8d,ebp
  0000000000007058: 8B FD              mov         edi,ebp
  000000000000705A: 48 8B D9           mov         rbx,rcx
  000000000000705D: 73 34              jae         0000000000007093
  000000000000705F: 0F B7 53 3A        movzx       edx,word ptr [rbx+3Ah]
  0000000000007063: 8B C7              mov         eax,edi
  0000000000007065: 48 0F AF D0        imul        rdx,rax
  0000000000007069: 48 03 53 28        add         rdx,qword ptr [rbx+28h]
  000000000000706D: 48 03 D3           add         rdx,rbx
  0000000000007070: 83 7A 04 04        cmp         dword ptr [rdx+4],4
  0000000000007074: 75 13              jne         0000000000007089
  0000000000007076: 4C 8B C6           mov         r8,rsi
  0000000000007079: 48 8B CB           mov         rcx,rbx
  000000000000707C: E8 2B 00 00 00     call        RelocateSection
  0000000000007081: 4C 8B C0           mov         r8,rax
  0000000000007084: 48 85 C0           test        rax,rax
  0000000000007087: 75 0D              jne         0000000000007096
  0000000000007089: 0F B7 4B 3C        movzx       ecx,word ptr [rbx+3Ch]
  000000000000708D: FF C7              inc         edi
  000000000000708F: 3B F9              cmp         edi,ecx
  0000000000007091: EB CA              jmp         000000000000705D
  0000000000007093: 49 8B C0           mov         rax,r8
  0000000000007096: 48 8B 5C 24 30     mov         rbx,qword ptr [rsp+30h]
  000000000000709B: 48 8B 6C 24 38     mov         rbp,qword ptr [rsp+38h]
  00000000000070A0: 48 8B 74 24 40     mov         rsi,qword ptr [rsp+40h]
  00000000000070A5: 48 83 C4 20        add         rsp,20h
  00000000000070A9: 5F                 pop         rdi
  00000000000070AA: C3                 ret
  00000000000070AB: CC                                               Ì
RelocateSection:
  00000000000070AC: 40 53              push        rbx
  00000000000070AE: 48 83 EC 20        sub         rsp,20h
  00000000000070B2: 4C 8B 4A 38        mov         r9,qword ptr [rdx+38h]
  00000000000070B6: 45 33 D2           xor         r10d,r10d
  00000000000070B9: 4C 8B DA           mov         r11,rdx
  00000000000070BC: 48 8B D9           mov         rbx,rcx
  00000000000070BF: 4D 85 C9           test        r9,r9
  00000000000070C2: 75 0C              jne         00000000000070D0
  00000000000070C4: 48 B8 00 00 00 00  mov         rax,8000000000000000h
                    00 00 00 80
  00000000000070CE: EB 45              jmp         0000000000007115
  00000000000070D0: 49 8B 43 20        mov         rax,qword ptr [r11+20h]
  00000000000070D4: 33 D2              xor         edx,edx
  00000000000070D6: 49 F7 F1           div         rax,r9
  00000000000070D9: 48 85 C0           test        rax,rax
  00000000000070DC: 74 35              je          0000000000007113
  00000000000070DE: 4D 0F AF CA        imul        r9,r10
  00000000000070E2: 4D 03 4B 10        add         r9,qword ptr [r11+10h]
  00000000000070E6: 49 83 7C 19 08 08  cmp         qword ptr [r9+rbx+8],8
  00000000000070EC: 75 2D              jne         000000000000711B
  00000000000070EE: 49 8B 04 19        mov         rax,qword ptr [r9+rbx]
  00000000000070F2: 33 D2              xor         edx,edx
  00000000000070F4: 49 8B 4C 19 10     mov         rcx,qword ptr [r9+rbx+10h]
  00000000000070F9: 49 FF C2           inc         r10
  00000000000070FC: 49 03 C8           add         rcx,r8
  00000000000070FF: 48 89 0C 03        mov         qword ptr [rbx+rax],rcx
  0000000000007103: 4D 8B 4B 38        mov         r9,qword ptr [r11+38h]
  0000000000007107: 49 8B 43 20        mov         rax,qword ptr [r11+20h]
  000000000000710B: 49 F7 F1           div         rax,r9
  000000000000710E: 4C 3B D0           cmp         r10,rax
  0000000000007111: 72 CB              jb          00000000000070DE
  0000000000007113: 33 C0              xor         eax,eax
  0000000000007115: 48 83 C4 20        add         rsp,20h
  0000000000007119: 5B                 pop         rbx
  000000000000711A: C3                 ret
  000000000000711B: 48 8D 0D E6 D8 FF  lea         rcx,[??_C@_0BK@NEODFFAE@Unsupported?5relocation?$CB?$CB?6?$AA@IMHBAIGO@]
                    FF
  0000000000007122: E8 D1 F7 FF FF     call        ComSerialOut
  0000000000007127: EB 9B              jmp         00000000000070C4
  0000000000007129: CC CC CC                                         ÌÌÌ
memset:
  000000000000712C: 48 8B C4           mov         rax,rsp
  000000000000712F: 53                 push        rbx
  0000000000007130: 48 83 EC 20        sub         rsp,20h
  0000000000007134: 88 50 10           mov         byte ptr [rax+10h],dl
  0000000000007137: 48 8B D9           mov         rbx,rcx
  000000000000713A: 88 50 11           mov         byte ptr [rax+11h],dl
  000000000000713D: 88 50 12           mov         byte ptr [rax+12h],dl
  0000000000007140: 88 50 13           mov         byte ptr [rax+13h],dl
  0000000000007143: 8B 50 10           mov         edx,dword ptr [rax+10h]
  0000000000007146: E8 49 00 00 00     call        fillMemory
  000000000000714B: 48 8B C3           mov         rax,rbx
  000000000000714E: 48 83 C4 20        add         rsp,20h
  0000000000007152: 5B                 pop         rbx
  0000000000007153: C3                 ret
  0000000000007154: 89 54 24 10        mov         dword ptr [rsp+10h],edx
  0000000000007158: 57                 push        rdi
  0000000000007159: 48 83 EC 20        sub         rsp,20h
  000000000000715D: 41 8B C0           mov         eax,r8d
  0000000000007160: 4C 8B D1           mov         r10,rcx
  0000000000007163: C1 E8 02           shr         eax,2
  0000000000007166: 85 C0              test        eax,eax
  0000000000007168: 74 11              je          000000000000717B
  000000000000716A: 44 8B C8           mov         r9d,eax
  000000000000716D: 48 8B F9           mov         rdi,rcx
  0000000000007170: 8B C2              mov         eax,edx
  0000000000007172: 41 8B C9           mov         ecx,r9d
  0000000000007175: F3 AB              rep stos    dword ptr [rdi]
  0000000000007177: 4F 8D 14 8A        lea         r10,[r10+r9*4]
  000000000000717B: 41 83 E0 03        and         r8d,3
  000000000000717F: 76 0D              jbe         000000000000718E
  0000000000007181: 48 8D 54 24 38     lea         rdx,[rsp+38h]
  0000000000007186: 49 8B CA           mov         rcx,r10
  0000000000007189: E8 E6 FA FF FF     call        memcpy
  000000000000718E: 48 83 C4 20        add         rsp,20h
  0000000000007192: 5F                 pop         rdi
  0000000000007193: C3                 ret
fillMemory:
  0000000000007194: E9 BB FF FF FF     jmp         0000000000007154

RAW DATA #3
  0000000000005000: C8 28 00 00 48 89 4D F8 48 8B 4D F8 4C 89 01 4C  È(..H.MøH.MøL..L
  0000000000005010: 89 49 08 4C 89 51 10 4C 89 59 18 4C 89 61 20 41  .I.L.Q.L.Y.L.a A
  0000000000005020: BD 00 00 00 00 41 BE 00 00 00 00 41 BF 00 00 00  ½....A¾....A¿...
  0000000000005030: 00 48 83 E4 F0 48 83 EC 20 E8 B2 02 00 00 48 8B  .H.äðH.ì è²...H.
  0000000000005040: 4D F8 0F 01 91 8A 00 00 00 66 8B 41 34 8E C0 8E  Mø.......f.A4.À.
  0000000000005050: D8 66 8B 41 36 8E E0 66 8B 41 38 8E E8 66 8B 41  Øf.A6.àf.A8.èf.A
  0000000000005060: 3A 8E D0 8B 41 3C 50 48 B8 74 50 00 00 00 00 00  :.Ð.A<PH¸tP.....
  0000000000005070: 00 50 48 CB 0F 01 51 4C 0F 20 E2 81 E2 FF FF FD  .PHË..QL. â.âÿÿý
  0000000000005080: FF 0F 22 E2 48 31 D2 8B 51 30 81 E2 80 10 00 00  ÿ."âH1Ò.Q0.â....
  0000000000005090: 81 CA 20 40 00 00 0F 22 E2 0F 20 C2 81 E2 FF FF  .Ê @..."â. Â.âÿÿ
  00000000000050A0: FE FF 0F 22 C2 48 8B 59 56 4C 8B 41 28 4C 8B 49  þÿ."ÂH.YVL.A(L.I
  00000000000050B0: 66 BA 00 00 00 00 B8 03 00 00 00 6A 02 9D 0F 01  fº....¸....j....
  00000000000050C0: 59 42 BF 00 00 00 00 BE 00 00 00 00 B9 00 00 00  YB¿....¾....¹...
  00000000000050D0: 00 BD 00 00 00 00 BC 00 00 00 00 41 BA 00 00 00  .½....¼....Aº...
  00000000000050E0: 00 41 BB 00 00 00 00 41 BC 00 00 00 00 41 BD 00  .A»....A¼....A½.
  00000000000050F0: 00 00 00 41 BE 00 00 00 00 41 BF 00 00 00 00 48  ...A¾....A¿....H
  0000000000005100: 0F 37 EB FE CC CC CC CC CC CC CC CC CC CC CC CC  .7ëþÌÌÌÌÌÌÌÌÌÌÌÌ
  0000000000005110: 53 51 52 8A 05 E7 BE FF FF 3C FF 75 34 B8 00 00  SQR..ç¾ÿÿ<ÿu4¸..
  0000000000005120: 00 00 0F A2 83 F8 07 7C 1F B8 07 00 00 00 B9 00  ...¢.ø.|.¸....¹.
  0000000000005130: 00 00 00 0F A2 F7 C1 00 00 00 10 74 0B C6 05 BC  ....¢÷Á....t.Æ.¼
  0000000000005140: BE FF FF 01 B0 01 EB 09 C6 05 B1 BE FF FF 00 B0  ¾ÿÿ.°.ë.Æ.±¾ÿÿ.°
  0000000000005150: 00 5A 59 5B C3 66 0F 38 F8 37 C3 50 48 8B 06 48  .ZY[Ãf.8ø7ÃPH..H
  0000000000005160: 89 07 48 8B 46 08 48 89 47 08 48 8B 46 10 48 89  ..H.F.H.G.H.F.H.
  0000000000005170: 47 10 48 8B 46 18 48 89 47 18 48 8B 46 20 48 89  G.H.F.H.G.H.F H.
  0000000000005180: 47 20 48 8B 46 28 48 89 47 28 48 8B 46 30 48 89  G H.F(H.G(H.F0H.
  0000000000005190: 47 30 48 8B 46 38 48 89 47 38 58 C3 57 56 48 89  G0H.F8H.G8XÃWVH.
  00000000000051A0: CE 48 89 D7 E8 67 FF FF FF 84 C0 74 07 E8 A3 FF  ÎH.×ègÿÿÿ.Àt.è£ÿ
  00000000000051B0: FF FF EB 05 E8 A2 FF FF FF 5E 5F C3 48 89 5C 24  ÿÿë.è¢ÿÿÿ^_ÃH.\$
  00000000000051C0: 08 57 48 83 EC 30 83 64 24 28 00 BA 00 00 D2 FE  .WH.ì0.d$(.º..Òþ
  00000000000051D0: 83 64 24 20 00 41 B9 01 00 00 00 41 B8 F8 0D 00  .d$ .A¹....A¸ø..
  00000000000051E0: 00 48 8B F9 E8 8B 02 00 00 48 8B D8 48 83 F8 FF  .H.ùè....H.ØH.øÿ
  00000000000051F0: 75 05 E8 E9 01 00 00 C6 83 A8 03 00 00 00 8A 8B  u.èé...Æ.¨......
  0000000000005200: A8 03 00 00 88 4C 24 48 E8 D7 01 00 00 8A 44 24  ¨....L$Hè×....D$
  0000000000005210: 48 84 C0 74 08 8A 44 24 48 3C FF 75 E1 8A 03 88  H.Àt..D$H<ÿuá...
  0000000000005220: 05 DB CD FF FF 8A 05 D5 CD FF FF A8 01 75 20 C6  .ÛÍÿÿ..ÕÍÿÿ¨.u Æ
  0000000000005230: 43 48 00 8A 43 48 88 44 24 48 E8 A5 01 00 00 8A  CH..CH.D$Hè¥....
  0000000000005240: 44 24 48 84 C0 74 08 8A 44 24 48 3C FF 75 E4 45  D$H.Àt..D$H<ÿuäE
  0000000000005250: 33 C0 48 8B D3 48 8B CF 48 8B 5C 24 40 48 83 C4  3ÀH.ÓH.ÏH.\$@H.Ä
  0000000000005260: 30 5F E9 65 03 00 00 CC 48 89 5C 24 08 57 48 83  0_ée...ÌH.\$.WH.
  0000000000005270: EC 30 83 64 24 28 00 BA 00 00 D2 FE 83 64 24 20  ì0.d$(.º..Òþ.d$ 
  0000000000005280: 00 41 B9 01 00 00 00 41 B8 F8 0D 00 00 48 8B F9  .A¹....A¸ø...H.ù
  0000000000005290: E8 DF 01 00 00 48 8B D8 48 83 F8 FF 75 05 E8 3D  èß...H.ØH.øÿu.è=
  00000000000052A0: 01 00 00 8A 0D 57 CD FF FF F6 C1 01 74 34 C6 83  .....WÍÿÿöÁ.t4Æ.
  00000000000052B0: 90 03 00 00 00 8A 83 90 03 00 00 88 44 24 48 E8  ............D$Hè
  00000000000052C0: 20 01 00 00 8A 44 24 48 84 C0 74 08 8A 44 24 48   ....D$H.Àt..D$H
  00000000000052D0: 3C FF 75 E1 45 33 C0 48 8B D3 48 8B CF E8 EA 02  <ÿuáE3ÀH.ÓH.Ïèê.
  00000000000052E0: 00 00 48 8B 5C 24 40 48 83 C4 30 5F C3 CC CC CC  ..H.\$@H.Ä0_ÃÌÌÌ
  00000000000052F0: 48 89 5C 24 08 57 48 83 EC 20 48 8B D9 E8 3A 03  H.\$.WH.ì H.Ùè:.
  0000000000005300: 00 00 0F B7 43 40 48 8B 7B 5E 66 89 43 42 48 8B  ...·C@H.{^f.CBH.
  0000000000005310: CF 48 8B 43 20 48 89 43 44 48 8B 43 08 48 89 43  ÏH.C H.CDH.C.H.C
  0000000000005320: 4E 48 8B 43 10 48 89 43 56 48 8B 43 18 48 89 43  NH.C.H.CVH.C.H.C
  0000000000005330: 28 E8 86 FE FF FF 8B 43 30 25 00 10 00 00 F7 D8  (è.þÿÿ.C0%....÷Ø
  0000000000005340: 48 B8 00 00 00 00 00 80 00 FF 48 1B D2 48 23 D0  H¸.......ÿH.ÒH#Ð
  0000000000005350: 48 B8 00 00 00 00 00 80 FF FF 48 03 D0 48 8B C2  H¸......ÿÿH.ÐH.Â
  0000000000005360: 48 23 43 56 74 0A 48 3B C2 74 05 E8 70 00 00 00  H#CVt.H;Ât.èp...
  0000000000005370: 48 8B D7 48 8B CB E8 D9 06 00 00 48 8B CF E8 E5  H.×H.ËèÙ...H.Ïèå
  0000000000005380: FE FF FF 48 8D 15 76 D5 FF FF B8 FF 0F 00 00 66  þÿÿH..vÕÿÿ¸ÿ...f
  0000000000005390: 89 83 8A 00 00 00 0F B7 43 34 48 89 93 8C 00 00  .......·C4H.....
  00000000000053A0: 00 48 8B 0D 50 D2 FF FF 48 89 0C 10 0F B7 43 36  .H..PÒÿÿH....·C6
  00000000000053B0: 48 89 0C 10 0F B7 43 38 48 89 0C 10 0F B7 43 3A  H....·C8H....·C:
  00000000000053C0: 48 89 0C 10 8B 4B 3C 48 8B 05 32 D2 FF FF 48 8B  H....K<H..2ÒÿÿH.
  00000000000053D0: 5C 24 30 48 89 04 11 48 83 C4 20 5F C3 CC CC CC  \$0H...H.Ä _ÃÌÌÌ
  00000000000053E0: 0F 0B C3 CC F3 90 C3 CC 45 33 D2 4C 39 11 74 02  ..ÃÌó.ÃÌE3ÒL9.t.
  00000000000053F0: 0F 0B 41 83 F8 01 48 89 11 B8 02 00 00 00 44 0F  ..A.ø.H..¸....D.
  0000000000005400: 44 D0 8B C2 83 E0 FD 44 0B D0 41 81 CA E1 00 00  DÐ.Â.àýD.ÐA.Êá..
  0000000000005410: 00 44 89 11 41 83 F9 01 75 09 41 81 E2 E7 EF FF  .D..A.ù.u.A.âçïÿ
  0000000000005420: FF EB 07 41 81 CA 18 10 00 00 44 89 11 C3 CC CC  ÿë.A.Ê....D..ÃÌÌ
  0000000000005430: 45 33 D2 4C 39 11 74 02 0F 0B 41 83 F8 01 48 89  E3ÒL9.t...A.ø.H.
  0000000000005440: 11 B8 02 00 00 00 44 0F 44 D0 8B C2 83 E0 FD 44  .¸....D.DÐ.Â.àýD
  0000000000005450: 0B D0 41 83 CA 61 44 89 11 41 83 F9 01 75 09 41  .ÐA.ÊaD..A.ù.u.A
  0000000000005460: 81 E2 67 FF FF FF EB 07 41 81 CA 98 00 00 00 44  .âgÿÿÿë.A.Ê....D
  0000000000005470: 89 11 C3 CC 48 89 5C 24 08 48 89 6C 24 10 48 89  ..ÃÌH.\$.H.l$.H.
  0000000000005480: 74 24 18 57 41 56 41 57 48 83 EC 20 83 7C 24 60  t$.WAVAWH.ì .|$`
  0000000000005490: 01 41 8B E9 4C 8B D2 4C 8B D9 48 8B FA 0F 85 8D  .A.éL.ÒL.ÙH.ú...
  00000000000054A0: 00 00 00 B8 FF FF 1F 00 48 C7 C1 00 00 E0 FF 4C  ...¸ÿÿ..HÇÁ..àÿL
  00000000000054B0: 23 D0 48 23 F9 44 8D 78 01 4B 8D 14 02 48 85 D0  #ÐH#ùD.x.K...H.Ð
  00000000000054C0: 74 06 48 23 D1 49 03 D7 41 8B 4B 24 48 C1 EA 15  t.H#ÑI.×A.K$HÁê.
  00000000000054D0: 8D 04 11 3D 00 02 00 00 76 15 48 8D 0D 27 CB FF  ...=....v.H..'Ëÿ
  00000000000054E0: FF E8 12 14 00 00 48 83 C8 FF E9 C1 00 00 00 4D  ÿè....H.ÈÿéÁ...M
  00000000000054F0: 8B 73 08 C1 E1 15 8B D9 49 03 5B 18 49 03 DA 85  .s.Áá..ÙI.[.I.Ú.
  0000000000005500: D2 0F 84 A6 00 00 00 8B F2 41 8B 43 24 44 8B C5  Ò..¦....òA.C$D.Å
  0000000000005510: 44 8B 4C 24 68 48 8B D7 49 8D 0C C6 E8 C7 FE FF  D.L$hH.×I..ÆèÇþÿ
  0000000000005520: FF 41 FF 43 24 49 03 FF 48 83 EE 01 75 DB EB 7D  ÿAÿC$I.ÿH.î.uÛë}
  0000000000005530: B8 FF 0F 00 00 48 C7 C2 00 F0 FF FF 4C 23 D0 48  ¸ÿ...HÇÂ.ðÿÿL#ÐH
  0000000000005540: 23 FA 44 8D 78 01 4B 8D 0C 02 48 85 C8 74 06 48  #úD.x.K...H.Èt.H
  0000000000005550: 23 CA 49 03 CF 41 8B 53 20 48 C1 E9 0C 8D 04 0A  #ÊI.ÏA.S HÁé....
  0000000000005560: 3D 00 02 00 00 76 0C 48 8D 0D CA CA FF FF E9 6E  =....v.H..ÊÊÿÿén
  0000000000005570: FF FF FF 4D 8B 33 C1 E2 0C 8B DA 49 03 5B 10 49  ÿÿÿM.3Áâ..ÚI.[.I
  0000000000005580: 03 DA 85 C9 74 27 8B F1 41 8B 4B 20 44 8B C5 44  .Ú.Ét'.ñA.K D.ÅD
  0000000000005590: 8B 4C 24 68 48 8B D7 49 8D 0C CE E8 90 FE FF FF  .L$hH.×I..Îè.þÿÿ
  00000000000055A0: 41 FF 43 20 49 03 FF 48 83 EE 01 75 DB 48 8B C3  AÿC I.ÿH.î.uÛH.Ã
  00000000000055B0: 48 8B 5C 24 40 48 8B 6C 24 48 48 8B 74 24 50 48  H.\$@H.l$HH.t$PH
  00000000000055C0: 83 C4 20 41 5F 41 5E 5F C3 CC CC CC 45 84 C0 4C  .Ä A_A^_ÃÌÌÌE.ÀL
  00000000000055D0: 8B C2 74 0A 48 83 C1 08 49 C1 E8 15 EB 04 49 C1  .Ât.H.Á.IÁè.ë.IÁ
  00000000000055E0: E8 0C 48 8B 01 41 81 E0 FF 01 00 00 4A 83 24 C0  è.H..A.àÿ...J.$À
  00000000000055F0: 00 0F 01 3A C3 CC CC CC 40 53 48 83 EC 20 48 83  ...:ÃÌÌÌ@SH.ì H.
  0000000000005600: 64 24 30 00 B3 0A 48 8D 4C 24 30 E8 64 13 00 00  d$0.³.H.L$0èd...
  0000000000005610: 85 C0 75 09 80 C3 FF F3 90 75 EB EB 0B 48 8B 44  .Àu..Ãÿó.uëë.H.D
  0000000000005620: 24 30 48 83 C4 20 5B C3 E8 03 00 00 00 CC CC CC  $0H.Ä [Ãè....ÌÌÌ
  0000000000005630: 48 83 EC 28 E8 A7 FD FF FF EB F9 CC 48 83 EC 28  H.ì(è§ýÿÿëùÌH.ì(
  0000000000005640: E8 B3 FF FF FF 48 85 C0 74 0C 48 89 05 17 CA FF  è³ÿÿÿH.Àt.H...Êÿ
  0000000000005650: FF 48 83 C4 28 C3 E8 D5 FF FF FF CC 48 83 EC 38  ÿH.Ä(ÃèÕÿÿÿÌH.ì8
  0000000000005660: 45 33 C9 48 8D 44 24 40 48 89 44 24 28 45 33 C0  E3ÉH.D$@H.D$(E3À
  0000000000005670: 48 83 64 24 20 00 41 8D 51 01 8D 4A 1E E8 62 19  H.d$ .A.Q..J.èb.
  0000000000005680: 00 00 8B 44 24 40 48 83 C4 38 C3 CC 48 8B 05 F5  ...D$@H.Ä8ÃÌH..õ
  0000000000005690: D1 FF FF 4C 8B C1 48 8B 0D 6B D0 FF FF 44 8B CA  ÑÿÿL.ÁH..kÐÿÿD.Ê
  00000000000056A0: 48 2B 48 08 48 8B 50 08 48 81 E9 00 10 00 00 E9  H+H.H.P.H.é....é
  00000000000056B0: 04 16 00 00 48 8B C4 48 89 58 08 48 89 68 10 48  ....H.ÄH.X.H.h.H
  00000000000056C0: 89 70 18 48 89 78 20 41 56 48 83 EC 30 48 8B 1D  .p.H.x AVH.ì0H..
  00000000000056D0: 3C D0 FF FF 48 B8 00 00 00 00 00 80 FF FF 4C 8B  <ÐÿÿH¸......ÿÿL.
  00000000000056E0: 05 5B D0 FF FF 48 0B D8 48 8B 05 99 D1 FF FF 8B  .[ÐÿÿH.ØH...Ñÿÿ.
  00000000000056F0: EA 48 8B 35 40 D0 FF FF 33 FF 48 81 C6 00 F0 FF  êH.5@Ðÿÿ3ÿH.Æ.ðÿ
  0000000000005700: FF C1 ED 0C 4C 8B F1 4C 2B 40 08 49 03 F0 85 ED  ÿÁí.L.ñL+@.I.ð.í
  0000000000005710: 74 37 C6 44 24 28 00 41 B9 21 00 00 00 83 64 24  t7ÆD$(.A¹!....d$
  0000000000005720: 20 00 4C 8B C6 48 8B D3 49 8B CE E8 68 17 00 00   .L.ÆH.ÓI.Îèh...
  0000000000005730: 48 85 C0 74 31 48 81 C3 00 10 00 00 48 81 C6 00  H.Àt1H.Ã....H.Æ.
  0000000000005740: 10 00 00 FF C7 3B FD 72 C9 33 C0 48 8B 5C 24 40  ...ÿÇ;ýrÉ3ÀH.\$@
  0000000000005750: 48 8B 6C 24 48 48 8B 74 24 50 48 8B 7C 24 58 48  H.l$HH.t$PH.|$XH
  0000000000005760: 83 C4 30 41 5E C3 48 B8 02 00 01 00 00 00 00 80  .Ä0A^ÃH¸........
  0000000000005770: EB D9 CC CC 48 8B C4 48 89 58 08 48 89 68 10 48  ëÙÌÌH.ÄH.X.H.h.H
  0000000000005780: 89 70 18 48 89 78 20 41 55 41 56 41 57 48 83 EC  .p.H.x AUAVAWH.ì
  0000000000005790: 30 48 8B 3D 78 CF FF FF 48 B8 00 00 00 00 02 00  0H.=xÏÿÿH¸......
  00000000000057A0: 00 00 4C 8B 05 9F CF FF FF 48 0B F8 4C 8B 35 8D  ..L...ÏÿÿH.øL.5.
  00000000000057B0: CF FF FF 33 ED 48 8B 15 7C CF FF FF 49 8B C6 4C  Ïÿÿ3íH..|ÏÿÿI.ÆL
  00000000000057C0: 8B F9 48 8B DA 49 2B 40 38 49 B9 63 00 00 00 00  .ùH.ÚI+@8I¹c....
  00000000000057D0: 00 00 80 48 A9 00 00 E0 FF 76 6C 48 8D B2 00 00  ...H©..àÿvlH.²..
  00000000000057E0: 20 00 41 BD 00 00 20 00 49 3B 70 30 77 52 C6 44   .A½.. .I;p0wRÆD
  00000000000057F0: 24 28 00 4C 8B C3 48 8B D7 C7 44 24 20 01 00 00  $(.L.ÃH.×ÇD$ ...
  0000000000005800: 00 49 8B CF E8 8F 16 00 00 48 85 C0 0F 84 D9 00  .I.Ïè....H.À..Ù.
  0000000000005810: 00 00 4C 8B 05 2F CF FF FF FF C5 49 8B CE 8B C5  ..L../ÏÿÿÿÅI.Î.Å
  0000000000005820: 49 03 FD 49 03 DD 49 03 F5 49 B9 63 00 00 00 00  I.ýI.ÝI.õI¹c....
  0000000000005830: 00 00 80 49 2B 48 38 48 C1 E9 15 48 3B C1 72 A8  ...I+H8HÁé.H;Ár¨
  0000000000005840: 48 8B 15 F1 CE FF FF 48 8B 0D F2 CE FF FF 49 2B  H..ñÎÿÿH..òÎÿÿI+
  0000000000005850: 48 38 48 8D 04 11 48 3B D8 73 6F 48 2B CB 33 ED  H8H...H;ØsoH+Ë3í
  0000000000005860: 48 03 CA 48 F7 C1 00 F0 FF FF 76 5E 48 8B F3 48  H.ÊH÷Á.ðÿÿv^H.óH
  0000000000005870: 2B F7 4C 8D 04 3E C6 44 24 28 00 83 64 24 20 00  +÷L..>ÆD$(..d$ .
  0000000000005880: 48 8B D7 49 8B CF E8 0D 16 00 00 48 85 C0 74 5B  H.×I.Ïè....H.Àt[
  0000000000005890: 48 8B 05 B1 CE FF FF FF C5 48 8B 0D A0 CE FF FF  H..±ÎÿÿÿÅH...Îÿÿ
  00000000000058A0: 48 81 C7 00 10 00 00 49 B9 63 00 00 00 00 00 00  H.Ç....I¹c......
  00000000000058B0: 80 48 2B 48 38 48 2B CB 8B C5 48 03 0D 77 CE FF  .H+H8H+Ë.ÅH..wÎÿ
  00000000000058C0: FF 48 C1 E9 0C 48 3B C1 72 A8 33 C0 48 8B 5C 24  ÿHÁé.H;Ár¨3ÀH.\$
  00000000000058D0: 50 48 8B 6C 24 58 48 8B 74 24 60 48 8B 7C 24 68  PH.l$XH.t$`H.|$h
  00000000000058E0: 48 83 C4 30 41 5F 41 5E 41 5D C3 48 B8 02 00 01  H.Ä0A_A^A]ÃH¸...
  00000000000058F0: 00 00 00 00 80 EB D5 CC 40 53 48 83 EC 30 48 8B  .....ëÕÌ@SH.ì0H.
  0000000000005900: 05 3B CE FF FF 33 DB 4C 8B 05 2A CE FF FF 48 05  .;Îÿÿ3ÛL..*ÎÿÿH.
  0000000000005910: 00 F0 FF FF 48 8B 15 F5 CD FF FF 4C 03 C0 48 B8  .ðÿÿH..õÍÿÿL.ÀH¸
  0000000000005920: 00 00 FF FF 03 80 FF FF 88 5C 24 28 48 0B D0 89  ..ÿÿ..ÿÿ.\$(H.Ð.
  0000000000005930: 5C 24 20 49 B9 21 00 00 00 00 00 00 80 E8 56 15  \$ I¹!.......èV.
  0000000000005940: 00 00 48 85 C0 75 16 48 8D 0D 22 C7 FF FF 48 BB  ..H.Àu.H.."ÇÿÿH»
  0000000000005950: 02 00 01 00 00 00 00 80 E8 9B 0F 00 00 48 8B C3  ........è....H.Ã
  0000000000005960: 48 83 C4 30 5B C3 CC CC 48 8B C4 48 89 58 08 48  H.Ä0[ÃÌÌH.ÄH.X.H
  0000000000005970: 89 70 10 48 89 78 18 55 48 81 EC A0 00 00 00 48  .p.H.x.UH.ì....H
  0000000000005980: 8D 68 B8 48 83 E5 C0 48 8B F2 48 8B F9 33 D2 48  .h¸H.åÀH.òH.ù3ÒH
  0000000000005990: 8D 4D 00 44 8D 42 40 E8 90 17 00 00 48 C1 EE 06  .M.D.B@è....HÁî.
  00000000000059A0: 33 DB 48 85 F6 74 19 48 8B D7 48 8D 4D 00 E8 E9  3ÛH.öt.H.×H.M.èé
  00000000000059B0: F7 FF FF FF C3 48 83 C7 40 8B C3 48 3B C6 72 E7  ÷ÿÿÿÃH.Ç@.ÃH;Ærç
  00000000000059C0: 0F AE F8 4C 8D 9C 24 A0 00 00 00 49 8B 5B 10 49  .®øL..$....I.[.I
  00000000000059D0: 8B 73 18 49 8B 7B 20 49 8B E3 5D C3 48 83 C9 01  .s.I.{ I.ã]ÃH.É.
  00000000000059E0: 48 8B D1 B9 02 14 00 00 E9 A7 0F 00 00 CC CC CC  H.Ñ¹....é§...ÌÌÌ
  00000000000059F0: 40 55 48 81 EC 20 02 00 00 48 8D AC 24 20 01 00  @UH.ì ...H.¬$ ..
  0000000000005A00: 00 48 81 E5 00 FF FF FF 33 D2 48 8D 4D 00 41 B8  .H.å.ÿÿÿ3ÒH.M.A¸
  0000000000005A10: 88 00 00 00 E8 13 17 00 00 B9 03 05 00 00 C6 85  ....è....¹....Æ.
  0000000000005A20: 80 00 00 00 00 E8 5E 0F 00 00 D0 E8 48 8D 55 00  .....è^...ÐèH.U.
  0000000000005A30: 24 01 C6 85 82 00 00 00 01 B9 02 14 00 00 88 85  $.Æ......¹......
  0000000000005A40: 81 00 00 00 E8 4B 0F 00 00 48 81 C4 20 02 00 00  ....èK...H.Ä ...
  0000000000005A50: 5D C3 CC CC 48 8B C4 48 89 58 08 48 89 70 10 48  ]ÃÌÌH.ÄH.X.H.p.H
  0000000000005A60: 89 78 18 55 41 54 41 55 41 56 41 57 48 81 EC A0  .x.UATAUAVAWH.ì.
  0000000000005A70: 01 00 00 48 8D A8 68 FF FF FF 48 81 E5 00 FF FF  ...H.¨hÿÿÿH.å.ÿÿ
  0000000000005A80: FF 4C 8B E9 48 8B F2 48 8D 0D 02 C6 FF FF 45 32  ÿL.éH.òH...ÆÿÿE2
  0000000000005A90: E4 45 32 FF E8 5F 0E 00 00 33 C9 B8 11 47 00 00  äE2ÿè_...3É¸.G..
  0000000000005AA0: 0F A2 B9 8B 00 00 00 89 45 28 89 5D 2C E8 D6 0E  .¢¹.....E(.],èÖ.
  0000000000005AB0: 00 00 BB A0 01 00 00 48 89 45 00 8B CB 4C 8B F0  ..»....H.E..ËL.ð
  0000000000005AC0: E8 C3 0E 00 00 48 8B D0 48 89 45 28 48 0F BA F2  èÃ...H.ÐH.E(H.ºò
  0000000000005AD0: 16 8B CB E8 BC 0E 00 00 E8 2B 0F 00 00 48 8D 0D  ..Ëè¼...è+...H..
  0000000000005AE0: BC C5 FF FF 48 89 05 2D CC FF FF E8 08 0E 00 00  ¼ÅÿÿH..-Ìÿÿè....
  0000000000005AF0: 48 8B 0D 21 CC FF FF E8 38 0E 00 00 48 8D 0D B9  H..!Ìÿÿè8...H..¹
  0000000000005B00: C5 FF FF E8 F0 0D 00 00 49 8B 85 82 00 00 00 B9  Åÿÿèð...I......¹
  0000000000005B10: 00 14 00 00 48 89 05 6D CD FF FF E8 68 0E 00 00  ....H..mÍÿÿèh...
  0000000000005B20: B9 01 14 00 00 48 8B D8 E8 5B 0E 00 00 48 8D 0D  ¹....H.Øè[...H..
  0000000000005B30: 8C C5 FF FF 48 8B F8 E8 BC 0D 00 00 48 8B CB E8  .ÅÿÿH.øè¼...H.Ëè
  0000000000005B40: F0 0D 00 00 48 8D 0D 71 C5 FF FF E8 A8 0D 00 00  ð...H..qÅÿÿè¨...
  0000000000005B50: 48 8D 0D 81 C5 FF FF E8 9C 0D 00 00 48 8B CF E8  H...Åÿÿè....H.Ïè
  0000000000005B60: D0 0D 00 00 48 8D 0D 51 C5 FF FF E8 88 0D 00 00  Ð...H..QÅÿÿè....
  0000000000005B70: 48 0F BA E7 0B 72 1B 48 8D 0D 72 C5 FF FF E8 75  H.ºç.r.H..rÅÿÿèu
  0000000000005B80: 0D 00 00 48 BE 00 00 01 00 00 00 00 80 E9 BC 05  ...H¾........é¼.
  0000000000005B90: 00 00 48 C7 C0 00 00 00 FE 48 8D 4D 20 48 23 D8  ..HÇÀ...þH.M H#Ø
  0000000000005BA0: 48 8B D7 48 89 1D 8E CB FF FF 48 23 D0 33 DB 48  H.×H...ËÿÿH#Ð3ÛH
  0000000000005BB0: 89 1D 8A CB FF FF E8 F1 0D 00 00 44 8D 7B 01 85  ...Ëÿÿèñ...D.{..
  0000000000005BC0: C0 74 12 8B 55 20 41 8B CF E8 D2 0D 00 00 48 89  Àt..U A.ÏèÒ...H.
  0000000000005BD0: 05 6B CB FF FF 48 8D 0D 2C C5 FF FF E8 17 0D 00  .kËÿÿH..,Åÿÿè...
  0000000000005BE0: 00 48 8B 0D 58 CB FF FF E8 47 0D 00 00 48 8D 0D  .H..XËÿÿèG...H..
  0000000000005BF0: C8 C4 FF FF E8 FF 0C 00 00 48 8D 0D 18 C5 FF FF  ÈÄÿÿèÿ...H...Åÿÿ
  0000000000005C00: 48 0F BA F7 0B E8 EE 0C 00 00 48 8B CF E8 22 0D  H.º÷.èî...H.Ïè".
  0000000000005C10: 00 00 48 8D 0D A3 C4 FF FF E8 DA 0C 00 00 48 8B  ..H..£ÄÿÿèÚ...H.
  0000000000005C20: D7 B9 01 14 00 00 E8 69 0D 00 00 48 8B 05 0E CB  ×¹....èi...H...Ë
  0000000000005C30: FF FF 45 8B CF 48 8B 15 FC CA FF FF 48 05 00 F0  ÿÿE.ÏH..üÊÿÿH..ð
  0000000000005C40: FF FF 48 03 D0 89 5C 24 28 41 B8 00 10 00 00 89  ÿÿH.Ð.\$(A¸.....
  0000000000005C50: 5C 24 20 48 8B CE E8 19 F8 FF FF 48 8D 0D CE C4  \$ H.Îè.øÿÿH..ÎÄ
  0000000000005C60: FF FF 48 89 05 DF CA FF FF E8 8A 0C 00 00 48 8B  ÿÿH..ßÊÿÿè....H.
  0000000000005C70: 0D D3 CA FF FF E8 BA 0C 00 00 48 8D 0D 3B C4 FF  .ÓÊÿÿèº...H..;Äÿ
  0000000000005C80: FF E8 72 0C 00 00 48 8D 0D CB C4 FF FF E8 66 0C  ÿèr...H..ËÄÿÿèf.
  0000000000005C90: 00 00 48 8B 0D AF CA FF FF 48 8B 49 38 E8 92 0C  ..H..¯ÊÿÿH.I8è..
  0000000000005CA0: 00 00 48 8D 0D 13 C4 FF FF E8 4A 0C 00 00 48 8D  ..H...ÄÿÿèJ...H.
  0000000000005CB0: 0D DB C4 FF FF E8 3E 0C 00 00 48 8B 0D C7 CB FF  .ÛÄÿÿè>...H..ÇËÿ
  0000000000005CC0: FF 48 8B 49 08 E8 6A 0C 00 00 48 8D 0D EB C3 FF  ÿH.I.èj...H..ëÃÿ
  0000000000005CD0: FF E8 22 0C 00 00 48 8D 0D E3 C4 FF FF E8 16 0C  ÿè"...H..ãÄÿÿè..
  0000000000005CE0: 00 00 48 8B 0D 9F CB FF FF 48 8B 09 E8 43 0C 00  ..H...ËÿÿH..èC..
  0000000000005CF0: 00 48 8D 0D C4 C3 FF FF E8 FB 0B 00 00 48 8D 0D  .H..ÄÃÿÿèû...H..
  0000000000005D00: EC C4 FF FF E8 EF 0B 00 00 48 8B 0D 78 CB FF FF  ìÄÿÿèï...H..xËÿÿ
  0000000000005D10: 48 8B 49 10 E8 1B 0C 00 00 48 8D 0D 9C C3 FF FF  H.I.è....H...Ãÿÿ
  0000000000005D20: E8 D3 0B 00 00 48 83 3D 1B CA FF FF FF 75 1B 48  èÓ...H.=.Êÿÿÿu.H
  0000000000005D30: 8D 0D EA C4 FF FF E8 BD 0B 00 00 48 BE 02 00 01  ..êÄÿÿè½...H¾...
  0000000000005D40: 00 00 00 00 80 E9 04 04 00 00 4C 8B 05 EF C9 FF  .....é....L..ïÉÿ
  0000000000005D50: FF 49 81 F8 00 00 00 40 76 24 48 8D 0D FF C4 FF  ÿI.ø...@v$H..ÿÄÿ
  0000000000005D60: FF E8 92 0B 00 00 48 8B 0D D3 C9 FF FF E8 C2 0B  ÿè....H..ÓÉÿÿèÂ.
  0000000000005D70: 00 00 48 8D 0D 43 C3 FF FF E9 00 FE FF FF 48 8B  ..H..CÃÿÿé.þÿÿH.
  0000000000005D80: 15 B3 C9 FF FF 45 8B CF 44 89 7C 24 28 48 8B CE  .³ÉÿÿE.ÏD.|$(H.Î
  0000000000005D90: 44 89 7C 24 20 E8 DA F6 FF FF 48 89 05 5F C9 FF  D.|$ èÚöÿÿH.._Éÿ
  0000000000005DA0: FF 48 8B C8 48 83 F8 FF 75 09 48 8D 0D C7 C4 FF  ÿH.ÈH.øÿu.H..ÇÄÿ
  0000000000005DB0: FF EB 83 48 03 0D 86 C9 FF FF 48 8B 1D 87 C9 FF  ÿë.H...ÉÿÿH...Éÿ
  0000000000005DC0: FF 48 89 0D 40 C9 FF FF 44 8B 43 0C 41 8D 40 FF  ÿH..@ÉÿÿD.C.A.@ÿ
  0000000000005DD0: 83 F8 07 0F 87 A4 06 00 00 41 8A D7 45 3B C7 76  .ø...¤...A.×E;Çv
  0000000000005DE0: 27 44 8B 4B 10 41 BA F0 FF FF FF 45 23 CA 0F B6  'D.K.AºðÿÿÿE#Ê.¶
  0000000000005DF0: C2 8B 4C 83 10 41 23 CA 44 3B C9 75 36 41 02 D7  Â.L..A#ÊD;Éu6A.×
  0000000000005E00: 0F B6 C2 41 3B C0 72 E6 33 F6 48 39 33 74 3F 48  .¶ÂA;Àræ3öH93t?H
  0000000000005E10: 8D 0D E2 C4 FF FF E8 DD 0A 00 00 48 8B 0D 26 C9  ..âÄÿÿèÝ...H..&É
  0000000000005E20: FF FF 48 8B 09 E8 0A 0B 00 00 48 8D 0D 8B C2 FF  ÿÿH..è....H...Âÿ
  0000000000005E30: FF EB 07 48 8D 0D 9E C4 FF FF E8 B9 0A 00 00 48  ÿë.H...Äÿÿè¹...H
  0000000000005E40: BE 01 00 01 00 00 00 00 80 E9 00 03 00 00 48 8D  ¾........é....H.
  0000000000005E50: 0D DB C4 FF FF E8 9E 0A 00 00 48 8B 0D E7 C8 FF  .ÛÄÿÿè....H..çÈÿ
  0000000000005E60: FF 45 33 C0 48 81 C1 00 08 00 00 41 8A D7 E8 69  ÿE3ÀH.Á....A.×èi
  0000000000005E70: 11 00 00 84 C0 74 1B 48 8D 0D CA C4 FF FF E8 75  ....Àt.H..ÊÄÿÿèu
  0000000000005E80: 0A 00 00 48 BE 02 00 00 00 00 00 00 80 E9 BC 02  ...H¾........é¼.
  0000000000005E90: 00 00 48 8B 05 AF C8 FF FF 45 8A E7 44 39 B8 64  ..H..¯ÈÿÿE.çD9¸d
  0000000000005EA0: 08 00 00 75 31 E8 B2 F7 FF FF 8B C8 48 8B 05 95  ...u1è²÷ÿÿ.ÈH...
  0000000000005EB0: C8 FF FF 39 88 60 08 00 00 74 1B 48 8D 0D AE C4  Èÿÿ9.`...t.H..®Ä
  0000000000005EC0: FF FF E8 31 0A 00 00 48 BE 01 00 00 00 00 00 00  ÿÿè1...H¾.......
  0000000000005ED0: 80 E9 78 02 00 00 48 8D 0D 23 C9 FF FF E8 FA FA  .éx...H..#Éÿÿèúú
  0000000000005EE0: FF FF 40 38 35 99 C9 FF FF 0F 85 82 05 00 00 40  ÿÿ@85.Éÿÿ......@
  0000000000005EF0: 38 35 8A C9 FF FF 0F 85 75 05 00 00 48 8D 4D 08  85.Éÿÿ..u...H.M.
  0000000000005F00: E8 1F 11 00 00 85 C0 75 1B 48 8D 0D A8 C4 FF FF  è.....Àu.H..¨Äÿÿ
  0000000000005F10: 48 BE 03 00 01 00 00 00 00 80 E8 D9 09 00 00 E9  H¾........èÙ...é
  0000000000005F20: 2A 02 00 00 0F B7 45 08 48 8D 0D 99 C4 FF FF 25  *....·E.H...Äÿÿ%
  0000000000005F30: FC 7F 00 00 48 C1 E0 20 48 89 05 D1 C7 FF FF E8  ü...HÁà H..ÑÇÿÿè
  0000000000005F40: B4 09 00 00 48 8B 0D C5 C7 FF FF E8 E4 09 00 00  ´...H..ÅÇÿÿèä...
  0000000000005F50: 48 8D 0D 65 C1 FF FF E8 9C 09 00 00 48 8B 05 E5  H..eÁÿÿè....H..å
  0000000000005F60: C7 FF FF 48 8B 35 D6 C7 FF FF 4C 8B 70 38 48 8B  ÇÿÿH.5ÖÇÿÿL.p8H.
  0000000000005F70: 05 13 C9 FF FF 49 2B F6 4C 8B 08 48 8B 50 18 48  ..ÉÿÿI+öL..H.P.H
  0000000000005F80: 8B 58 20 4C 8B 58 10 4C 8B 50 08 49 8D 89 00 10  .X L.X.L.P.I....
  0000000000005F90: 00 00 48 8B C1 48 C1 E8 1E 4C 8D 04 C5 FF 0F 00  ..H.ÁHÁè.L..Åÿ..
  0000000000005FA0: 00 48 8B C1 48 C1 E8 15 49 C1 E8 0C 48 C1 E9 0C  .H.ÁHÁè.IÁè.HÁé.
  0000000000005FB0: 48 8D 04 C5 FF 0F 00 00 48 C1 E8 0C 4C 03 C0 48  H..Åÿ...HÁè.L.ÀH
  0000000000005FC0: 8D 04 CD FF 0F 00 00 48 C1 E8 0C 4C 03 C0 49 8B  ..Íÿ...HÁè.L.ÀI.
  0000000000005FD0: C2 48 C1 E8 1E 48 8D 04 C5 FF 0F 00 00 48 C1 E8  ÂHÁè.H..Åÿ...HÁè
  0000000000005FE0: 0C 4C 03 C0 49 8B C2 48 C1 E8 15 48 8D 04 C5 FF  .L.ÀI.ÂHÁè.H..Åÿ
  0000000000005FF0: 0F 00 00 48 C1 E8 0C 4C 03 C0 49 8B C2 48 C1 E8  ...HÁè.L.ÀI.ÂHÁè
  0000000000006000: 0C 48 8D 04 C5 FF 0F 00 00 48 C1 E8 0C 4C 03 C0  .H..Åÿ...HÁè.L.À
  0000000000006010: 49 8B C3 48 C1 E8 1E 48 8D 04 C5 FF 0F 00 00 48  I.ÃHÁè.H..Åÿ...H
  0000000000006020: C1 E8 0C 4C 03 C0 49 8B C3 48 C1 E8 15 48 8D 04  Áè.L.ÀI.ÃHÁè.H..
  0000000000006030: C5 FF 0F 00 00 48 C1 E8 0C 4C 03 C0 49 8B C3 48  Åÿ...HÁè.L.ÀI.ÃH
  0000000000006040: C1 E8 0C 48 8D 04 C5 FF 0F 00 00 48 C1 E8 0C 4C  Áè.H..Åÿ...HÁè.L
  0000000000006050: 03 C0 48 8B C2 48 C1 E8 1E 48 8D 04 C5 FF 0F 00  .ÀH.ÂHÁè.H..Åÿ..
  0000000000006060: 00 48 C1 E8 0C 4C 03 C0 48 8B C2 48 C1 E8 15 48  .HÁè.L.ÀH.ÂHÁè.H
  0000000000006070: C1 EA 0C 48 8D 04 C5 FF 0F 00 00 48 C1 E8 0C 4C  Áê.H..Åÿ...HÁè.L
  0000000000006080: 03 C0 48 8D 04 D5 FF 0F 00 00 48 C1 E8 0C 4C 03  .ÀH..Õÿ...HÁè.L.
  0000000000006090: C0 48 8B C3 48 C1 E8 1E 48 8D 04 C5 FF 0F 00 00  ÀH.ÃHÁè.H..Åÿ...
  00000000000060A0: 48 C1 E8 0C 4C 03 C0 48 8B C3 48 C1 E8 15 48 C1  HÁè.L.ÀH.ÃHÁè.HÁ
  00000000000060B0: EB 0C 48 8D 04 C5 FF 0F 00 00 48 C1 E8 0C 4C 03  ë.H..Åÿ...HÁè.L.
  00000000000060C0: C0 48 8D 04 DD FF 0F 00 00 48 C1 E8 0C 4C 03 C0  ÀH..Ýÿ...HÁè.L.À
  00000000000060D0: 48 8B C6 48 C1 E8 1E 48 8D 04 C5 FF 0F 00 00 48  H.ÆHÁè.H..Åÿ...H
  00000000000060E0: C1 E8 0C 4C 03 C0 48 8B C6 48 C1 E8 15 48 C1 EE  Áè.L.ÀH.ÆHÁè.HÁî
  00000000000060F0: 0C 48 8D 04 C5 FF 0F 00 00 48 C1 E8 0C 48 8D 0C  .H..Åÿ...HÁè.H..
  0000000000006100: F5 FF 0F 00 00 4C 03 C0 48 C1 E9 0C 48 83 C1 02  õÿ...L.ÀHÁé.H.Á.
  0000000000006110: 49 8D 82 00 40 00 00 49 03 C1 49 03 C8 48 C1 E1  I...@..I.ÁI.ÈHÁá
  0000000000006120: 0C 49 03 C3 48 03 C1 48 89 4D 38 4C 3B F0 0F 83  .I.ÃH.ÁH.M8L;ð..
  0000000000006130: AE 00 00 00 48 8D 0D 9D C2 FF FF E8 B8 07 00 00  ®...H...Âÿÿè¸...
  0000000000006140: 48 BE 02 00 01 00 00 00 00 80 4C 8B 75 00 48 8B  H¾........L.u.H.
  0000000000006150: 55 28 B9 A0 01 00 00 49 89 75 66 E8 34 08 00 00  U(¹....I.ufè4...
  0000000000006160: 45 84 FF 74 26 45 84 E4 74 0F 48 8B 05 D7 C5 FF  E.ÿt&E.ät.H..×Åÿ
  0000000000006170: FF 48 83 A0 00 08 00 00 00 48 0F BA EF 0B B9 01  ÿH.......H.ºï.¹.
  0000000000006180: 14 00 00 48 8B D7 E8 09 08 00 00 49 8B D6 B9 8B  ...H.×è....I.Ö¹.
  0000000000006190: 00 00 00 E8 FC 07 00 00 48 8D 0D 29 C4 FF FF E8  ...èü...H..)Äÿÿè
  00000000000061A0: 54 07 00 00 48 8B CE E8 88 07 00 00 48 8D 0D 09  T...H.Îè....H...
  00000000000061B0: BF FF FF E8 40 07 00 00 B8 11 47 00 00 33 C9 0F  ¿ÿÿè@...¸.G..3É.
  00000000000061C0: A2 4C 8D 9C 24 A0 01 00 00 49 8B 5B 30 49 8B 73  ¢L..$....I.[0I.s
  00000000000061D0: 38 49 8B 7B 40 49 8B E3 41 5F 41 5E 41 5D 41 5C  8I.{@I.ãA_A^A]A\
  00000000000061E0: 5D C3 48 8D 0D 0F C2 FF FF E8 0A 07 00 00 48 8B  ]ÃH...Âÿÿè....H.
  00000000000061F0: 0D 0B C5 FF FF E8 3A 07 00 00 48 8D 0D BB BE FF  ..Åÿÿè:...H..»¾ÿ
  0000000000006200: FF E8 F2 06 00 00 48 8D 0D FB C1 FF FF E8 E6 06  ÿèò...H..ûÁÿÿèæ.
  0000000000006210: 00 00 48 8B 0D 27 C5 FF FF E8 16 07 00 00 48 8D  ..H..'Åÿÿè....H.
  0000000000006220: 0D 97 BE FF FF E8 CE 06 00 00 48 8B 05 17 C5 FF  ..¾ÿÿèÎ...H...Åÿ
  0000000000006230: FF 48 8B 1D 00 C5 FF FF 48 8B 48 30 48 8B 05 FD  ÿH...ÅÿÿH.H0H..ý
  0000000000006240: C4 FF FF 48 8D 93 00 F0 FF FF 48 2B C1 48 2B CB  ÄÿÿH...ðÿÿH+ÁH+Ë
  0000000000006250: 48 03 0D A9 C4 FF FF 48 03 D0 E8 09 F7 FF FF 48  H..©ÄÿÿH.Ðè.÷ÿÿH
  0000000000006260: 8B 05 9A C4 FF FF BA 00 08 00 00 48 8B 0D CE C4  ...Äÿÿº....H..ÎÄ
  0000000000006270: FF FF 48 05 00 F8 FF FF 48 03 C8 E8 E8 F6 FF FF  ÿÿH..øÿÿH.Èèèöÿÿ
  0000000000006280: 48 8D 0D 91 C1 FF FF E8 6C 06 00 00 33 C9 41 BE  H...Áÿÿèl...3ÉA¾
  0000000000006290: 11 47 00 00 41 8B C6 0F A2 41 8B 55 76 49 8B 4D  .G..A.Æ.¢A.UvI.M
  00000000000062A0: 7A E8 E6 F3 FF FF 48 8B F0 48 85 C0 74 11 48 8D  zèæóÿÿH.ðH.Àt.H.
  00000000000062B0: 0D 7B C1 FF FF E8 3E 06 00 00 E9 8B FE FF FF 48  .{Áÿÿè>...é.þÿÿH
  00000000000062C0: 8B 45 38 4C 8B 0D 76 C4 FF FF 4C 8B 05 67 C4 FF  .E8L..vÄÿÿL..gÄÿ
  00000000000062D0: FF 48 8B 15 28 C4 FF FF 48 89 44 24 28 48 8B 05  ÿH..(ÄÿÿH.D$(H..
  00000000000062E0: 64 C4 FF FF 48 8B 48 30 48 89 4C 24 20 48 8D 4D  dÄÿÿH.H0H.L$ H.M
  00000000000062F0: 40 E8 42 0A 00 00 48 8B 15 13 C4 FF FF 48 B8 00  @èB...H...ÄÿÿH¸.
  0000000000006300: 00 00 00 00 80 FF FF 48 8B 0D FA C3 FF FF 48 0B  .....ÿÿH..úÃÿÿH.
  0000000000006310: D0 48 8B 05 70 C5 FF FF 48 2B 48 08 48 81 E9 00  ÐH..pÅÿÿH+H.H.é.
  0000000000006320: 10 00 00 E8 10 0D 00 00 48 8B F0 48 85 C0 74 0C  ...è....H.ðH.Àt.
  0000000000006330: 48 8D 0D 19 C1 FF FF E9 79 FF FF FF 48 8D 0D 2D  H...ÁÿÿéyÿÿÿH..-
  0000000000006340: C1 FF FF E8 B0 05 00 00 41 8B 55 76 48 8D 4D 40  Áÿÿè°...A.UvH.M@
  0000000000006350: E8 5F F3 FF FF 48 8B F0 48 85 C0 74 0C 48 8D 0D  è_óÿÿH.ðH.Àt.H..
  0000000000006360: 24 C1 FF FF E9 4C FF FF FF 48 8D 0D 38 C1 FF FF  $ÁÿÿéLÿÿÿH..8Áÿÿ
  0000000000006370: E8 83 05 00 00 48 8D 4D 40 E8 02 03 00 00 48 8B  è....H.M@è....H.
  0000000000006380: F0 48 85 C0 74 0C 48 8D 0D 2B C1 FF FF E9 23 FF  ðH.Àt.H..+Áÿÿé#ÿ
  0000000000006390: FF FF 48 8D 0D 37 C1 FF FF E8 5A 05 00 00 48 8D  ÿÿH..7ÁÿÿèZ...H.
  00000000000063A0: 4D 40 E8 E1 01 00 00 48 8B F0 48 85 C0 74 0C 48  M@èá...H.ðH.Àt.H
  00000000000063B0: 8D 0D 2A C1 FF FF E9 FA FE FF FF 48 8D 0D 3E C1  ..*ÁÿÿéúþÿÿH..>Á
  00000000000063C0: FF FF E8 31 05 00 00 48 8D 4D 40 E8 E4 00 00 00  ÿÿè1...H.M@èä...
  00000000000063D0: 48 8B F0 48 85 C0 74 0C 48 8D 0D 39 C1 FF FF E9  H.ðH.Àt.H..9Áÿÿé
  00000000000063E0: D1 FE FF FF 48 8D 0D 4D C1 FF FF E8 08 05 00 00  ÑþÿÿH..MÁÿÿè....
  00000000000063F0: 48 8D 4D 40 E8 FF F4 FF FF 48 8B F0 48 85 C0 0F  H.M@èÿôÿÿH.ðH.À.
  0000000000006400: 85 45 FD FF FF 48 8D 0D 44 C1 FF FF E8 E7 04 00  .EýÿÿH..DÁÿÿèç..
  0000000000006410: 00 48 8D 4D 40 E8 5A F3 FF FF 48 8B F0 48 85 C0  .H.M@èZóÿÿH.ðH.À
  0000000000006420: 74 0C 48 8D 0D 3F C1 FF FF E9 87 FE FF FF 48 8D  t.H..?Áÿÿé.þÿÿH.
  0000000000006430: 0D 53 C1 FF FF E8 BE 04 00 00 E8 3D 03 00 00 48  .SÁÿÿè¾...è=...H
  0000000000006440: 8D 0D 5A C1 FF FF E8 AD 04 00 00 48 8B 4D 48 E8  ..ZÁÿÿè­...H.MHè
  0000000000006450: D4 05 00 00 48 8D 0D 55 C1 FF FF E8 98 04 00 00  Ô...H..UÁÿÿè....
  0000000000006460: 41 8B C6 33 C9 0F A2 E8 84 F5 FF FF E9 D9 FC FF  A.Æ3É.¢è.õÿÿéÙüÿ
  0000000000006470: FF 48 8D 0D 10 BF FF FF E9 45 FA FF FF 48 8D 0D  ÿH...¿ÿÿéEúÿÿH..
  0000000000006480: 34 BE FF FF E8 6F 04 00 00 48 8B 05 B8 C2 FF FF  4¾ÿÿèo...H..¸Âÿÿ
  0000000000006490: 8B 48 0C E8 9C 04 00 00 48 8D 0D 1D BC FF FF E8  .H.è....H...¼ÿÿè
  00000000000064A0: 54 04 00 00 48 BE 00 00 00 00 00 00 00 80 E9 9B  T...H¾........é.
  00000000000064B0: FC FF FF CC 48 89 5C 24 08 48 89 6C 24 10 48 89  üÿÿÌH.\$.H.l$.H.
  00000000000064C0: 74 24 18 57 48 83 EC 30 48 8B 1D 41 C2 FF FF 48  t$.WH.ì0H..AÂÿÿH
  00000000000064D0: B8 00 00 00 00 03 80 FF FF 48 8B 15 60 C2 FF FF  ¸......ÿÿH..`Âÿÿ
  00000000000064E0: 48 0B D8 48 8B 05 9E C3 FF FF 33 FF 48 8B 35 45  H.ØH...Ãÿÿ3ÿH.5E
  00000000000064F0: C2 FF FF 48 8B E9 48 81 C6 00 E0 FF FF 48 2B 50  ÂÿÿH.éH.Æ.àÿÿH+P
  0000000000006500: 08 48 2B 50 10 48 2B 10 48 03 F2 48 F7 40 10 00  .H+P.H+.H.òH÷@..
  0000000000006510: F0 FF FF 76 4D C6 44 24 28 00 49 B9 63 00 00 00  ðÿÿvMÆD$(.I¹c...
  0000000000006520: 00 00 00 80 83 64 24 20 00 4C 8B C6 48 8B D3 48  .....d$ .L.ÆH.ÓH
  0000000000006530: 8B CD E8 61 09 00 00 48 85 C0 74 3D 48 8B 05 45  .Íèa...H.Àt=H..E
  0000000000006540: C3 FF FF FF C7 48 81 C3 00 10 00 00 48 81 C6 00  ÃÿÿÿÇH.Ã....H.Æ.
  0000000000006550: 10 00 00 48 8B 48 10 48 C1 E9 0C 8B C7 48 3B C1  ...H.H.HÁé..ÇH;Á
  0000000000006560: 72 B3 33 C0 48 8B 5C 24 40 48 8B 6C 24 48 48 8B  r³3ÀH.\$@H.l$HH.
  0000000000006570: 74 24 50 48 83 C4 30 5F C3 48 B8 02 00 01 00 00  t$PH.Ä0_ÃH¸.....
  0000000000006580: 00 00 80 EB DF CC CC CC 48 89 5C 24 08 48 89 6C  ...ëßÌÌÌH.\$.H.l
  0000000000006590: 24 10 48 89 74 24 18 57 41 56 41 57 48 83 EC 30  $.H.t$.WAVAWH.ì0
  00000000000065A0: 48 8B 1D 69 C1 FF FF 48 B8 00 00 00 00 02 80 FF  H..iÁÿÿH¸......ÿ
  00000000000065B0: FF 48 8B F3 49 83 CE FF 48 0B F0 33 ED 48 B8 00  ÿH.óI.ÎÿH.ð3íH¸.
  00000000000065C0: 00 00 00 01 00 00 00 4C 8B F9 48 0B D8 48 8B 05  .......L.ùH.ØH..
  00000000000065D0: B4 C2 FF FF 48 F7 40 18 00 F0 FF FF 76 78 C6 44  ´ÂÿÿH÷@..ðÿÿvxÆD
  00000000000065E0: 24 28 01 45 33 C9 83 64 24 20 00 45 33 C0 48 8B  $(.E3É.d$ .E3ÀH.
  00000000000065F0: D6 49 8B CF E8 9F 08 00 00 48 8B F8 48 85 C0 74  ÖI.Ïè....H.øH.Àt
  0000000000006600: 70 49 3B C6 74 31 C6 44 24 28 00 49 B9 67 00 00  pI;Æt1ÆD$(.I¹g..
  0000000000006610: 00 00 00 00 80 83 64 24 20 00 4C 8B C0 48 8B D3  ......d$ .L.ÀH.Ó
  0000000000006620: 49 8B CF E8 70 08 00 00 48 85 C0 74 44 4C 8B F7  I.Ïèp...H.ÀtDL.÷
  0000000000006630: 48 81 C3 00 10 00 00 48 8B 05 4A C2 FF FF FF C5  H.Ã....H..JÂÿÿÿÅ
  0000000000006640: 48 81 C6 00 10 00 00 48 8B 48 18 48 C1 E9 0C 8B  H.Æ....H.H.HÁé..
  0000000000006650: C5 48 3B C1 72 88 33 C0 48 8B 5C 24 50 48 8B 6C  ÅH;Ár.3ÀH.\$PH.l
  0000000000006660: 24 58 48 8B 74 24 60 48 83 C4 30 41 5F 41 5E 5F  $XH.t$`H.Ä0A_A^_
  0000000000006670: C3 48 B8 02 00 01 00 00 00 00 80 EB DB CC CC CC  ÃH¸........ëÛÌÌÌ
  0000000000006680: 48 89 5C 24 08 48 89 6C 24 10 48 89 74 24 18 57  H.\$.H.l$.H.t$.W
  0000000000006690: 48 83 EC 30 4C 8B 05 ED C1 FF FF 48 B8 00 00 00  H.ì0L..íÁÿÿH¸...
  00000000000066A0: 00 01 80 FF FF 48 8B 15 94 C0 FF FF 33 F6 48 8B  ...ÿÿH...Àÿÿ3öH.
  00000000000066B0: 3D 83 C0 FF FF 48 8B E9 48 8B 1D 51 C0 FF FF 48  =.ÀÿÿH.éH..QÀÿÿH
  00000000000066C0: 81 C7 00 E0 FF FF 49 2B 50 08 48 0B D8 49 2B 10  .Ç.àÿÿI+P.H.ØI+.
  00000000000066D0: 48 03 FA 41 F7 00 00 F0 FF FF 76 47 C6 44 24 28  H.úA÷..ðÿÿvGÆD$(
  00000000000066E0: 00 49 B9 63 00 00 00 00 00 00 80 83 64 24 20 00  .I¹c........d$ .
  00000000000066F0: 4C 8B C7 48 8B D3 48 8B CD E8 9A 07 00 00 48 85  L.ÇH.ÓH.Íè....H.
  0000000000006700: C0 74 6D 48 8B 05 7E C1 FF FF 48 81 C3 00 10 00  ÀtmH..~ÁÿÿH.Ã...
  0000000000006710: 00 48 81 C7 00 10 00 00 FF C6 8B 08 C1 E9 0C 3B  .H.Ç....ÿÆ..Áé.;
  0000000000006720: F1 72 B9 C6 44 24 28 00 49 B9 61 00 00 00 00 00  ñr¹ÆD$(.I¹a.....
  0000000000006730: 00 80 83 64 24 20 00 4C 8B C7 48 8B D3 48 8B CD  ...d$ .L.ÇH.ÓH.Í
  0000000000006740: E8 53 07 00 00 48 F7 D8 48 B9 02 00 01 00 00 00  èS...H÷ØH¹......
  0000000000006750: 00 80 48 1B C0 48 F7 D0 48 23 C1 48 8B 5C 24 40  ..H.ÀH÷ÐH#ÁH.\$@
  0000000000006760: 48 8B 6C 24 48 48 8B 74 24 50 48 83 C4 30 5F C3  H.l$HH.t$PH.Ä0_Ã
  0000000000006770: 48 B8 02 00 01 00 00 00 00 80 EB DF 48 83 EC 28  H¸........ëßH.ì(
  0000000000006780: 48 8B 0D 89 BF FF FF 48 B8 00 00 00 00 00 80 FF  H...¿ÿÿH¸......ÿ
  0000000000006790: FF 48 0B C8 48 8B 05 AD BF FF FF 48 89 88 08 08  ÿH.ÈH..­¿ÿÿH....
  00000000000067A0: 00 00 48 8B 05 DF C0 FF FF 48 8B 48 08 48 8B 05  ..H..ßÀÿÿH.H.H..
  00000000000067B0: 94 BF FF FF 48 89 88 10 08 00 00 48 B8 00 00 00  .¿ÿÿH......H¸...
  00000000000067C0: 00 03 80 FF FF 48 8B 0D 44 BF FF FF 48 0B C8 48  ...ÿÿH..D¿ÿÿH.ÈH
  00000000000067D0: 8B 05 72 BF FF FF 48 89 88 18 08 00 00 48 8B 05  ..r¿ÿÿH......H..
  00000000000067E0: A4 C0 FF FF 48 8B 48 10 48 8B 05 59 BF FF FF 48  ¤ÀÿÿH.H.H..Y¿ÿÿH
  00000000000067F0: 89 88 20 08 00 00 48 B8 00 00 00 00 01 80 FF FF  .. ...H¸......ÿÿ
  0000000000006800: 48 8B 0D 09 BF FF FF 48 0B C8 48 8B 05 37 BF FF  H...¿ÿÿH.ÈH..7¿ÿ
  0000000000006810: FF 48 89 88 28 08 00 00 48 8B 05 69 C0 FF FF 48  ÿH..(...H..iÀÿÿH
  0000000000006820: 8B 08 48 8B 05 1F BF FF FF 48 81 C1 00 10 00 00  ..H...¿ÿÿH.Á....
  0000000000006830: 48 89 88 30 08 00 00 48 B8 00 00 00 00 02 80 FF  H..0...H¸......ÿ
  0000000000006840: FF 48 8B 0D C8 BE FF FF 48 0B C8 48 8B 05 F6 BE  ÿH..È¾ÿÿH.ÈH..ö¾
  0000000000006850: FF FF 48 89 88 38 08 00 00 48 8B 05 28 C0 FF FF  ÿÿH..8...H..(Àÿÿ
  0000000000006860: 48 8B 48 18 48 8B 05 DD BE FF FF 48 89 88 40 08  H.H.H..Ý¾ÿÿH..@.
  0000000000006870: 00 00 48 B8 00 00 00 00 01 00 00 00 48 8B 0D 8D  ..H¸........H...
  0000000000006880: BE FF FF 48 0B C8 48 8B 05 BB BE FF FF 48 89 88  ¾ÿÿH.ÈH..»¾ÿÿH..
  0000000000006890: 48 08 00 00 48 8B 05 ED BF FF FF 48 8B 48 20 48  H...H..í¿ÿÿH.H H
  00000000000068A0: 8B 05 A2 BE FF FF 48 89 88 50 08 00 00 48 B8 00  ..¢¾ÿÿH..P...H¸.
  00000000000068B0: 00 00 00 02 00 00 00 48 8B 0D 52 BE FF FF 48 0B  .......H..R¾ÿÿH.
  00000000000068C0: C8 48 8B 05 80 BE FF FF 48 89 88 58 08 00 00 E8  ÈH...¾ÿÿH..X...è
  00000000000068D0: 88 ED FF FF 48 8B 0D 6D BE FF FF 89 81 60 08 00  .íÿÿH..m¾ÿÿ..`..
  00000000000068E0: 00 48 8B 05 60 BE FF FF C7 80 64 08 00 00 01 00  .H..`¾ÿÿÇ.d.....
  00000000000068F0: 00 00 48 83 C4 28 C3 CC 80 39 00 74 34 41 B9 FD  ..H.Ä(ÃÌ.9.t4A¹ý
  0000000000006900: 03 00 00 45 8D 41 FB 41 8B D1 EC A8 20 74 F8 80  ...E.AûA.Ñì¨ tø.
  0000000000006910: 39 0A 75 0E 41 8B D0 B0 0D EE 41 8B D1 EC A8 20  9.u.A.Ð°.îA.Ñì¨ 
  0000000000006920: 74 F8 0F B6 01 41 8B D0 48 FF C1 EE 80 39 00 75  tø.¶.A.ÐHÿÁî.9.u
  0000000000006930: D6 C3 CC CC BA 0F 00 00 00 4C 8D 0D D0 DF FF FF  ÖÃÌÌº....L..Ðßÿÿ
  0000000000006940: 48 8B C1 4C 8D 05 B6 DF FF FF 83 E0 0F 48 C1 E9  H.ÁL..¶ßÿÿ.à.HÁé
  0000000000006950: 04 42 8A 04 00 42 88 04 0A 48 FF CA 48 83 FA FF  .B...B...HÿÊH.úÿ
  0000000000006960: 7F DE 49 8B C9 C6 05 B4 DF FF FF 00 E9 87 FF FF  .ÞI.ÉÆ.´ßÿÿ.é.ÿÿ
  0000000000006970: FF CC CC CC 48 0F C7 F8 48 89 01 B9 01 00 00 00  ÿÌÌÌH.ÇøH..¹....
  0000000000006980: 8D 41 FF 0F 42 C1 C3 CC 0F 32 48 C1 E2 20 48 0B  .Aÿ.BÁÃÌ.2HÁâ H.
  0000000000006990: C2 C3 CC CC 48 8B C2 48 C1 EA 20 0F 30 C3 CC CC  ÂÃÌÌH.ÂHÁê .0ÃÌÌ
  00000000000069A0: 48 8B C1 8B CA 48 D3 E0 C3 CC CC CC 48 85 D2 75  H.Á.ÊHÓàÃÌÌÌH.Òu
  00000000000069B0: 03 33 C0 C3 85 D2 74 07 0F BC C2 89 01 EB 10 48  .3ÀÃ.Òt..¼Â..ë.H
  00000000000069C0: C1 EA 20 85 D2 74 08 0F BC C2 89 01 83 01 20 B8  Áê .Òt..¼Â.... ¸
  00000000000069D0: 01 00 00 00 C3 CC CC CC 40 53 48 83 EC 10 33 C9  ....ÃÌÌÌ@SH.ì.3É
  00000000000069E0: B8 00 00 00 80 0F A2 3D 08 00 00 80 72 0B B8 08  ¸.....¢=....r.¸.
  00000000000069F0: 00 00 80 33 C9 0F A2 EB 05 B8 24 00 00 00 0F B6  ...3É.¢ë.¸$....¶
  0000000000006A00: C0 48 83 C4 10 5B C3 CC 48 83 EC 28 E8 C7 FF FF  ÀH.Ä.[ÃÌH.ì(èÇÿÿ
  0000000000006A10: FF 8B D0 B9 01 00 00 00 E8 83 FF FF FF 48 FF C8  ÿ.Ð¹....è.ÿÿÿHÿÈ
  0000000000006A20: 48 83 C4 28 C3 CC CC CC 48 89 5C 24 18 55 56 57  H.Ä(ÃÌÌÌH.\$.UVW
  0000000000006A30: 41 54 41 55 41 56 41 57 48 83 EC 20 48 8B 05 05  ATAUAVAWH.ì H...
  0000000000006A40: BD FF FF 48 8B E9 B9 80 04 00 00 48 8B 40 30 48  ½ÿÿH.é¹....H.@0H
  0000000000006A50: 2B 05 E2 BC FF FF 48 89 44 24 60 48 8B 05 9E BC  +.â¼ÿÿH.D$`H...¼
  0000000000006A60: FF FF 48 89 44 24 68 E8 1C FF FF FF B9 8D 04 00  ÿÿH.D$hè.ÿÿÿ¹...
  0000000000006A70: 00 48 8B D8 E8 0F FF FF FF B9 8E 04 00 00 4C 8B  .H.Øè.ÿÿÿ¹....L.
  0000000000006A80: E8 E8 02 FF FF FF B9 8F 04 00 00 4C 8B E0 E8 F5  èè.ÿÿÿ¹....L.àèõ
  0000000000006A90: FE FF FF B9 90 04 00 00 4C 8B F0 E8 E8 FE FF FF  þÿÿ¹....L.ðèèþÿÿ
  0000000000006AA0: B9 86 04 00 00 4C 8B F8 E8 DB FE FF FF B9 87 04  ¹....L.øèÛþÿÿ¹..
  0000000000006AB0: 00 00 48 8B F8 E8 CE FE FF FF 48 8B F0 B9 88 04  ..H.øèÎþÿÿH.ð¹..
  0000000000006AC0: 00 00 48 23 F7 E8 BE FE FF FF B9 89 04 00 00 48  ..H#÷è¾þÿÿ¹....H
  0000000000006AD0: 8B F8 E8 B1 FE FF FF 48 8B 4C 24 60 48 23 C7 48  .øè±þÿÿH.L$`H#ÇH
  0000000000006AE0: 8B 7C 24 68 48 0D A8 26 B5 00 48 BA 00 00 00 00  .|$hH.¨&µ.Hº....
  0000000000006AF0: 00 00 00 10 48 89 84 39 38 13 00 00 B8 20 00 00  ....H..98...¸ ..
  0000000000006B00: 00 48 89 94 39 D8 11 00 00 BA 31 00 01 80 48 0B  .H..9Ø...º1...H.
  0000000000006B10: F2 66 89 84 39 CC 10 00 00 48 89 B4 39 28 13 00  òf..9Ì...H.´9(..
  0000000000006B20: 00 48 B8 06 06 06 06 06 06 06 00 48 8B F1 48 89  .H¸........H.ñH.
  0000000000006B30: 84 39 10 13 00 00 48 89 AC 39 30 13 00 00 C7 84  .9....H.¬90...Ç.
  0000000000006B40: 39 C2 10 00 00 08 00 10 00 C7 84 39 C8 10 00 00  9Â.......Ç.9È...
  0000000000006B50: 18 00 18 00 48 C7 84 39 58 14 00 00 15 00 00 00  ....HÇ.9X.......
  0000000000006B60: 48 C7 84 39 18 13 00 00 00 0D 00 00 B9 8F 04 00  HÇ.9........¹...
  0000000000006B70: 00 E8 12 FE FF FF 48 C1 E8 20 41 81 CE 04 12 3C  .è.þÿÿHÁè A.Î..<
  0000000000006B80: 57 41 23 C6 B9 90 04 00 00 89 84 3E 5C 11 00 00  WA#Æ¹......>\...
  0000000000006B90: E8 F3 FD FF FF 48 C1 E8 20 41 81 CF 04 E0 7E 00  èóýÿÿHÁè A.Ï.à~.
  0000000000006BA0: 41 23 C7 44 89 AC 3E 28 11 00 00 89 84 3E B8 12  A#ÇD.¬>(.....>¸.
  0000000000006BB0: 00 00 48 B8 00 00 00 00 00 80 FF FF 44 89 A4 3E  ..H¸......ÿÿD.¤>
  0000000000006BC0: 20 11 00 00 48 8B 0D 45 BB FF FF 48 0B C8 48 8B   ...H..E»ÿÿH.ÈH.
  0000000000006BD0: 05 B3 BC FF FF 48 03 48 28 48 89 8C 3E 08 13 00  .³¼ÿÿH.H(H..>...
  0000000000006BE0: 00 48 B9 00 00 FF FF 03 80 FF FF 48 8B 05 1E BB  .H¹..ÿÿ..ÿÿH...»
  0000000000006BF0: FF FF 48 0B C1 48 89 84 3E 50 13 00 00 48 B8 00  ÿÿH.ÁH..>P...H¸.
  0000000000006C00: 00 00 00 01 80 FF FF 4C 8B 0D 02 BB FF FF 4D 8B  .....ÿÿL...»ÿÿM.
  0000000000006C10: C1 4C 0B C0 48 8B 05 6D BC FF FF 48 8B 08 48 B8  ÁL.ÀH..m¼ÿÿH..H¸
  0000000000006C20: 00 00 00 00 03 80 FF FF 4C 0B C8 4C 89 8C 3E 58  ......ÿÿL.ÈL..>X
  0000000000006C30: 13 00 00 48 8D 91 F8 0F 00 00 49 03 D0 48 8D 41  ...H..ø...I.ÐH.A
  0000000000006C40: F8 49 03 C0 48 89 94 3E 60 14 00 00 0F BA F3 1F  øI.ÀH..>`....ºó.
  0000000000006C50: 48 89 84 3E 00 13 00 00 89 9C 3E 00 10 00 00 48  H..>......>....H
  0000000000006C60: 8B 5C 24 70 48 83 C4 20 41 5F 41 5E 41 5D 41 5C  .\$pH.Ä A_A^A]A\
  0000000000006C70: 5F 5E 5D C3 4C 8B C9 41 83 F8 08 72 1F 45 8B D0  _^]ÃL.ÉA.ø.r.E.Ð
  0000000000006C80: 49 C1 EA 03 48 8B 02 41 83 C0 F8 49 89 01 48 83  IÁê.H..A.ÀøI..H.
  0000000000006C90: C2 08 49 83 C1 08 49 83 EA 01 75 E8 45 85 C0 74  Â.I.Á.I.ê.uèE.Àt
  0000000000006CA0: 13 49 2B D1 42 8A 04 0A 41 88 01 49 FF C1 41 83  .I+ÑB...A..IÿÁA.
  0000000000006CB0: C0 FF 75 F0 48 8B C1 C3 45 33 D2 49 3B D1 72 6A  ÀÿuðH.ÁÃE3ÒI;Ñrj
  0000000000006CC0: 49 8D 42 FE 49 2B C1 48 3B C8 77 5E 49 8D 41 FF  I.BþI+ÁH;Èw^I.Aÿ
  0000000000006CD0: 49 03 C0 49 3B C0 72 52 48 3B C8 77 0C 49 8D 41  I.ÀI;ÀrRH;Èw.I.A
  0000000000006CE0: FF 48 03 C1 49 3B C0 73 41 49 83 F9 08 72 22 49  ÿH.ÁI;ÀsAI.ù.r"I
  0000000000006CF0: 8B D1 48 C1 EA 03 48 6B C2 F8 4C 03 C8 49 8B 00  .ÑHÁê.HkÂøL.ÈI..
  0000000000006D00: 49 83 C0 08 48 89 01 48 83 C1 08 48 83 EA 01 75  I.À.H..H.Á.H.ê.u
  0000000000006D10: EC 4D 85 C9 74 1E 4C 2B C1 41 8A 04 08 88 01 48  ìM.Ét.L+ÁA.....H
  0000000000006D20: FF C1 49 83 E9 01 75 F1 EB 0A 49 BA 00 00 00 00  ÿÁI.é.uñë.Iº....
  0000000000006D30: 00 00 00 80 49 8B C2 C3 48 8B C4 48 89 58 08 48  ....I.ÂÃH.ÄH.X.H
  0000000000006D40: 89 68 10 48 89 70 18 48 89 78 20 41 56 48 83 EC  .h.H.p.H.x AVH.ì
  0000000000006D50: 20 4C 8B F1 49 8B D9 48 8D 0D CA DB FF FF 49 8B   L.ñI.ÙH..ÊÛÿÿI.
  0000000000006D60: F8 48 8B F2 E8 8F FB FF FF 48 8D 0D D0 DB FF FF  øH.òè.ûÿÿH..ÐÛÿÿ
  0000000000006D70: E8 83 FB FF FF 48 8B CF E8 B7 FB FF FF 48 8D 2D  è.ûÿÿH.Ïè·ûÿÿH.-
  0000000000006D80: 38 B3 FF FF 48 8B CD E8 6C FB FF FF 48 8D 0D BD  8³ÿÿH.ÍèlûÿÿH..½
  0000000000006D90: DB FF FF E8 60 FB FF FF 48 8B CB E8 94 FB FF FF  Ûÿÿè`ûÿÿH.Ëè.ûÿÿ
  0000000000006DA0: 48 8B CD E8 50 FB FF FF 48 8B 4C 24 50 48 2B F7  H.ÍèPûÿÿH.L$PH+÷
  0000000000006DB0: 49 C7 46 18 04 00 00 00 49 89 76 20 48 8D 81 00  IÇF.....I.v H...
  0000000000006DC0: 20 00 00 48 03 C6 49 89 06 48 8D 81 00 20 00 00   ..H.ÆI..H... ..
  0000000000006DD0: 49 89 46 08 48 8D 0D 85 DB FF FF 48 05 00 10 00  I.F.H...ÛÿÿH....
  0000000000006DE0: 00 49 89 46 10 48 8B 44 24 58 49 89 46 28 E8 05  .I.F.H.D$XI.F(è.
  0000000000006DF0: FB FF FF 49 8B 0E E8 39 FB FF FF 48 8B CD E8 F5  ûÿÿI..è9ûÿÿH.Íèõ
  0000000000006E00: FA FF FF 48 8D 0D 76 DB FF FF E8 E9 FA FF FF 49  úÿÿH..vÛÿÿèéúÿÿI
  0000000000006E10: 8B 4E 08 E8 1C FB FF FF 48 8B CD E8 D8 FA FF FF  .N.è.ûÿÿH.ÍèØúÿÿ
  0000000000006E20: 48 8D 0D 79 DB FF FF E8 CC FA FF FF 49 8B 4E 10  H..yÛÿÿèÌúÿÿI.N.
  0000000000006E30: E8 FF FA FF FF 48 8B CD E8 BB FA FF FF 48 8D 0D  èÿúÿÿH.Íè»úÿÿH..
  0000000000006E40: 7C DB FF FF E8 AF FA FF FF 49 8B 4E 28 E8 E2 FA  |Ûÿÿè¯úÿÿI.N(èâú
  0000000000006E50: FF FF 48 8B CD E8 9E FA FF FF 48 8D 0D 87 DB FF  ÿÿH.Íè.úÿÿH...Ûÿ
  0000000000006E60: FF E8 92 FA FF FF 49 8B 4E 20 E8 C5 FA FF FF 48  ÿè.úÿÿI.N èÅúÿÿH
  0000000000006E70: 8B CD E8 81 FA FF FF 48 8B 5C 24 30 49 8B C6 48  .Íè.úÿÿH.\$0I.ÆH
  0000000000006E80: 8B 6C 24 38 48 8B 74 24 40 48 8B 7C 24 48 48 83  .l$8H.t$@H.|$HH.
  0000000000006E90: C4 20 41 5E C3 CC CC CC 48 8B C4 48 89 58 08 48  Ä A^ÃÌÌÌH.ÄH.X.H
  0000000000006EA0: 89 68 10 48 89 70 18 48 89 78 20 41 56 41 57 48  .h.H.p.H.x AVAWH
  0000000000006EB0: 8B 41 18 4C 8B DA 33 D2 49 8B D8 83 7C 24 38 01  .A.L.Ú3ÒI.Ø.|$8.
  0000000000006EC0: 4C 8B D1 8D 6A 0C 75 0B 48 FF C8 8D 6A 15 49 0F  L.Ñ.j.u.HÿÈ.j.I.
  0000000000006ED0: BA E9 07 4C 8B 01 4C 8D 78 FF 33 FF 4D 85 FF 0F  ºé.L..L.xÿ3ÿM.ÿ.
  0000000000006EE0: 84 C3 00 00 00 45 33 F6 41 8A 4A 18 49 8B D3 80  .Ã...E3öA.J.I.Ó.
  0000000000006EF0: C1 FF 8A C1 C0 E0 03 02 C8 41 2A CE 83 C1 0C 48  Áÿ.ÁÀà..ÈA*Î.Á.H
  0000000000006F00: D3 EA 81 E2 FF 01 00 00 8B F2 49 83 3C D0 00 75  Óê.âÿ....òI.<Ð.u
  0000000000006F10: 6D 48 8B 05 70 B9 FF FF 48 8B 0D 21 B8 FF FF 49  mH..p¹ÿÿH..!¸ÿÿI
  0000000000006F20: 8B 52 10 48 2B 48 10 48 2B 48 08 48 2B 08 48 8B  .R.H+H.H+H.H+.H.
  0000000000006F30: 05 03 B8 FF FF 48 05 00 E0 FF FF 48 03 C8 48 3B  ..¸ÿÿH..àÿÿH.ÈH;
  0000000000006F40: D1 0F 83 90 00 00 00 48 83 CA 27 80 7C 24 40 00  Ñ......H.Ê'.|$@.
  0000000000006F50: 49 89 14 F0 74 20 49 8B 4A 18 8B C7 48 2B C8 48  I..ðt I.J..ÇH+ÈH
  0000000000006F60: 83 F9 02 75 11 48 B8 00 00 00 00 00 00 00 80 48  .ù.u.H¸........H
  0000000000006F70: 0B D0 49 89 14 F0 49 81 42 10 00 10 00 00 48 8B  .ÐI..ðI.B.....H.
  0000000000006F80: 15 93 B7 FF FF FF C7 49 23 14 F0 41 83 C6 09 4D  ..·ÿÿÿÇI#.ðA.Æ.M
  0000000000006F90: 8B 42 20 48 81 E2 00 F0 FF FF 4C 03 C2 8B C7 49  .B H.â.ðÿÿL.Â.ÇI
  0000000000006FA0: 3B C7 0F 82 40 FF FF FF 49 0B D9 8B CD 49 D3 EB  ;Ç..@ÿÿÿI.Ù.ÍIÓë
  0000000000006FB0: 48 8B C2 41 81 E3 FF 01 00 00 4B 89 1C D8 48 8B  H.ÂA.ãÿ...K..ØH.
  0000000000006FC0: 5C 24 18 48 8B 6C 24 20 48 8B 74 24 28 48 8B 7C  \$.H.l$ H.t$(H.|
  0000000000006FD0: 24 30 41 5F 41 5E C3 33 C0 EB E3 CC 41 8A C0 F0  $0A_A^Ã3ÀëãÌA.Àð
  0000000000006FE0: 0F B0 11 C3 40 53 48 83 EC 10 44 8B D1 8B C1 8B  .°.Ã@SH.ì.D.Ñ.Á.
  0000000000006FF0: CA 0F A2 4D 85 C0 74 03 41 89 00 4D 85 C9 74 03  Ê.¢M.Àt.A..M.Ét.
  0000000000007000: 41 89 19 48 8B 44 24 40 48 85 C0 74 02 89 08 48  A..H.D$@H.Àt...H
  0000000000007010: 8B 44 24 48 48 85 C0 74 02 89 10 41 8B C2 48 83  .D$HH.Àt...A.ÂH.
  0000000000007020: C4 10 5B C3 66 0F C7 F8 66 89 01 B9 01 00 00 00  Ä.[Ãf.Çøf..¹....
  0000000000007030: 8D 41 FF 0F 42 C1 C3 CC 48 89 5C 24 08 48 89 6C  .Aÿ.BÁÃÌH.\$.H.l
  0000000000007040: 24 10 48 89 74 24 18 57 48 83 EC 20 33 ED 48 8B  $.H.t$.WH.ì 3íH.
  0000000000007050: F2 66 3B 69 3C 44 8B C5 8B FD 48 8B D9 73 34 0F  òf;i<D.Å.ýH.Ùs4.
  0000000000007060: B7 53 3A 8B C7 48 0F AF D0 48 03 53 28 48 03 D3  ·S:.ÇH.¯ÐH.S(H.Ó
  0000000000007070: 83 7A 04 04 75 13 4C 8B C6 48 8B CB E8 2B 00 00  .z..u.L.ÆH.Ëè+..
  0000000000007080: 00 4C 8B C0 48 85 C0 75 0D 0F B7 4B 3C FF C7 3B  .L.ÀH.Àu..·K<ÿÇ;
  0000000000007090: F9 EB CA 49 8B C0 48 8B 5C 24 30 48 8B 6C 24 38  ùëÊI.ÀH.\$0H.l$8
  00000000000070A0: 48 8B 74 24 40 48 83 C4 20 5F C3 CC 40 53 48 83  H.t$@H.Ä _ÃÌ@SH.
  00000000000070B0: EC 20 4C 8B 4A 38 45 33 D2 4C 8B DA 48 8B D9 4D  ì L.J8E3ÒL.ÚH.ÙM
  00000000000070C0: 85 C9 75 0C 48 B8 00 00 00 00 00 00 00 80 EB 45  .Éu.H¸........ëE
  00000000000070D0: 49 8B 43 20 33 D2 49 F7 F1 48 85 C0 74 35 4D 0F  I.C 3ÒI÷ñH.Àt5M.
  00000000000070E0: AF CA 4D 03 4B 10 49 83 7C 19 08 08 75 2D 49 8B  ¯ÊM.K.I.|...u-I.
  00000000000070F0: 04 19 33 D2 49 8B 4C 19 10 49 FF C2 49 03 C8 48  ..3ÒI.L..IÿÂI.ÈH
  0000000000007100: 89 0C 03 4D 8B 4B 38 49 8B 43 20 49 F7 F1 4C 3B  ...M.K8I.C I÷ñL;
  0000000000007110: D0 72 CB 33 C0 48 83 C4 20 5B C3 48 8D 0D E6 D8  ÐrË3ÀH.Ä [ÃH..æØ
  0000000000007120: FF FF E8 D1 F7 FF FF EB 9B CC CC CC 48 8B C4 53  ÿÿèÑ÷ÿÿë.ÌÌÌH.ÄS
  0000000000007130: 48 83 EC 20 88 50 10 48 8B D9 88 50 11 88 50 12  H.ì .P.H.Ù.P..P.
  0000000000007140: 88 50 13 8B 50 10 E8 49 00 00 00 48 8B C3 48 83  .P..P.èI...H.ÃH.
  0000000000007150: C4 20 5B C3 89 54 24 10 57 48 83 EC 20 41 8B C0  Ä [Ã.T$.WH.ì A.À
  0000000000007160: 4C 8B D1 C1 E8 02 85 C0 74 11 44 8B C8 48 8B F9  L.ÑÁè..Àt.D.ÈH.ù
  0000000000007170: 8B C2 41 8B C9 F3 AB 4F 8D 14 8A 41 83 E0 03 76  .ÂA.Éó«O...A.à.v
  0000000000007180: 0D 48 8D 54 24 38 49 8B CA E8 E6 FA FF FF 48 83  .H.T$8I.ÊèæúÿÿH.
  0000000000007190: C4 20 5F C3 E9 BB FF FF FF                       Ä _Ãé»ÿÿÿ

SECTION HEADER #4
  .pdata name
     150 virtual size
    8000 virtual address (0000000000008000 to 000000000000814F)
     200 size of raw data
    5400 file pointer to raw data (00005400 to 000055FF)
       0 file pointer to relocation table
       0 file pointer to line numbers
       0 number of relocations
       0 number of line numbers
40000040 flags
         Initialized Data
         Read Only

RAW DATA #4
  0000000000008000: BC 51 00 00 67 52 00 00 B4 91 00 00 68 52 00 00  ¼Q..gR..´...hR..
  0000000000008010: ED 52 00 00 B4 91 00 00 F0 52 00 00 DD 53 00 00  íR..´...ðR..ÝS..
  0000000000008020: C0 91 00 00 74 54 00 00 C9 55 00 00 CC 91 00 00  À...tT..ÉU..Ì...
  0000000000008030: F8 55 00 00 2E 56 00 00 04 93 00 00 30 56 00 00  øU...V......0V..
  0000000000008040: 3B 56 00 00 E4 91 00 00 3C 56 00 00 5C 56 00 00  ;V..ä...<V..\V..
  0000000000008050: E4 91 00 00 5C 56 00 00 8B 56 00 00 04 92 00 00  ä...\V...V......
  0000000000008060: B4 56 00 00 72 57 00 00 0C 92 00 00 74 57 00 00  ´V..rW......tW..
  0000000000008070: F7 58 00 00 58 92 00 00 F8 58 00 00 66 59 00 00  ÷X..X...øX..fY..
  0000000000008080: 50 92 00 00 68 59 00 00 DC 59 00 00 EC 91 00 00  P...hY..ÜY..ì...
  0000000000008090: F0 59 00 00 52 5A 00 00 74 92 00 00 54 5A 00 00  ðY..RZ..t...TZ..
  00000000000080A0: B3 64 00 00 80 92 00 00 B4 64 00 00 85 65 00 00  ³d......´d...e..
  00000000000080B0: 3C 92 00 00 88 65 00 00 7D 66 00 00 24 92 00 00  <....e..}f..$...
  00000000000080C0: 80 66 00 00 7C 67 00 00 3C 92 00 00 7C 67 00 00  .f..|g..<...|g..
  00000000000080D0: F7 68 00 00 E4 91 00 00 D8 69 00 00 07 6A 00 00  ÷h..ä...Øi...j..
  00000000000080E0: A0 92 00 00 08 6A 00 00 25 6A 00 00 E4 91 00 00  .....j..%j..ä...
  00000000000080F0: 28 6A 00 00 74 6C 00 00 A8 92 00 00 38 6D 00 00  (j..tl..¨...8m..
  0000000000008100: 95 6E 00 00 D8 92 00 00 98 6E 00 00 DB 6F 00 00  .n..Ø....n..Ûo..
  0000000000008110: C0 92 00 00 E4 6F 00 00 24 70 00 00 A0 92 00 00  À...äo..$p......
  0000000000008120: 38 70 00 00 AB 70 00 00 F0 92 00 00 AC 70 00 00  8p..«p..ð...¬p..
  0000000000008130: 29 71 00 00 04 93 00 00 2C 71 00 00 54 71 00 00  )q......,q..Tq..
  0000000000008140: 0C 93 00 00 54 71 00 00 94 71 00 00 14 93 00 00  ....Tq...q......

Function Table (28)

           Begin    End      Info      Function Name

  00000000 000051BC 00005267 000091B4
  0000000C 00005268 000052ED 000091B4
  00000018 000052F0 000053DD 000091C0  Target64
  00000024 00005474 000055C9 000091CC  MapPhysicalRange
  00000030 000055F8 0000562E 00009304  __security_cookie_rdrand
  0000003C 00005630 0000563B 000091E4  __security_deadloop
  00000048 0000563C 0000565C 000091E4  __security_init_cookie
  00000054 0000565C 0000568B 00009204
  00000060 000056B4 00005772 0000920C  MapModulePages
  0000006C 00005774 000058F7 00009258  MapModuleRegion
  00000078 000058F8 00005966 00009250  MapSysInfoTables
  00000084 00005968 000059DC 000091EC  MemZeroWithMovdir64B
  00000090 000059F0 00005A52 00009274  RecordSeamIdentity
  0000009C 00005A54 000064B3 00009280  SeamldrAcm
  000000A8 000064B4 00006585 0000923C  SetupDataRegion
  000000B4 00006588 0000667D 00009224  SetupKeyholeMapping
  000000C0 00006680 0000677C 0000923C  SetupStacks
  000000CC 0000677C 000068F7 000091E4  SetupSysInfoTable
  000000D8 000069D8 00006A07 000092A0  GetMaxPhyAddr
  000000E4 00006A08 00006A25 000091E4  GetPhyAddrMask
  000000F0 00006A28 00006C74 000092A8  SetupVmcs
  000000FC 00006D38 00006E95 000092D8  InitPseamldrPtCtx
  00000108 00006E98 00006FDB 000092C0  MapPage
  00000114 00006FE4 00007024 000092A0  CpuidEx
  00000120 00007038 000070AB 000092F0  RelocateImage
  0000012C 000070AC 00007129 00009304  RelocateSection
  00000138 0000712C 00007154 0000930C  memset
  00000144 00007154 00007194 00009314

SECTION HEADER #5
.comment name
     31C virtual size
    9000 virtual address (0000000000009000 to 000000000000931B)
     400 size of raw data
    5600 file pointer to raw data (00005600 to 000059FF)
       0 file pointer to relocation table
       0 file pointer to line numbers
       0 number of relocations
       0 number of line numbers
40000040 flags
         Initialized Data
         Read Only

RAW DATA #5
  0000000000009000: 00 00 00 00 F9 79 F6 68 00 00 00 00 02 00 00 00  ....ùyöh........
  0000000000009010: B9 00 00 00 54 90 00 00 54 56 00 00 00 00 00 00  ¹...T...TV......
  0000000000009020: F9 79 F6 68 00 00 00 00 0C 00 00 00 14 00 00 00  ùyöh............
  0000000000009030: 10 91 00 00 10 57 00 00 00 00 00 00 F9 79 F6 68  .....W......ùyöh
  0000000000009040: 00 00 00 00 0D 00 00 00 90 00 00 00 24 91 00 00  ............$...
  0000000000009050: 24 57 00 00 52 53 44 53 26 DD 02 98 26 04 B9 4A  $W..RSDS&Ý..&.¹J
  0000000000009060: AB F9 DF 0B 4F 05 30 F4 01 00 00 00 43 3A 5C 55  «ùß.O.0ô....C:\U
  0000000000009070: 73 65 72 73 5C 6A 77 68 75 72 5C 44 6F 77 6E 6C  sers\jwhur\Downl
  0000000000009080: 6F 61 64 73 5C 73 65 61 6D 2D 6C 6F 61 64 65 72  oads\seam-loader
  0000000000009090: 5C 73 65 61 6D 2D 6C 6F 61 64 65 72 2D 6D 61 69  \seam-loader-mai
  00000000000090A0: 6E 2D 31 2E 35 5C 6E 70 2D 73 65 61 6D 2D 6C 6F  n-1.5\np-seam-lo
  00000000000090B0: 61 64 65 72 5C 73 65 61 6D 6C 64 72 5F 73 72 63  ader\seamldr_src
  00000000000090C0: 5C 50 72 6F 6A 65 63 74 73 5C 53 65 72 76 65 72  \Projects\Server
  00000000000090D0: 5C 45 6D 72 5C 53 65 61 6D 6C 64 72 5C 6F 75 74  \Emr\Seamldr\out
  00000000000090E0: 70 75 74 5C 45 4E 47 5F 54 52 5F 4F 31 5C 45 4D  put\ENG_TR_O1\EM
  00000000000090F0: 52 5F 4E 50 5F 53 45 41 4D 4C 44 52 36 34 5F 45  R_NP_SEAMLDR64_E
  0000000000009100: 4E 47 5F 54 52 5F 4F 31 2E 70 64 62 00 00 00 00  NG_TR_O1.pdb....
  0000000000009110: 00 00 00 00 18 00 00 00 00 00 00 00 00 00 00 00  ................
  0000000000009120: 00 00 00 00 00 00 00 00 00 10 00 00 01 00 00 00  ................
  0000000000009130: 2E 64 61 74 61 00 00 00 00 20 00 00 22 2A 00 00  .data.... .."*..
  0000000000009140: 45 44 41 54 41 33 32 00 00 50 00 00 BC 01 00 00  EDATA32..P..¼...
  0000000000009150: 2E 74 65 78 74 00 00 00 BC 51 00 00 DD 1F 00 00  .text...¼Q..Ý...
  0000000000009160: 2E 74 65 78 74 24 6D 6E 00 00 00 00 00 80 00 00  .text$mn........
  0000000000009170: 50 01 00 00 2E 70 64 61 74 61 00 00 00 90 00 00  P....pdata......
  0000000000009180: 54 00 00 00 2E 72 64 61 74 61 00 00 54 90 00 00  T....rdata..T...
  0000000000009190: 60 01 00 00 2E 72 64 61 74 61 24 7A 7A 7A 64 62  `....rdata$zzzdb
  00000000000091A0: 67 00 00 00 B4 91 00 00 68 01 00 00 2E 78 64 61  g...´...h....xda
  00000000000091B0: 74 61 00 00 01 0A 04 00 0A 34 08 00 0A 52 06 70  ta.......4...R.p
  00000000000091C0: 01 0A 04 00 0A 34 06 00 0A 32 06 70 01 18 0A 00  .....4...2.p....
  00000000000091D0: 18 64 0A 00 18 54 09 00 18 34 08 00 18 32 14 F0  .d...T...4...2.ð
  00000000000091E0: 12 E0 10 70 01 04 01 00 04 42 00 00 01 1F 09 00  .à.p.....B......
  00000000000091F0: 17 74 18 00 17 64 17 00 17 34 16 00 17 01 14 00  .t...d...4......
  0000000000009200: 10 50 00 00 01 04 01 00 04 62 00 00 01 19 0A 00  .P.......b......
  0000000000009210: 19 74 0B 00 19 64 0A 00 19 54 09 00 19 34 08 00  .t...d...T...4..
  0000000000009220: 19 52 15 E0 01 18 0A 00 18 64 0C 00 18 54 0B 00  .R.à.....d...T..
  0000000000009230: 18 34 0A 00 18 52 14 F0 12 E0 10 70 01 14 08 00  .4...R.ð.à.p....
  0000000000009240: 14 64 0A 00 14 54 09 00 14 34 08 00 14 52 10 70  .d...T...4...R.p
  0000000000009250: 01 06 02 00 06 52 02 30 01 1D 0C 00 1D 74 0D 00  .....R.0.....t..
  0000000000009260: 1D 64 0C 00 1D 54 0B 00 1D 34 0A 00 1D 52 19 F0  .d...T...4...R.ð
  0000000000009270: 17 E0 15 D0 01 18 03 00 09 01 44 00 02 50 00 00  .à.Ð......D..P..
  0000000000009280: 01 2D 0D 00 1F 74 3C 00 1F 64 3B 00 1F 34 3A 00  .-...t<..d;..4:.
  0000000000009290: 1F 01 34 00 18 F0 16 E0 14 D0 12 C0 10 50 00 00  ..4..ð.à.Ð.À.P..
  00000000000092A0: 01 06 02 00 06 12 02 30 01 14 0A 00 14 34 0E 00  .......0.....4..
  00000000000092B0: 14 32 10 F0 0E E0 0C D0 0A C0 08 70 07 60 06 50  .2.ð.à.Ð.À.p.`.P
  00000000000092C0: 01 17 0A 00 17 74 06 00 17 64 05 00 17 54 04 00  .....t...d...T..
  00000000000092D0: 17 34 03 00 17 F0 15 E0 01 19 0A 00 19 74 09 00  .4...ð.à.....t..
  00000000000092E0: 19 64 08 00 19 54 07 00 19 34 06 00 19 32 15 E0  .d...T...4...2.à
  00000000000092F0: 01 14 08 00 14 64 08 00 14 54 07 00 14 34 06 00  .....d...T...4..
  0000000000009300: 14 32 10 70 01 06 02 00 06 32 02 30 01 08 02 00  .2.p.....2.0....
  0000000000009310: 08 32 04 30 01 09 02 00 09 32 05 70              .2.0.....2.p

  Debug Directories

        Time Type        Size      RVA  Pointer
    -------- ------- -------- -------- --------
    68F679F9 cv            B9 00009054     5654    Format: RSDS, {9802DD26-0426-4AB9-ABF9-DF0B4F0530F4}, 1, C:\Users\jwhur\Downloads\seam-loader\seam-loader-main-1.5\np-seam-loader\seamldr_src\Projects\Server\Emr\Seamldr\output\ENG_TR_O1\EMR_NP_SEAMLDR64_ENG_TR_O1.pdb
    68F679F9 feat          14 00009110     5710    Counts: Pre-VC++ 11.00=0, C/C++=24, /GS=0, /sdl=0, guardN=0
    68F679F9 coffgrp       90 00009124     5724

SECTION HEADER #6
  .reloc name
       C virtual size
    A000 virtual address (000000000000A000 to 000000000000A00B)
     200 size of raw data
    5A00 file pointer to raw data (00005A00 to 00005BFF)
       0 file pointer to relocation table
       0 file pointer to line numbers
       0 number of relocations
       0 number of line numbers
42000040 flags
         Initialized Data
         Discardable
         Read Only

RAW DATA #6
  000000000000A000: 00 50 00 00 0C 00 00 00 69 A0 00 00              .P......i...

BASE RELOCATIONS #6
    5000 RVA,        C SizeOfBlock
      69  DIR64      0000000000005074
       0  ABS                        

  Summary

        1000 .comment
        1000 .data
        1000 .pdata
        1000 .reloc
        3000 .text
        3000 EDATA32
